Player,Team,Confederation,Club 1,Club 2,Club 3,Club 4,Club 5,Club 6,Club 7,Club 8,Club 9,Club 10,Club 11,Club 12,Club 13,Club 14,Club 15,Club 16,Club 17,Club 18
Matěj Kovář,Czech Republic,UEFA,Manchester_United_F.C.,Swindon_Town_F.C.,Burton_Albion_F.C.,AC_Sparta_Prague,Bayer_04_Leverkusen,PSV_Eindhoven
David Zima,Czech Republic,UEFA,SK_Sigma_Olomouc,SK_Slavia_Prague,Torino_F.C.
Tomáš Holeš,Czech Republic,UEFA,FC_Hradec_Kr%C3%A1lov%C3%A9,FK_Jablonec,SK_Slavia_Prague
Robin Hranáč,Czech Republic,UEFA,FC_Viktoria_Plze%C5%88,MFK_Tatran_Liptovsk%C3%BD_Mikul%C3%A1%C5%A1,FK_Pardubice,TSG_1899_Hoffenheim
Vladimír Coufal,Czech Republic,UEFA,FC_Hlu%C4%8D%C3%ADn,SFC_Opava,FC_Slovan_Liberec,SK_Slavia_Praha,West_Ham_United_F.C.,TSG_1899_Hoffenheim
Štěpán Chaloupek,Czech Republic,UEFA,FK_Teplice,SK_Slavia_Prague,SK_Slavia_Prague_B
Ladislav Krejčí,Czech Republic,UEFA,FC_Zbrojovka_Brno,AC_Sparta_Prague,Girona_FC,Wolverhampton_Wanderers_F.C.
Vladimír Darida,Czech Republic,UEFA,FC_Viktoria_Plze%C5%88,FK_Ban%C3%ADk_Sokolov,SC_Freiburg,Hertha_BSC,Aris_Thessaloniki_F.C.,FC_Hradec_Kr%C3%A1lov%C3%A9
Adam Hložek,Czech Republic,UEFA,AC_Sparta_Prague,Bayer_04_Leverkusen,TSG_1899_Hoffenheim
Patrik Schick,Czech Republic,UEFA,AC_Sparta_Prague,Bohemians_1905,UC_Sampdoria,AS_Roma,RB_Leipzig,Bayer_04_Leverkusen
Jan Kuchta,Czech Republic,UEFA,SK_Slavia_Prague,Bohemians_1905,FK_Viktoria_%C5%BDi%C5%BEkov,1._FC_Slov%C3%A1cko,FK_Teplice,FC_Slovan_Liberec,FC_Lokomotiv_Moscow,AC_Sparta_Prague,FC_Midtjylland
Lukáš Červ,Czech Republic,UEFA,SK_Slavia_Prague,FC_Vyso%C4%8Dina_Jihlava,FK_Pardubice,FC_Slovan_Liberec,FC_Viktoria_Plze%C5%88
Mojmír Chytil,Czech Republic,UEFA,SK_Sigma_Olomouc,FK_Pardubice,SK_Slavia_Prague
David Jurásek,Czech Republic,UEFA,FC_Zbrojovka_Brno,1._SK_Prost%C4%9Bjov,FK_Mlad%C3%A1_Boleslav,SK_Slavia_Prague,SK_Slavia_Prague_B,S.L._Benfica,TSG_1899_Hoffenheim,Be%C5%9Fikta%C5%9F_J.K.
Pavel Šulc,Czech Republic,UEFA,FC_Viktoria_Plze%C5%88,FC_Vyso%C4%8Dina_Jihlava,SFC_Opava,SK_Dynamo_%C4%8Cesk%C3%A9_Bud%C4%9Bjovice,FK_Jablonec,Olympique_Lyonnais
Jindřich Staněk,Czech Republic,UEFA,AC_Sparta_Prague,Everton_F.C.,Hyde_United_F.C.,SK_Dynamo_%C4%8Cesk%C3%A9_Bud%C4%9Bjovice,HFK_T%C5%99eb%C3%AD%C4%8D,FC_Viktoria_Plze%C5%88,SK_Slavia_Prague
Lukáš Provod,Czech Republic,UEFA,FC_Viktoria_Plze%C5%88,FK_Ban%C3%ADk_Sokolov,SK_Dynamo_%C4%8Cesk%C3%A9_Bud%C4%9Bjovice,SK_Slavia_Prague
Michal Sadílek,Czech Republic,UEFA,Jong_PSV,PSV_Eindhoven,FC_Slovan_Liberec,FC_Twente,SK_Slavia_Prague
Tomáš Chorý,Czech Republic,UEFA,SK_Sigma_Olomouc,FC_Viktoria_Plze%C5%88,S.V._Zulte_Waregem,SK_Slavia_Prague
Jaroslav Zelený,Czech Republic,UEFA,FC_Hradec_Kr%C3%A1lov%C3%A9,MFK_Karvin%C3%A1,FK_Jablonec,SK_Slavia_Prague,FK_Mlad%C3%A1_Boleslav,AC_Sparta_Prague
David Douděra,Czech Republic,UEFA,FK_Dukla_Prague,FK_Mlad%C3%A1_Boleslav,SK_Slavia_Prague
Tomáš Souček,Czech Republic,UEFA,SK_Slavia_Prague,FK_Viktoria_%C5%BDi%C5%BEkov,FC_Slovan_Liberec,West_Ham_United_F.C.
Lukáš Horníček,Czech Republic,UEFA,S.C._Braga_B,S.C._Braga
Alexandr Sojka,Czech Republic,UEFA,FC_Viktoria_Plze%C5%88,FC_Silon_T%C3%A1borsko,FC_Hradec_Kr%C3%A1lov%C3%A9
Hugo Sochůrek,Czech Republic,UEFA,AC_Sparta_Prague,AC_Sparta_Prague_B
Denis Višinský,Czech Republic,UEFA,SK_Slavia_Prague,FC_Sellier_%26_Bellot_Vla%C5%A1im,FC_Slovan_Liberec,FC_Viktoria_Plze%C5%88
Raúl Rangel,Mexico,CONCACAF,C.D._Tapat%C3%ADo,C.D._Guadalajara
Jorge Sánchez,Mexico,CONCACAF,Santos_Laguna,Club_Am%C3%A9rica,AFC_Ajax,FC_Porto,Cruz_Azul,PAOK_FC
César Montes,Mexico,CONCACAF,C.F._Monterrey,RCD_Espanyol,UD_Almer%C3%ADa,FC_Lokomotiv_Moscow
Edson Álvarez,Mexico,CONCACAF,Club_Am%C3%A9rica,AFC_Ajax,West_Ham_United_F.C.,Fenerbah%C3%A7e_S.K._(football)
Johan Vásquez,Mexico,CONCACAF,Cimarrones_de_Sonora,C.F._Monterrey,Pumas_UNAM,Genoa_CFC,US_Cremonese
Érik Lira,Mexico,CONCACAF,Club_Necaxa,Pumas_UNAM,Cruz_Azul
Luis Romo,Mexico,CONCACAF,Quer%C3%A9taro_F.C.,Quer%C3%A9taro_F.C._Premier,Cruz_Azul,C.F._Monterrey,C.D._Guadalajara
Álvaro Fidalgo,Mexico,CONCACAF,Real_Madrid_Castilla,CF_Rayo_Majadahonda,Real_Madrid_CF,CD_Castell%C3%B3n,Club_Am%C3%A9rica,Real_Betis
Raúl Jiménez,Mexico,CONCACAF,Club_Am%C3%A9rica,Atl%C3%A9tico_Madrid,S.L._Benfica,Wolverhampton_Wanderers_F.C.,Fulham_F.C.
Alexis Vega,Mexico,CONCACAF,Toluca_FC,C.D._Guadalajara
Santiago Giménez,Mexico,CONCACAF,Cruz_Azul,Feyenoord,AC_Milan
Carlos Acevedo,Mexico,CONCACAF,Santos_Laguna
Guillermo Ochoa,Mexico,CONCACAF,Tigres_UANL_Premier,Club_Am%C3%A9rica,San_Luis_F.C.,AC_Ajaccio,M%C3%A1laga_CF,Granada_CF,Standard_Li%C3%A8ge,US_Salernitana_1919,AVS_Futebol_SAD,AEL_Limassol
Armando González,Mexico,CONCACAF,C.D._Tapat%C3%ADo,C.D._Guadalajara
Israel Reyes,Mexico,CONCACAF,Atlas_F.C.,Club_Puebla,Club_Am%C3%A9rica
Julián Quiñones,Mexico,CONCACAF,Tigres_UANL,Venados_F.C.,Lobos_BUAP,Atlas_F.C.,Club_Am%C3%A9rica,Al_Qadsiah_FC
Orbelín Pineda,Mexico,CONCACAF,Quer%C3%A9taro_F.C.,C.D._Guadalajara,Cruz_Azul,RC_Celta_de_Vigo,AEK_Athens_F.C.
Obed Vargas,Mexico,CONCACAF,Tacoma_Defiance,Seattle_Sounders_FC,Atl%C3%A9tico_Madrid
Gilberto Mora,Mexico,CONCACAF,Club_Tijuana
Mateo Chávez,Mexico,CONCACAF,C.D._Tapat%C3%ADo,C.D._Guadalajara,AZ_Alkmaar
César Huerta,Mexico,CONCACAF,C.D._Guadalajara,Atl%C3%A9tico_Zacatepec,Monarcas_Morelia,Mazatl%C3%A1n_F.C.,C.D._Tapat%C3%ADo,Pumas_UNAM,RSC_Anderlecht
Guillermo Martínez,Mexico,CONCACAF,C.F._Pachuca,Lobos_BUAP,Coras_de_Nayarit_F.C.,C.D._Guadalajara,Mineros_de_Zacatecas,Cafetaleros_de_Chiapas,Celaya_F.C.,Club_Puebla,Pumas_UNAM
Jesús Gallardo,Mexico,CONCACAF,Pumas_UNAM,C.F._Monterrey,Toluca_FC
Luis Chávez,Mexico,CONCACAF,Club_Tijuana,C.F._Pachuca,FC_Dynamo_Moscow
Roberto Alvarado,Mexico,CONCACAF,Celaya_F.C.,C.F._Pachuca,Club_Necaxa,Cruz_Azul,C.D._Guadalajara
Brian Gutiérrez,Mexico,CONCACAF,Chicago_Fire_FC,C.D._Guadalajara
Ronwen Williams,South Africa,CAF,SuperSport_United_F.C.,Mamelodi_Sundowns
Thabang Matuludi,South Africa,CAF,Polokwane_City_F.C.
Khulumani Ndamane,South Africa,CAF,TS_Galaxy_F.C.,Mamelodi_Sundowns_F.C.
Teboho Mokoena,South Africa,CAF,SuperSport_United_F.C.,Mamelodi_Sundowns_F.C.
Thalente Mbatha,South Africa,CAF,Highlands_Park_F.C.,SuperSport_United_F.C.,Orlando_Pirates_F.C.
Aubrey Modiba,South Africa,CAF,Mpumalanga_Black_Aces_F.C.,Cape_Town_City_F.C._(2016),SuperSport_United_F.C.,Mamelodi_Sundowns_F.C.
Oswin Appollis,South Africa,CAF,SuperSport_United_F.C.,University_of_Pretoria_F.C.,Pretoria_Callies_F.C.,Polokwane_City_F.C.,Orlando_Pirates_F.C.
Tshepang Moremi,South Africa,CAF,Bizana_Pondo_Chiefs_F.C.,AmaZulu_F.C.,JDR_Stars_F.C.,Orlando_Pirates_F.C.
Lyle Foster,South Africa,CAF,Orlando_Pirates,AS_Monaco_FC,Cercle_Brugge,Vit%C3%B3ria_S.C.,Vit%C3%B3ria_S.C._B,K.V.C._Westerlo,Burnley_F.C.
Relebohile Mofokeng,South Africa,CAF,Orlando_Pirates_F.C.
Themba Zwane,South Africa,CAF,Mamelodi_Sundowns_F.C.,Mpumalanga_Black_Aces_F.C.
Thapelo Maseko,South Africa,CAF,SuperSport_United_F.C.,Mamelodi_Sundowns_F.C.,AEL_Limassol
Sphephelo Sithole,South Africa,CAF,B-SAD,C.D._Tondela,Gil_Vicente_F.C.
Mbekezeli Mbokazi,South Africa,CAF,Orlando_Pirates_F.C.,Chicago_Fire_FC
Iqraam Rayners,South Africa,CAF,Santos_F.C._(South_Africa),Stellenbosch_F.C.,SuperSport_United_F.C.,Mamelodi_Sundowns
Sipho Chaine,South Africa,CAF,Bloemfontein_Celtic_F.C.,Royal_AM_F.C.,Chippa_United_F.C.,Orlando_Pirates_F.C.
Evidence Makgopa,South Africa,CAF,Baroka_F.C.,Orlando_Pirates_F.C.
Samukele Kabini,South Africa,CAF,TS_Galaxy_F.C.,Molde_FK
Nkosinathi Sibisi,South Africa,CAF,Lamontville_Golden_Arrows_F.C.,Orlando_Pirates_F.C.
Khuliso Mudau,South Africa,CAF,JDR_Stars_F.C.,Magesi_F.C.,Black_Leopards_F.C.,Mamelodi_Sundowns_F.C.
Ime Okon,South Africa,CAF,SuperSport_United_F.C.,Hannover_96
Ricardo Goss,South Africa,CAF,Lamontville_Golden_Arrows_F.C.,Real_Kings_F.C.,Bidvest_Wits_F.C.,Mamelodi_Sundowns_F.C.,SuperSport_United_F.C.
Jayden Adams,South Africa,CAF,Stellenbosch_F.C.,Mamelodi_Sundowns_F.C.
Olwethu Makhanya,South Africa,CAF,Stellenbosch_F.C.,Philadelphia_Union,Philadelphia_Union_II
Kamogelo Sebelebele,South Africa,CAF,TS_Galaxy_F.C.,Orlando_Pirates
Bradley Cross,South Africa,CAF,Newcastle_United_F.C.,Maritzburg_United_F.C.,Lamontville_Golden_Arrows_F.C.,Kaizer_Chiefs_F.C.
Kim Seung-gyu,South Korea,AFC,Ulsan_Hyundai_FC,Vissel_Kobe,Kashiwa_Reysol,Al_Shabab_FC_(Riyadh),FC_Tokyo
Lee Han-beom,South Korea,AFC,FC_Seoul,FC_Midtjylland
Lee Gi-hyuk,South Korea,AFC,Suwon_FC,Jeju_United_FC,Gangwon_FC
Kim Min-jae,South Korea,AFC,Gyeongju_Korea_Hydro_%26_Nuclear_Power_FC,Jeonbuk_Hyundai_Motors,Beijing_Guoan_F.C.,Fenerbah%C3%A7e_S.K._(football),SSC_Napoli,FC_Bayern_Munich
Kim Tae-hyeon,South Korea,AFC,Ulsan_Hyundai_FC,Daejeon_Citizen_FC,Seoul_E-Land_FC,Vegalta_Sendai,Sagan_Tosu,Kashima_Antlers
Hwang In-beom,South Korea,AFC,Daejeon_Citizen,Asan_Mugunghwa,Vancouver_Whitecaps_FC,FC_Rubin_Kazan,FC_Seoul,Olympiacos_F.C.,Red_Star_Belgrade,Feyenoord
Son Heung-min,South Korea,AFC,Hamburger_SV_II,Hamburger_SV,Bayer_04_Leverkusen,Tottenham_Hotspur_F.C.,Los_Angeles_FC
Paik Seung-ho,South Korea,AFC,FC_Barcelona_B,CF_Peralada,Girona_FC,SV_Darmstadt_98,Jeonbuk_Hyundai_Motors,Birmingham_City_F.C.
Cho Gue-sung,South Korea,AFC,FC_Anyang,Jeonbuk_Hyundai_Motors,Gimcheon_Sangmu_FC,FC_Midtjylland
Lee Jae-sung,South Korea,AFC,Jeonbuk_Hyundai_Motors,Holstein_Kiel,1._FSV_Mainz_05
Hwang Hee-chan,South Korea,AFC,FC_Red_Bull_Salzburg,FC_Liefering,Hamburger_SV,RB_Leipzig,Wolverhampton_Wanderers_F.C.
Song Bum-keun,South Korea,AFC,Jeonbuk_Hyundai_Motors,Shonan_Bellmare
Lee Tae-seok,South Korea,AFC,FC_Seoul,Pohang_Steelers,FK_Austria_Wien
Cho Wi-je,South Korea,AFC,Busan_IPark,Jeonbuk_Hyundai_Motors
Kim Moon-hwan,South Korea,AFC,Busan_IPark,Los_Angeles_FC,Jeonbuk_Hyundai_Motors,Al-Duhail_SC,Daejeon_Hana_Citizen
Park Jin-seob,South Korea,AFC,Daejeon_Korail_FC,Ansan_Greeners_FC,Daejeon_Hana_Citizen,Jeonbuk_Hyundai_Motors,Zhejiang_Professional_F.C.
Bae Jun-ho,South Korea,AFC,Daejeon_Hana_Citizen,Stoke_City_F.C.
Oh Hyeon-gyu,South Korea,AFC,Suwon_Samsung_Bluewings,Gimcheon_Sangmu_FC,Celtic_F.C.,KRC_Genk,Be%C5%9Fikta%C5%9F_J.K.
Lee Kang-in,South Korea,AFC,Valencia_CF_Mestalla,Valencia_CF,RCD_Mallorca,Paris_Saint-Germain_FC
Yang Hyun-jun,South Korea,AFC,Gangwon_FC,Celtic_F.C.
Jo Hyeon-woo,South Korea,AFC,Daegu_FC,Ulsan_HD_FC
Seol Young-woo,South Korea,AFC,Ulsan_HD_FC,Red_Star_Belgrade
Jens Castrop,South Korea,AFC,1._FC_K%C3%B6ln_II,1._FC_N%C3%BCrnberg,1._FC_N%C3%BCrnberg_II,Borussia_M%C3%B6nchengladbach
Kim Jin-gyu,South Korea,AFC,Busan_IPark,Jeonbuk_Hyundai_Motors,Gimcheon_Sangmu_FC
Eom Ji-sung,South Korea,AFC,Gwangju_FC,Swansea_City_A.F.C.
Lee Dong-gyeong,South Korea,AFC,Ulsan_HD_FC,FC_Anyang,FC_Schalke_04,FC_Hansa_Rostock,Gimcheon_Sangmu_FC
Nikola Vasilj,Bosnia and Herzegovina,UEFA,H%C5%A0K_Zrinjski_Mostar,FK_Igman_Konjic,HNK_Branitelj,1._FC_N%C3%BCrnberg_II,FC_Zorya_Luhansk,FC_St._Pauli
Nihad Mujakić,Bosnia and Herzegovina,UEFA,FK_Sarajevo,KV_Kortrijk,HNK_Hajduk_Split,SK_Beveren,MKE_Ankarag%C3%BCc%C3%BC,FK_Partizan,Ey%C3%BCpspor,Gaziantep_F.K.
Dennis Hadžikadunić,Bosnia and Herzegovina,UEFA,Malm%C3%B6_FF,Trelleborgs_FF,FC_Rostov,RCD_Mallorca,Hamburger_SV,UC_Sampdoria
Tarik Muharemović,Bosnia and Herzegovina,UEFA,Wolfsberger_AC,Juventus_Next_Gen,US_Sassuolo_Calcio
Sead Kolašinac,Bosnia and Herzegovina,UEFA,FC_Schalke_04_II,FC_Schalke_04,Arsenal_F.C.,Olympique_de_Marseille,Atalanta_BC
Benjamin Tahirović,Bosnia and Herzegovina,UEFA,Vasalunds_IF,AS_Roma,AFC_Ajax,Br%C3%B8ndby_IF
Amar Dedić,Bosnia and Herzegovina,UEFA,FC_Red_Bull_Salzburg,FC_Liefering,Wolfsberger_AC,Olympique_de_Marseille,S.L._Benfica
Armin Gigović,Bosnia and Herzegovina,UEFA,Helsingborgs_IF,FC_Rostov,Odense_Boldklub,FC_Midtjylland,Holstein_Kiel,BSC_Young_Boys
Samed Baždar,Bosnia and Herzegovina,UEFA,FK_Partizan,Real_Zaragoza,Jagiellonia_Bia%C5%82ystok,Jagiellonia_Bia%C5%82ystok_II
Ermedin Demirović,Bosnia and Herzegovina,UEFA,RB_Leipzig_affiliated_teams#Reserve_team,Deportivo_Alav%C3%A9s,FC_Sochaux-Montb%C3%A9liard,UD_Almer%C3%ADa,FC_St._Gallen,SC_Freiburg,FC_Augsburg,VfB_Stuttgart
Edin Džeko,Bosnia and Herzegovina,UEFA,FK_%C5%BDeljezni%C4%8Dar_Sarajevo,FK_Teplice,FK_Viagem_%C3%9Ast%C3%AD_nad_Labem,VfL_Wolfsburg,Manchester_City_F.C.,AS_Roma,Inter_Milan,Fenerbah%C3%A7e_S.K._(football),ACF_Fiorentina,FC_Schalke_04
Mladen Jurkas,Bosnia and Herzegovina,UEFA,FK_Borac_Banja_Luka
Ivan Bašić,Bosnia and Herzegovina,UEFA,H%C5%A0K_Zrinjski_Mostar,FC_Orenburg,FC_Astana
Ivan Šunjić,Bosnia and Herzegovina,UEFA,GNK_Dinamo_Zagreb,GNK_Dinamo_Zagreb_Academy,NK_Lokomotiva_Zagreb,NK_Lokomotiva,Birmingham_City_F.C.,Hertha_BSC,Pafos_FC
Amar Memić,Bosnia and Herzegovina,UEFA,FK_Radnik_Had%C5%BEi%C4%87i,NK_Bravo,MFK_Karvin%C3%A1,FC_Viktoria_Plze%C5%88
Amir Hadžiahmetović,Bosnia and Herzegovina,UEFA,FK_%C5%BDeljezni%C4%8Dar_Sarajevo,Konyaspor,Be%C5%9Fikta%C5%9F_J.K.,%C3%87aykur_Rizespor,Hull_City_A.F.C.
Dženis Burnić,Bosnia and Herzegovina,UEFA,Borussia_Dortmund,Borussia_Dortmund_II,VfB_Stuttgart,Dynamo_Dresden,1._FC_Heidenheim,Karlsruher_SC
Nikola Katić,Bosnia and Herzegovina,UEFA,NK_Neretvanac_Opuzen,NK_Slaven_Belupo,Rangers_F.C.,HNK_Hajduk_Split,FC_Z%C3%BCrich,Plymouth_Argyle_F.C.,FC_Schalke_04
Kerim Alajbegović,Bosnia and Herzegovina,UEFA,FC_Red_Bull_Salzburg
Esmir Bajraktarević,Bosnia and Herzegovina,UEFA,New_England_Revolution_II,New_England_Revolution,PSV_Eindhoven
Stjepan Radeljić,Bosnia and Herzegovina,UEFA,VfB_Stuttgart_II,NK_Osijek,NK_%C5%A0iroki_Brijeg,FC_Sheriff_Tiraspol,HNK_Rijeka
Martin Zlomislić,Bosnia and Herzegovina,UEFA,NK_%C5%A0iroki_Brijeg,HNK_Rijeka
Haris Tabaković,Bosnia and Herzegovina,UEFA,BSC_Young_Boys,FC_Wil,Grasshopper_Club_Zurich,Debreceni_VSC,Di%C3%B3sgy%C5%91ri_VTK,SC_Austria_Lustenau,FK_Austria_Wien,Hertha_BSC,TSG_1899_Hoffenheim,Borussia_M%C3%B6nchengladbach
Arjan Malić,Bosnia and Herzegovina,UEFA,SV_Ried,SK_Sturm_Graz
Jovo Lukić,Bosnia and Herzegovina,UEFA,FK_Sloga_Doboj,FK_Krupa,NK_Zvijezda_Grada%C4%8Dac,FK_Borac_Banja_Luka,CS_Universitatea_Craiova,FC_Universitatea_Cluj
Ermin Mahmić,Bosnia and Herzegovina,UEFA,SV_Lafnitz,FC_Slovan_Liberec
Dayne St. Clair,Canada,CONCACAF,Vaughan_Azzurri,K-W_United_FC,New_York_Red_Bulls_U-23,Minnesota_United_FC,Forward_Madison_FC,San_Antonio_FC,Inter_Miami_CF
Alistair Johnston,Canada,CONCACAF,Vaughan_Azzurri,Nashville_SC,CF_Montr%C3%A9al,Celtic_F.C.
Alfie Jones,Canada,CONCACAF,Southampton_F.C.,St_Mirren_F.C.,Gillingham_F.C.,Hull_City_A.F.C.,Middlesbrough_F.C.
Luc de Fougerolles,Canada,CONCACAF,Fulham_F.C.,F.C.V._Dender_E.H.
Joel Waterman,Canada,CONCACAF,Kitsap_Pumas,TSS_FC_Rovers,Calgary_Foothills_FC,Cavalry_FC,CF_Montr%C3%A9al,Chicago_Fire_FC
Mathieu Choinière,Canada,CONCACAF,CF_Montr%C3%A9al,Grasshopper_Club_Zurich,Los_Angeles_FC
Stephen Eustáquio,Canada,CONCACAF,S.C.U._Torreense,Leix%C3%B5es_S.C.,G.D._Chaves,Cruz_Azul,F.C._Pa%C3%A7os_de_Ferreira,FC_Porto,Los_Angeles_FC
Ismaël Koné,Canada,CONCACAF,CF_Montr%C3%A9al,Watford_F.C.,Olympique_de_Marseille,Stade_Rennais_FC,US_Sassuolo_Calcio
Cyle Larin,Canada,CONCACAF,Sigma_FC,Orlando_City_SC,Be%C5%9Fikta%C5%9F_J.K.,S.V._Zulte_Waregem,Club_Brugge_KV,Real_Valladolid,RCD_Mallorca,Feyenoord,Southampton_F.C.
Jonathan David,Canada,CONCACAF,KAA_Gent,Lille_OSC,Juventus_FC
Liam Millar,Canada,CONCACAF,Liverpool_F.C.,Kilmarnock_F.C.,Charlton_Athletic_F.C.,F.C._Basel,Preston_North_End_F.C.,Hull_City_A.F.C.
Tani Oluwaseyi,Canada,CONCACAF,Manhattan_SC,New_York_Pancyprian-Freedoms,Minnesota_United_FC,Minnesota_United_FC_2,San_Antonio_FC,Villarreal_CF
Derek Cornelius,Canada,CONCACAF,VfB_L%C3%BCbeck,VfR_Neum%C3%BCnster,FK_Javor_Ivanjica,Vancouver_Whitecaps_FC,Panetolikos_F.C.,Malm%C3%B6_FF,Olympique_de_Marseille,Rangers_F.C.
Jacob Shaffelburg,Canada,CONCACAF,Toronto_FC_III,Black_Rock_FC,Toronto_FC_II,Toronto_FC,Nashville_SC,Los_Angeles_FC
Moïse Bombito,Canada,CONCACAF,CS_St-Hubert,Seacoast_United_Phantoms,Colorado_Rapids,Colorado_Rapids_2,OGC_Nice
Maxime Crépeau,Canada,CONCACAF,CF_Montr%C3%A9al,FC_Montreal,Ottawa_Fury_FC,Vancouver_Whitecaps,Los_Angeles_FC,Los_Angeles_FC_2,Portland_Timbers,Orlando_City_SC
Tajon Buchanan,Canada,CONCACAF,Sigma_FC,New_England_Revolution,Club_Brugge_KV,Inter_Milan,Villarreal_CF
Owen Goodman,Canada,CONCACAF,Crystal_Palace_F.C.,Colchester_United_F.C.,AFC_Wimbledon,Huddersfield_Town_A.F.C.,Barnsley_F.C.
Alphonso Davies,Canada,CONCACAF,Whitecaps_FC_2,Vancouver_Whitecaps_FC,FC_Bayern_Munich_II,FC_Bayern_Munich
Ali Ahmed,Canada,CONCACAF,Whitecaps_FC_2,Vancouver_Whitecaps_FC,Norwich_City_F.C.
Jonathan Osorio,Canada,CONCACAF,SC_Toronto,Toronto_FC
Richie Laryea,Canada,CONCACAF,Sigma_FC,Orlando_City_SC,Orlando_City_B,Toronto_FC,Nottingham_Forest_F.C.,Vancouver_Whitecaps_FC
Niko Sigur,Canada,CONCACAF,HNK_Hajduk_Split
Promise David,Canada,CONCACAF,NK_Trnje,Valletta_F.C.,Sirens_F.C.,N%C3%B5mme_Kalju_FC_U21,N%C3%B5mme_Kalju_FC,Royale_Union_Saint-Gilloise
Nathan Saliba,Canada,CONCACAF,CF_Montr%C3%A9al,CF_Montr%C3%A9al_U23,RSC_Anderlecht
Jayden Nelson,Canada,CONCACAF,Toronto_FC_III,Toronto_FC_II,Toronto_FC,Rosenborg_BK,SSV_Ulm_1846,Vancouver_Whitecaps,Austin_FC
Mahmud Abunada,Qatar,AFC,Al-Arabi_SC_(Qatar),Al-Rayyan_SC
Pedro Miguel,Qatar,AFC,S.C._Farense,S.C._Mineiro_Aljustrelense,Al_Ahli_SC_(Doha),Al_Sadd_SC
Lucas Mendes,Qatar,AFC,Coritiba_Foot_Ball_Club,Olympique_de_Marseille,El_Jaish_SC,Al-Duhail_SC,Al-Gharafa_SC,Al-Wakrah_SC
Issa Laye,Qatar,AFC,Lusail_SC,Al-Shamal_SC,Al-Arabi_SC_(Qatar)
Jassem Gaber,Qatar,AFC,Al-Arabi_SC_(Qatar),Al-Rayyan_SC
Abdulaziz Hatem,Qatar,AFC,Al-Arabi_SC_(Qatar),Al-Gharafa_Sports_Club,Al-Rayyan_SC
Ahmed Alaaeldin,Qatar,AFC,Al-Rayyan_SC,Al-Gharafa_SC,Al-Arabi_SC_(Qatar)
Edmilson Junior,Qatar,AFC,Sint-Truidense_V.V.,Standard_Li%C3%A8ge,Al-Duhail_SC
Mohammed Muntari,Qatar,AFC,El_Jaish_SC,Al-Duhail_SC,Al-Ahli_(Doha),Al-Gharafa_SC
Hassan Al-Haydos,Qatar,AFC,Al-Sadd_Sports_Club
Akram Afif,Qatar,AFC,K.A.S._Eupen,Villarreal_CF,Sporting_de_Gij%C3%B3n,Al_Sadd_SC
Karim Boudiaf,Qatar,AFC,AS_Nancy_Lorraine,Al_Duhail_SC
Ayoub Al-Oui,Qatar,AFC,Al-Gharafa_SC
Homam Ahmed,Qatar,AFC,K.A.S._Eupen,Al-Gharafa_SC,Al_Duhail_SC,Cultural_y_Deportiva_Leonesa
Yusuf Abdurisag,Qatar,AFC,Al_Sadd_SC,Al-Arabi_SC_(Qatar),Al-Wakrah_SC
Boualem Khoukhi,Qatar,AFC,Al-Arabi_SC_(Qatar),Al-Sadd_SC
Ahmed Al-Ganehi,Qatar,AFC,Al-Gharafa_SC
Sultan Al-Brake,Qatar,AFC,Al-Wakra_Sports_Club,Cultural_y_Deportiva_Leonesa,Al_Duhail_SC
Almoez Ali,Qatar,AFC,LASK_Linz,LASK,Cultural_y_Deportiva_Leonesa,Al-Duhail_SC
Ahmed Fathy,Qatar,AFC,Al-Arabi_SC_(Qatar)
Salah Zakaria,Qatar,AFC,Al-Wakrah_SC,Al-Gharafa_SC,Al-Duhail_SC
Meshaal Barsham,Qatar,AFC,Al_Sadd_SC
Assim Madibo,Qatar,AFC,LASK_Linz,FC_Pasching,Cultural_y_Deportiva_Leonesa,Al-Duhail_SC,K.A.S._Eupen,Al-Gharafa_SC,Al-Wakrah_SC
Tahsin Jamshid,Qatar,AFC,Al-Duhail_SC,AD_Alcorc%C3%B3n_B
Al-Hashmi Al-Hussain,Qatar,AFC,Al-Arabi_SC_(Qatar),CD_Calahorra_B,AD_Alcorc%C3%B3n_B
Mohamed Manai,Qatar,AFC,Al_Sadd_SC,Al-Markhiya_SC,Al-Shamal_SC
Gregor Kobel,Switzerland,UEFA,TSG_1899_Hoffenheim,FC_Augsburg,VfB_Stuttgart,Borussia_Dortmund
Miro Muheim,Switzerland,UEFA,Chelsea_F.C.,FC_Z%C3%BCrich,FC_St._Gallen,Hamburger_SV
Silvan Widmer,Switzerland,UEFA,FC_Aarau,Udinese_Calcio,FC_Basel,1._FSV_Mainz_05
Nico Elvedi,Switzerland,UEFA,FC_Z%C3%BCrich,Borussia_M%C3%B6nchengladbach
Manuel Akanji,Switzerland,UEFA,FC_Winterthur,FC_Basel,Borussia_Dortmund,Manchester_City_F.C.,Inter_Milan
Denis Zakaria,Switzerland,UEFA,Servette_FC,BSC_Young_Boys,Borussia_M%C3%B6nchengladbach,Juventus_FC,Chelsea_F.C.,AS_Monaco_FC
Breel Embolo,Switzerland,UEFA,FC_Basel,FC_Schalke_04,Borussia_M%C3%B6nchengladbach,AS_Monaco_FC,Stade_Rennais_FC
Remo Freuler,Switzerland,UEFA,FC_Winterthur,Grasshopper_Club_Z%C3%BCrich,FC_Luzern,Atalanta_BC,Nottingham_Forest_F.C.,Bologna_FC_1909
Johan Manzambi,Switzerland,UEFA,SC_Freiburg_II,SC_Freiburg
Granit Xhaka,Switzerland,UEFA,FC_Basel,Borussia_M%C3%B6nchengladbach,Arsenal_F.C.,Bayer_04_Leverkusen,Sunderland_A.F.C.
Dan Ndoye,Switzerland,UEFA,FC_Lausanne-Sport,OGC_Nice,FC_Basel,Bologna_FC_1909,Nottingham_Forest_F.C.
Yvon Mvogo,Switzerland,UEFA,BSC_Young_Boys,RB_Leipzig,PSV_Eindhoven,FC_Lorient
Ricardo Rodriguez,Switzerland,UEFA,FC_Z%C3%BCrich,VfL_Wolfsburg,AC_Milan,PSV_Eindhoven,Torino_FC,Real_Betis
Ardon Jashari,Switzerland,UEFA,FC_Luzern,Club_Brugge_KV,AC_Milan
Djibril Sow,Switzerland,UEFA,FC_Z%C3%BCrich,Borussia_M%C3%B6nchengladbach_II,Borussia_M%C3%B6nchengladbach,BSC_Young_Boys,Eintracht_Frankfurt,Sevilla_FC
Christian Fassnacht,Switzerland,UEFA,FC_Tuggen,FC_Winterthur,FC_Thun,BSC_Young_Boys,Norwich_City_F.C.
Rubén Vargas,Switzerland,UEFA,FC_Luzern,FC_Augsburg,Sevilla_FC
Eray Cömert,Switzerland,UEFA,FC_Basel,FC_Lugano,FC_Sion,Valencia_CF,FC_Nantes,Real_Valladolid
Noah Okafor,Switzerland,UEFA,FC_Basel,FC_Red_Bull_Salzburg,AC_Milan,SSC_Napoli,Leeds_United_F.C.
Michel Aebischer,Switzerland,UEFA,BSC_Young_Boys,Bologna_FC_1909,Pisa_SC
Marvin Keller,Switzerland,UEFA,Grasshopper_Club_Z%C3%BCrich,FC_Wil,BSC_Young_Boys,FC_Winterthur
Fabian Rieder,Switzerland,UEFA,BSC_Young_Boys,Stade_Rennais_F.C.,VfB_Stuttgart,FC_Augsburg
Zeki Amdouni,Switzerland,UEFA,%C3%89toile_Carouge_FC,FC_Stade_Lausanne_Ouchy,FC_Lausanne-Sport,FC_Basel,Burnley_F.C.,S.L._Benfica
Aurèle Amenda,Switzerland,UEFA,BSC_Young_Boys,Eintracht_Frankfurt
Luca Jaquez,Switzerland,UEFA,FC_Luzern,VfB_Stuttgart
Cedric Itten,Switzerland,UEFA,FC_Basel,FC_Luzern,FC_St._Gallen,Rangers_F.C.,SpVgg_Greuther_F%C3%BCrth,BSC_Young_Boys,Fortuna_D%C3%BCsseldorf
Alisson,Brazil,CONMEBOL,SC_Internacional,AS_Roma,Liverpool_F.C.
Éderson Silva,Brazil,CONMEBOL,Desportivo_Brasil,Cruzeiro_EC,SC_Corinthians_Paulista,Fortaleza_EC,US_Salernitana_1919,Atalanta_BC
Gabriel Magalhães,Brazil,CONMEBOL,Ava%C3%AD_FC,Lille_OSC,ES_Troyes_AC,GNK_Dinamo_Zagreb,Arsenal_F.C.
Marquinhos,Brazil,CONMEBOL,SC_Corinthians_Paulista,AS_Roma,Paris_Saint-Germain_FC
Casemiro,Brazil,CONMEBOL,S%C3%A3o_Paulo_FC,Real_Madrid_Castilla,Real_Madrid_CF,FC_Porto,Manchester_United_F.C.
Alex Sandro,Brazil,CONMEBOL,Club_Athletico_Paranaense,Deportivo_Maldonado,Santos_FC,FC_Porto,Juventus_FC,CR_Flamengo
Vinícius Júnior,Brazil,CONMEBOL,CR_Flamengo,Real_Madrid_Castilla,Real_Madrid_CF
Bruno Guimarães,Brazil,CONMEBOL,Gr%C3%AAmio_Osasco_Audax_Esporte_Clube,Club_Athletico_Paranaense,Olympique_Lyonnais,Newcastle_United_F.C.
Matheus Cunha,Brazil,CONMEBOL,FC_Sion,RB_Leipzig,Hertha_BSC,Atl%C3%A9tico_Madrid,Wolverhampton_Wanderers_F.C.,Manchester_United_F.C.
Neymar,Brazil,CONMEBOL,Santos_FC,FC_Barcelona,Paris_Saint-Germain_FC,Al_Hilal_SFC
Raphinha,Brazil,CONMEBOL,Vit%C3%B3ria_S.C._B,Vit%C3%B3ria_S.C.,Sporting_CP,Stade_Rennais_FC,Leeds_United_F.C.,FC_Barcelona
Weverton,Brazil,CONMEBOL,Sport_Club_Corinthians_Paulista,Clube_do_Remo,Oeste_Futebol_Clube,Am%C3%A9rica_Futebol_Clube_(RN),Botafogo_Futebol_Clube_(SP),Associa%C3%A7%C3%A3o_Portuguesa_de_Desportos,Club_Athletico_Paranaense,SE_Palmeiras,Gr%C3%AAmio_FBPA
Danilo Luiz,Brazil,CONMEBOL,Am%C3%A9rica_Futebol_Clube_(MG),Santos_FC,FC_Porto,Real_Madrid_CF,Manchester_City_F.C.,Juventus_FC,CR_Flamengo
Bremer,Brazil,CONMEBOL,Clube_Atl%C3%A9tico_Mineiro,Torino_FC,Juventus_FC
Léo Pereira,Brazil,CONMEBOL,Clube_Atl%C3%A9tico_Paranaense,Guaratinguet%C3%A1_Futebol,Clube_N%C3%A1utico_Capibaribe,Orlando_City_B,Orlando_City_SC,CR_Flamengo
Douglas Santos,Brazil,CONMEBOL,Clube_N%C3%A1utico_Capibaribe,Granada_CF,Udinese_Calcio,Clube_Atl%C3%A9tico_Mineiro,Hamburger_SV,FC_Zenit_Saint_Petersburg
Fabinho,Brazil,CONMEBOL,Fluminense_FC,Rio_Ave_F.C.,Real_Madrid_Castilla,Real_Madrid_CF,AS_Monaco_FC,Liverpool_F.C.,Al-Ittihad_Club_(Jeddah)
Danilo Santos,Brazil,CONMEBOL,Pitua%C3%A7u_Futebol_Clube_Cajazeiras,SE_Palmeiras,Nottingham_Forest_F.C.,Botafogo_FR
Endrick,Brazil,CONMEBOL,SE_Palmeiras,Real_Madrid_CF,Olympique_Lyonnais
Lucas Paquetá,Brazil,CONMEBOL,CR_Flamengo,AC_Milan,Olympique_Lyonnais,West_Ham_United_F.C.
Luiz Henrique,Brazil,CONMEBOL,Fluminense_FC,Real_Betis,Botafogo_FR,FC_Zenit_Saint_Petersburg
Gabriel Martinelli,Brazil,CONMEBOL,Ituano_FC,Arsenal_F.C.
Ederson Moraes,Brazil,CONMEBOL,G.D._Ribeir%C3%A3o,Rio_Ave_F.C.,S.L._Benfica,Manchester_City_F.C.,Fenerbah%C3%A7e_S.K._(football)
Roger Ibañez,Brazil,CONMEBOL,Club_Sportivo_Sergipe,Fluminense_FC,Atalanta_BC,AS_Roma,Al_Ahli_Saudi_FC
Igor Thiago,Brazil,CONMEBOL,Cruzeiro_Esporte_Clube,PFC_Ludogorets_Razgrad_II,PFC_Ludogorets_Razgrad,Club_Brugge_KV,Brentford_F.C.
Rayan,Brazil,CONMEBOL,CR_Vasco_da_Gama,AFC_Bournemouth
Johny Placide,Haiti,CONCACAF,Le_Havre_AC,Stade_de_Reims,En_Avant_Guingamp,Oldham_Athletic_A.F.C.,FC_Tsarsko_Selo_Sofia,SC_Bastia
Carlens Arcus,Haiti,CONCACAF,Racing_CH,ES_Troyes_AC,Lille_OSC,Cercle_Brugge_KSV,AJ_Auxerre,SBV_Vitesse,Angers_SCO
Keeto Thermoncy,Haiti,CONCACAF,BSC_Young_Boys
Ricardo Adé,Haiti,CONCACAF,Baltimore_SC,Miami_United,Don_Bosco_FC,Santiago_Morning,Deportes_Magallanes,Mushuc_Runa_S.C.,S.D._Aucas,L.D.U._Quito
Hannes Delcroix,Haiti,CONCACAF,R.S.C._Anderlecht,RKC_Waalwijk,Burnley_F.C.,Swansea_City_A.F.C.,FC_Lugano
Carl Sainté,Haiti,CONCACAF,Violette_AC,New_Mexico_United,North_Texas_SC,FC_Dallas,Phoenix_Rising_FC,El_Paso_Locomotive_FC
Derrick Etienne Jr.,Haiti,CONCACAF,New_York_Red_Bulls_II,New_York_Red_Bulls,FC_Cincinnati,Columbus_Crew,Atlanta_United_FC,Atlanta_United_2,Toronto_FC
Martin Expérience,Haiti,CONCACAF,US_Chang%C3%A9,US_Avranches,SO_Cholet,AS_Nancy_Lorraine
Duckens Nazon,Haiti,CONCACAF,FC_Lorient,Olympique_Saint-Quentin,Stade_Lavallois,Kerala_Blasters_FC,Wolverhampton_Wanderers_F.C.,Coventry_City_F.C.,Oldham_Athletic_A.F.C.,Sint-Truidense_V.V.,St_Mirren_F.C.,US_Quevilly-Rouen,PFC_CSKA_Sofia,Kayserispor,Esteghlal_F.C.
Jean-Ricner Bellegarde,Haiti,CONCACAF,RC_Lens,RC_Strasbourg_Alsace,Wolverhampton_Wanderers_F.C.
Louicius Deedson,Haiti,CONCACAF,Hobro_IK,Odense_Boldklub,FC_Dallas
Alexandre Pierre,Haiti,CONCACAF,Stade_Lavallois,Angers_SCO,RC_Strasbourg_Alsace,FC_Annecy,FC_Sochaux-Montb%C3%A9liard
Duke Lacroix,Haiti,CONCACAF,Ocean_City_Nor%27easters,Indy_Eleven,Orange_County_SC,Reno_1868_FC,Charlotte_Independence,Sacramento_Republic_FC,Colorado_Springs_Switchbacks_FC
Garven Metusala,Haiti,CONCACAF,CS_St-Hubert,CS_Fabrose,AS_Blainville,Forge_FC,Colorado_Springs_Switchbacks_FC
Ruben Providence,Haiti,CONCACAF,A.S._Roma,Club_Brugge_KV,G.D._Estoril_Praia,TSV_Hartberg,Almere_City_FC
Lenny Joseph,Haiti,CONCACAF,Le_Puy_Foot_43_Auvergne,US_Boulogne,FC_Metz,Grenoble_Foot_38,Ferencv%C3%A1rosi_TC
Danley Jean Jacques,Haiti,CONCACAF,Don_Bosco_FC,FC_Metz,Philadelphia_Union
Wilson Isidor,Haiti,CONCACAF,Stade_Rennais_F.C.,AS_Monaco_FC,Stade_Lavallois,FC_Bastia-Borgo,FC_Lokomotiv_Moscow,FC_Zenit_Saint_Petersburg,Sunderland_A.F.C.
Yassin Fortuné,Haiti,CONCACAF,FC_Sion,Angers_SCO,SO_Cholet,FC_Polissya_Zhytomyr,US_Quevilly-Rouen_M%C3%A9tropole,F.C._Vizela
Frantzdy Pierrot,Haiti,CONCACAF,Reading_United_AC,Royal_Excel_Mouscron,En_Avant_Guingamp,Maccabi_Haifa_F.C.,AEK_Athens_F.C.,%C3%87aykur_Rizespor
Josué Casimir,Haiti,CONCACAF,Le_Havre_AC,AJ_Auxerre
Jean-Kévin Duverne,Haiti,CONCACAF,RC_Lens,Stade_Brestois_29,FC_Nantes,K.V._Kortrijk,KAA_Gent
Josué Duverger,Haiti,CONCACAF,Sporting_CP_B,Vit%C3%B3ria_F.C.,Uni%C3%A3o_Santar%C3%A9m,FC_Cosmos_Koblenz
Wilguens Paugain,Haiti,CONCACAF,AS_Nancy_Lorraine,Akritas_Chlorakas,FK_Auda,SKN_St._P%C3%B6lten,S.V._Zulte_Waregem
Dominique Simon,Haiti,CONCACAF,FCM_Aubervilliers,SD_Navarro_CF,Paide_Linnameeskond_U21,Paide_Linnameeskond,FC_Dinamo_Tbilisi,FK_Pardubice,1._FC_Tatran_Pre%C5%A1ov
Woodensky Pierre,Haiti,CONCACAF,Violette_AC,Real_Hope_FA
Yassine Bounou,Morocco,CAF,Wydad_AC,Atl%C3%A9tico_Madrid_B,Atl%C3%A9tico_Madrid,Real_Zaragoza,Girona_FC,Sevilla_FC,Al_Hilal_SFC
Achraf Hakimi,Morocco,CAF,Real_Madrid_Castilla,Real_Madrid_CF,Borussia_Dortmund,Inter_Milan,Paris_Saint-Germain
Noussair Mazraoui,Morocco,CAF,Jong_Ajax,AFC_Ajax,FC_Bayern_Munich,Manchester_United_F.C.
Sofyan Amrabat,Morocco,CAF,FC_Utrecht,Feyenoord,Club_Brugge_KV,Hellas_Verona_FC,ACF_Fiorentina,Manchester_United_F.C.,Fenerbah%C3%A7e_S.K._(football),Real_Betis
Marwane Saâdane,Morocco,CAF,FUS_de_Rabat,%C3%87aykur_Rizespor,Al_Fateh_SC
Ayyoub Bouaddi,Morocco,CAF,Lille_OSC
Chemsdine Talbi,Morocco,CAF,Club_NXT,Club_Brugge,Sunderland_A.F.C.
Azzedine Ounahi,Morocco,CAF,RC_Strasbourg_Alsace_Academy,US_Avranches,Angers_SCO,Olympique_de_Marseille,Panathinaikos_F.C.,Girona_FC
Soufiane Rahimi,Morocco,CAF,Raja_CA,%C3%89toile_de_Casablanca,Al_Ain_FC
Brahim Díaz,Morocco,CAF,Manchester_City_F.C.,Real_Madrid_CF,AC_Milan
Ismael Saibari,Morocco,CAF,Jong_PSV,PSV_Eindhoven
Munir Mohamedi,Morocco,CAF,AD_Ceuta_B,UD_Almer%C3%ADa_B,UD_Melilla_B,UD_Melilla,CD_Numancia,M%C3%A1laga_CF,Hatayspor,Al_Wehda_FC,RS_Berkane
Zakaria El Ouahdi,Morocco,CAF,RWDM47,KRC_Genk
Issa Diop,Morocco,CAF,Toulouse_FC,West_Ham_United_F.C.,Fulham_F.C.
Samir El Mourabet,Morocco,CAF,RC_Strasbourg_Alsace
Gessime Yassine,Morocco,CAF,FC_Istres,USL_Dunkerque,RC_Strasbourg_Alsace
Amine Sbaï,Morocco,CAF,Olympique_Al%C3%A8s,FC_S%C3%A8te_34,Grenoble_Foot_38,Al_Fateh_SC,Angers_SCO
Chadi Riad,Morocco,CAF,CE_Sabadell_FC,FC_Barcelona_Atl%C3%A8tic,FC_Barcelona,Real_Betis,Crystal_Palace_F.C.
Youssef Belammari,Morocco,CAF,Fath_Union_Sport,Raja_CA,Al_Ahly_SC
Ayoub El Kaabi,Morocco,CAF,Racing_de_Casablanca,RS_Berkane,Hebei_F.C.,Wydad_AC,Hatayspor,Al_Sadd_SC,Olympiacos_F.C.
Ayoube Amaimouni,Morocco,CAF,SpVgg_Erkenschwick,TSG_1899_Hoffenheim_II,Eintracht_Frankfurt
Ahmed Reda Tagnaouti,Morocco,CAF,RS_Berkane,Wydad_AC,IR_Tanger,Maghreb_de_F%C3%A8s,MA_T%C3%A9touan,AS_FAR
Bilal El Khannouss,Morocco,CAF,K.R.C._Genk,Leicester_City_F.C.,VfB_Stuttgart
Neil El Aynaoui,Morocco,CAF,AS_Nancy-Lorraine,RC_Lens,AS_Roma
Redouane Halhal,Morocco,CAF,Montpellier_HSC,Atl%C3%A9tico_Madrid_B,K.V._Mechelen,Helmond_Sport
Anass Salah-Eddine,Morocco,CAF,Jong_Ajax,AFC_Ajax,FC_Twente,AS_Roma,PSV_Eindhoven
Angus Gunn,Scotland,UEFA,Manchester_City_F.C.,Norwich_City_F.C.,Southampton_F.C.,Stoke_City_F.C.,Nottingham_Forest_F.C.
Aaron Hickey,Scotland,UEFA,Heart_of_Midlothian_F.C.,Bologna_F.C._1909,Brentford_F.C.
Andy Robertson,Scotland,UEFA,Queen%27s_Park_F.C.,Dundee_United_F.C.,Hull_City_A.F.C.,Liverpool_F.C.
Scott McTominay,Scotland,UEFA,Manchester_United_F.C.,SSC_Napoli
Grant Hanley,Scotland,UEFA,Blackburn_Rovers_F.C.,Newcastle_United_F.C.,Norwich_City_F.C.,Birmingham_City_F.C.,Hibernian_F.C.
Kieran Tierney,Scotland,UEFA,Celtic_F.C.,Arsenal_F.C.,Real_Sociedad
John McGinn,Scotland,UEFA,St_Mirren_F.C.,Hibernian_F.C.,Aston_Villa_F.C.
Tyler Fletcher,Scotland,UEFA,Manchester_United_F.C.
Lyndon Dykes,Scotland,UEFA,Mudgeeraba_S.C.,Merrimac_FC,Queen_of_the_South_F.C.,Redlands_United_FC,Palm_Beach_SC,Surfers_Paradise_Apollo_SC,Livingston_F.C.,Queens_Park_Rangers_F.C.,Birmingham_City_F.C.,Charlton_Athletic_F.C.
Ché Adams,Scotland,UEFA,Oadby_Town_F.C.,Ilkeston_F.C.,Sheffield_United_F.C.,Birmingham_City_F.C.,Southampton_F.C.,Torino_FC
Ryan Christie,Scotland,UEFA,Inverness_Caledonian_Thistle_F.C.,Celtic_F.C.,Aberdeen_F.C.,AFC_Bournemouth
Liam Kelly,Scotland,UEFA,Rangers_F.C.,Livingston_F.C.,Queens_Park_Rangers_F.C.,Motherwell_F.C.
Jack Hendry,Scotland,UEFA,Partick_Thistle_F.C.,Wigan_Athletic_F.C.,Shrewsbury_Town_F.C.,Milton_Keynes_Dons_F.C.,Dundee_F.C.,Celtic_F.C.,Melbourne_City_FC,K.V._Oostende,Club_Brugge_KV,U.S._Cremonese,Al-Ettifaq_Club
Ross Stewart,Scotland,UEFA,Ardeer_Thistle_F.C.,Kilwinning_Rangers_F.C.,Albion_Rovers_F.C.,St_Mirren_F.C.,Alloa_Athletic_F.C.,Ross_County_F.C.,Sunderland_A.F.C,Southampton_F.C.
John Souttar,Scotland,UEFA,Dundee_United_F.C.,Heart_of_Midlothian_F.C.,Rangers_F.C.
Dominic Hyam,Scotland,UEFA,Reading_F.C.,Hemel_Hempstead_Town_F.C.,Basingstoke_Town_F.C.,Dagenham_%26_Redbridge_F.C.,Portsmouth_F.C.,Aldershot_Town_F.C.,Coventry_City_F.C.,Blackburn_Rovers_F.C.,Wrexham_A.F.C.
Ben Gannon-Doak,Scotland,UEFA,Celtic_F.C.,Liverpool_F.C.,Middlesbrough_F.C.,AFC_Bournemouth
George Hirst,Scotland,UEFA,Sheffield_Wednesday_F.C.,Oud-Heverlee_Leuven,Leicester_City_F.C.,Rotherham_United_F.C.,Portsmouth_F.C.,Blackburn_Rovers_F.C.,Ipswich_Town_F.C.
Lewis Ferguson,Scotland,UEFA,Hamilton_Academical_F.C.,Aberdeen_F.C.,Bologna_FC_1909
Lawrence Shankland,Scotland,UEFA,Queen%27s_Park_F.C.,Aberdeen_F.C.,Dunfermline_Athletic_F.C.,St_Mirren_F.C.,Greenock_Morton_F.C.,Ayr_United_F.C.,Dundee_United_F.C.,K_Beerschot_VA,Heart_of_Midlothian_F.C.,Rangers_F.C.
Craig Gordon,Scotland,UEFA,Heart_of_Midlothian_F.C.,Cowdenbeath_F.C.,Sunderland_A.F.C.,Celtic_F.C.
Nathan Patterson,Scotland,UEFA,Rangers_F.C.,Everton_F.C.
Kenny McLean,Scotland,UEFA,St_Mirren_F.C.,Arbroath_F.C.,Aberdeen_F.C.,Norwich_City_F.C.
Anthony Ralston,Scotland,UEFA,Celtic_F.C.,Queen%27s_Park_F.C.,Dundee_United_F.C.,St_Johnstone_F.C.
Findlay Curtis,Scotland,UEFA,Rangers_F.C.,Kilmarnock_F.C.
Scott McKenna,Scotland,UEFA,Aberdeen_F.C.,Ayr_United_F.C.,Alloa_Athletic_F.C.,Nottingham_Forest_F.C.,F.C._Copenhagen,UD_Las_Palmas,GNK_Dinamo_Zagreb
Mathew Ryan,Australia,AFC,Blacktown_City_FC,Central_Coast_Mariners_FC,Club_Brugge_KV,Valencia_CF,KRC_Genk,Brighton_%26_Hove_Albion_F.C.,Arsenal_F.C.,Real_Sociedad,F.C._Copenhagen,AZ_Alkmaar,AS_Roma,RC_Lens,Levante_UD
Miloš Degenek,Australia,AFC,VfB_Stuttgart_II,TSV_1860_Munich,Yokohama_F._Marinos,Red_Star_Belgrade,Al-Hilal_FC,Columbus_Crew,FK_TSC,APOEL_FC
Alessandro Circati,Australia,AFC,Perth_Glory_FC_Youth,Parma_Calcio_1913
Jacob Italiano,Australia,AFC,FFA_Centre_of_Excellence,Perth_Glory_FC_NPL,Perth_Glory_FC,Borussia_M%C3%B6nchengladbach_II,Grazer_AK
Jordan Bos,Australia,AFC,Melbourne_City_FC_Youth,Melbourne_City_FC,K.V.C._Westerlo,Feyenoord
Jason Geria,Australia,AFC,Melbourne_Victory_FC,JEF_United_Chiba,Perth_Glory_FC,Albirex_Niigata
Mathew Leckie,Australia,AFC,Bulleen_Lions,Adelaide_United,Borussia_M%C3%B6nchengladbach_II,Borussia_M%C3%B6nchengladbach,FSV_Frankfurt_II,FSV_Frankfurt,FC_Ingolstadt_04,Hertha_BSC,Hertha_BSC_II,Melbourne_City_FC
Connor Metcalfe,Australia,AFC,Melbourne_City_FC_Youth,Melbourne_City_FC,FC_St._Pauli
Mohamed Touré,Australia,AFC,Adelaide_United_FC_Youth,Adelaide_United_FC,Stade_de_Reims,Paris_FC,Randers_FC,Norwich_City_F.C.
Ajdin Hrustic,Australia,AFC,FC_Groningen,Eintracht_Frankfurt,Hellas_Verona_F.C.,Heracles_Almelo,US_Salernitana_1919
Awer Mabil,Australia,AFC,Campbelltown_City_SC,Adelaide_United_FC,FC_Midtjylland,Esbjerg_fB,F.C._Pa%C3%A7os_de_Ferreira,Kas%C4%B1mpa%C5%9Fa_S.K.,C%C3%A1diz_CF,AC_Sparta_Prague,Grasshopper_Club_Z%C3%BCrich,CD_Castell%C3%B3n
Paul Izzo,Australia,AFC,Adelaide_United_FC,Central_Coast_Mariners_FC,Xanthi_F.C.,Melbourne_Victory_FC,Randers_FC
Aiden O'Neill,Australia,AFC,Burnley_F.C.,Oldham_Athletic_A.F.C.,Fleetwood_Town_F.C.,Central_Coast_Mariners_FC,Brisbane_Roar_FC,Melbourne_City_FC,Standard_Li%C3%A8ge,New_York_City_FC
Cammy Devlin,Australia,AFC,Sutherland_Sharks_FC,Western_Sydney_Wanderers_FC_Youth,Sydney_FC_Youth,Sydney_FC,Wellington_Phoenix_FC,Wellington_Phoenix_FC_Reserves,Newcastle_Jets_FC,Heart_of_Midlothian_F.C.
Kai Trewin,Australia,AFC,FFA_Centre_of_Excellence,Brisbane_Roar_FC_NPL,Brisbane_Roar_FC,Melbourne_City_FC,New_York_City_FC
Aziz Behich,Australia,AFC,Green_Gully,Melbourne_Victory_FC,Hume_City_FC,Melbourne_City_FC,Bursaspor,PSV_Eindhoven,%C4%B0stanbul_Ba%C5%9Fak%C5%9Fehir_F.K.,Kayserispor,Giresunspor,Dundee_United_F.C.,Al_Nassr
Nestory Irankunda,Australia,AFC,Adelaide_United_FC_Youth,Adelaide_United_FC,FC_Bayern_Munich_II,FC_Bayern_Munich,Grasshopper_Club_Zurich,Watford_F.C.
Patrick Beach,Australia,AFC,Central_Coast_Mariners_Academy,Central_Coast_Mariners_FC,Melbourne_City_FC_Youth,Melbourne_City_FC
Harry Souttar,Australia,AFC,Dundee_United_F.C.,Stoke_City_F.C.,Ross_County_F.C.,Fleetwood_Town_F.C.,Leicester_City_F.C.,Sheffield_United_F.C.
Cristian Volpato,Australia,AFC,AS_Roma,US_Sassuolo_Calcio
Cameron Burgess,Australia,AFC,Fulham_F.C.,Ross_County_F.C.,Cheltenham_Town_F.C.,Oldham_Athletic_A.F.C.,Bury_F.C.,Scunthorpe_United_F.C.,Salford_City_F.C.,Accrington_Stanley_F.C.,Ipswich_Town_F.C.,Swansea_City_A.F.C.
Jackson Irvine,Australia,AFC,Frankston_Pines_FC,Celtic_F.C.,Kilmarnock_F.C.,Ross_County_F.C.,Burton_Albion_F.C.,Hull_City_A.F.C.,Hibernian_F.C.,FC_St._Pauli
Nishan Velupillay,Australia,AFC,Melbourne_Victory_FC_Youth,Melbourne_Victory_FC
Paul Okon-Engstler,Australia,AFC,S.L._Benfica_B,Sydney_FC
Lucas Herrington,Australia,AFC,Brisbane_Roar_FC_Youth,Brisbane_Roar_FC,Colorado_Rapids
Tete Yengi,Australia,AFC,Adelaide_Comets_FC,Newcastle_Jets_FC,Newcastle_Jets_FC_NPL,Ipswich_Town_F.C.,Vaasan_Palloseura,Northampton_Town_F.C.,Kuopion_Palloseura,Livingston_F.C.,FC_Machida_Zelvia
Gatito Fernández,Paraguay,CONMEBOL,Cerro_Porte%C3%B1o,Estudiantes_de_La_Plata,Racing_Club_de_Avellaneda,FC_Utrecht,Esporte_Clube_Vit%C3%B3ria,Figueirense_FC,Botafogo_de_Futebol_e_Regatas
Gustavo Velázquez,Paraguay,CONMEBOL,Cerro_Porte%C3%B1o,Sportivo_Luque%C3%B1o,Club_Nacional,Club_Sol_de_Am%C3%A9rica,Lobos_BUAP,FC_Ju%C3%A1rez,Newell%27s_Old_Boys
Omar Alderete,Paraguay,CONMEBOL,Cerro_Porte%C3%B1o,Club_de_Gimnasia_y_Esgrima_La_Plata,Club_Atl%C3%A9tico_Hurac%C3%A1n,FC_Basel,Hertha_BSC,Valencia_CF,Getafe_CF,Sunderland_A.F.C
Juan José Cáceres,Paraguay,CONMEBOL,Racing_Club_de_Avellaneda,Club_Atl%C3%A9tico_Lan%C3%BAs,FC_Dynamo_Moscow
Fabián Balbuena,Paraguay,CONMEBOL,Club_Cerro_Porte%C3%B1o_(Presidente_Franco),Club_Rubio_%C3%91u,Club_Nacional,Club_Libertad,Sport_Club_Corinthians_Paulista,West_Ham_United_F.C.,FC_Dynamo_Moscow,Gr%C3%AAmio_FBPA
Júnior Alonso,Paraguay,CONMEBOL,Cerro_Porte%C3%B1o,Lille_OSC,Celta_de_Vigo,Boca_Juniors,Clube_Atl%C3%A9tico_Mineiro,FC_Krasnodar
Ramón Sosa,Paraguay,CONMEBOL,Club_River_Plate_(Asunci%C3%B3n),Club_Olimpia,Club_de_Gimnasia_y_Esgrima_La_Plata,Talleres_de_C%C3%B3rdoba,Nottingham_Forest_F.C.,Sociedade_Esportiva_Palmeiras
Diego Gómez,Paraguay,CONMEBOL,Club_Libertad,Inter_Miami_CF,Brighton_%26_Hove_Albion_F.C.
Antonio Sanabria,Paraguay,CONMEBOL,FC_Barcelona_B,US_Sassuolo_Calcio,AS_Roma,Sporting_de_Gij%C3%B3n,Real_Betis,Genoa_CFC,Torino_FC,US_Cremonese
Miguel Almirón,Paraguay,CONMEBOL,Cerro_Porte%C3%B1o,Club_Atl%C3%A9tico_Lan%C3%BAs,Atlanta_United_FC,Newcastle_United_F.C.
Maurício,Paraguay,CONMEBOL,Desportivo_Brasil,Cruzeiro_Esporte_Clube,Sport_Club_Internacional,SE_Palmeiras
Orlando Gill,Paraguay,CONMEBOL,Club_Sportivo_San_Lorenzo,San_Lorenzo_de_Almagro
José Canale,Paraguay,CONMEBOL,Club_Libertad,Club_Nacional,Club_Sol_de_Am%C3%A9rica,Newell%27s_Old_Boys,Godoy_Cruz_Antonio_Tomba,Club_Atl%C3%A9tico_Lan%C3%BAs,Quer%C3%A9taro_F.C.
Andrés Cubas,Paraguay,CONMEBOL,Boca_Juniors,Delfino_Pescara_1936,Defensa_y_Justicia,Talleres_de_C%C3%B3rdoba,N%C3%AEmes_Olympique,Vancouver_Whitecaps_FC
Gustavo Gómez,Paraguay,CONMEBOL,Club_Libertad,Club_Atl%C3%A9tico_Lan%C3%BAs,A.C._Milan,SE_Palmeiras
Damián Bobadilla,Paraguay,CONMEBOL,Cerro_Porte%C3%B1o,S%C3%A3o_Paulo_FC
Kaku,Paraguay,CONMEBOL,Club_Atl%C3%A9tico_Hurac%C3%A1n,New_York_Red_Bulls,Al_Taawoun_FC,Al_Ain_FC
Álex Arce,Paraguay,CONMEBOL,Cerro_Porte%C3%B1o,Club_Rubio_%C3%91u,Sportivo_Ameliano,Independiente_Rivadavia,LDU_Quito
Julio Enciso,Paraguay,CONMEBOL,Club_Libertad,Brighton_%26_Hove_Albion_F.C.,Ipswich_Town_F.C.,RC_Strasbourg_Alsace
Braian Ojeda,Paraguay,CONMEBOL,Club_Olimpia,Defensa_y_Justicia,Nottingham_Forest_F.C.,Real_Salt_Lake,Orlando_City_SC
Gabriel Ávalos,Paraguay,CONMEBOL,Club_Atl%C3%A9tico_Tembetary,Defensores_de_Cambaceres,Club_Atl%C3%A9tico_Tigre,Gimnasia_y_Esgrima_de_La_Plata,Independiente_F.B.C.,Club_General_D%C3%ADaz_(Luque),Deportes_Concepci%C3%B3n_(Chile),Crucero_del_Norte,Pe%C3%B1arol,Club_Atl%C3%A9tico_Nueva_Chicago,Godoy_Cruz_Antonio_Tomba,Club_Atl%C3%A9tico_Patronato,Argentinos_Juniors,Club_Atl%C3%A9tico_Independiente
Gastón Olveira,Paraguay,CONMEBOL,Club_Atl%C3%A9tico_River_Plate_(Montevideo),Club_Olimpia
Matías Galarza,Paraguay,CONMEBOL,Club_Olimpia,CR_Vasco_da_Gama,Coritiba_Foot_Ball_Club,Talleres_de_C%C3%B3rdoba,Club_Atl%C3%A9tico_River_Plate,Atlanta_United_FC
Gustavo Caballero,Paraguay,CONMEBOL,Deportivo_Capiat%C3%A1,Sportivo_Ameliano,Club_Nacional,Santos_FC,Portsmouth_F.C.
Isidro Pitta,Paraguay,CONMEBOL,G.D._Santa_Cruz_de_Alvarenga,Deportivo_Santan%C3%AD,Sportivo_Luque%C3%B1o,Club_Olimpia,SD_Huesca,Esporte_Clube_Juventude,Cuiab%C3%A1_Esporte_Clube,Red_Bull_Bragantino
Alexandro Maidana,Paraguay,CONMEBOL,Club_Guaran%C3%AD,Atyr%C3%A1_F.C.,Resistencia_S.C.,Talleres_de_C%C3%B3rdoba
Mert Günok,Turkey,UEFA,Fenerbah%C3%A7e_S.K._(football),Bursaspor,%C4%B0stanbul_Ba%C5%9Fak%C5%9Fehir_F.K.,Be%C5%9Fikta%C5%9F_J.K.
Zeki Çelik,Turkey,UEFA,Bursaspor,Karacabey_Birlikspor,%C4%B0stanbulspor,Lille_OSC,AS_Roma
Merih Demiral,Turkey,UEFA,A.C._Alcanenense,Sporting_CP_B,Alanyaspor,US_Sassuolo_Calcio,Juventus_FC,Atalanta_BC,Al-Ahli_Saudi_FC
Çağlar Söyüncü,Turkey,UEFA,Alt%C4%B1nordu_F.K.,SC_Freiburg,Leicester_City_F.C.,Atl%C3%A9tico_Madrid,Fenerbah%C3%A7e_S.K._(football)
Salih Özcan,Turkey,UEFA,1._FC_K%C3%B6ln_II,1._FC_K%C3%B6ln,Holstein_Kiel,Borussia_Dortmund,VfL_Wolfsburg
Orkun Kökçü,Turkey,UEFA,Feyenoord,S.L._Benfica,Be%C5%9Fikta%C5%9F_J.K.
Kerem Aktürkoğlu,Turkey,UEFA,%C4%B0stanbul_Ba%C5%9Fak%C5%9Fehir_F.K.,BB_Bodrumspor,Karacabey_Belediyespor,24_Erzincanspor,Galatasaray_S.K._(football),S.L._Benfica,Fenerbah%C3%A7e_S.K._(football)
Arda Güler,Turkey,UEFA,Fenerbah%C3%A7e_S.K._(football),Real_Madrid_CF
Deniz Gül,Turkey,UEFA,Hammarby_Fotboll,Hammarby_Talang_FF,FC_Porto,FC_Porto_B
Hakan Çalhanoğlu,Turkey,UEFA,Karlsruher_SC,Hamburger_SV,Bayer_04_Leverkusen,AC_Milan,Inter_Milan
Kenan Yıldız,Turkey,UEFA,Juventus_Next_Gen,Juventus_FC
Altay Bayındır,Turkey,UEFA,MKE_Ankarag%C3%BCc%C3%BC,Fenerbah%C3%A7e_S.K._(football),Manchester_United_F.C.
Eren Elmalı,Turkey,UEFA,Kas%C4%B1mpa%C5%9Fa_S.K.,Silivrispor,Trabzonspor,Galatasaray_S.K._(football)
Abdülkerim Bardakcı,Turkey,UEFA,Konyaspor,1922_Konyaspor,Adana_Demirspor,Samsunspor,Giresunspor,Denizlispor,Altay_S.K.,Galatasaray_S.K._(football)
Ozan Kabak,Turkey,UEFA,Galatasaray_S.K._(football),VfB_Stuttgart,FC_Schalke_04,Liverpool_F.C.,Norwich_City_F.C.,TSG_1899_Hoffenheim
İsmail Yüksek,Turkey,UEFA,G%C3%B6lc%C3%BCkspor,Fenerbah%C3%A7e_S.K._(football),Bal%C4%B1kesirspor,Adana_Demirspor,Bursaspor
İrfan Can Kahveci,Turkey,UEFA,Gen%C3%A7lerbirli%C4%9Fi_S.K.,Hacettepe_S.K.,%C4%B0stanbul_Ba%C5%9Fak%C5%9Fehir_F.K.,Fenerbah%C3%A7e_S.K._(football),Kas%C4%B1mpa%C5%9Fa_S.K.
Mert Müldür,Turkey,UEFA,SK_Rapid_Wien,US_Sassuolo_Calcio,Fenerbah%C3%A7e_S.K._(football)
Yunus Akgün,Turkey,UEFA,Galatasaray_S.K._(football),Adana_Demirspor,Leicester_City_F.C.
Ferdi Kadıoğlu,Turkey,UEFA,NEC_Nijmegen,Fenerbah%C3%A7e_S.K._(football),Brighton_%26_Hove_Albion_F.C.
Barış Alper Yılmaz,Turkey,UEFA,Ankara_Demirspor,Ankara_Ke%C3%A7i%C3%B6reng%C3%BCc%C3%BC,Galatasaray_S.K._(football)
Kaan Ayhan,Turkey,UEFA,FC_Schalke_04_II,FC_Schalke_04,Eintracht_Frankfurt,Fortuna_D%C3%BCsseldorf,U.S._Sassuolo_Calcio,Galatasaray_S.K._(football)
Uğurcan Çakır,Turkey,UEFA,Trabzonspor,1461_Trabzon,Galatasaray_S.K._(football)
Oğuz Aydın,Turkey,UEFA,Bucaspor,Bucaspor_1928,Karacabey_Belediyespor,Alanyaspor,Fenerbah%C3%A7e_S.K._(football)
Samet Akaydin,Turkey,UEFA,Arsinspor,Sancaktepe_FK,%C5%9Eanl%C4%B1urfaspor,Ankara_Ke%C3%A7i%C3%B6reng%C3%BCc%C3%BC_S.K.,Adana_Demirspor,Fenerbah%C3%A7e_S.K._(football),Panathinaikos_F.C.,%C3%87aykur_Rizespor
Can Uzun,Turkey,UEFA,1._FC_N%C3%BCrnberg_II,1._FC_N%C3%BCrnberg,Eintracht_Frankfurt
Matt Turner,United States,CONCACAF,Jersey_Express_S.C.,New_England_Revolution,Richmond_Kickers,Arsenal_F.C.,Nottingham_Forest_F.C.,Crystal_Palace_F.C.,Olympique_Lyonnais
Sergiño Dest,United States,CONCACAF,Jong_Ajax,AFC_Ajax,FC_Barcelona,AC_Milan,PSV_Eindhoven
Chris Richards,United States,CONCACAF,FC_Bayern_Munich_II,FC_Bayern_Munich,TSG_1899_Hoffenheim,Crystal_Palace_F.C.
Tyler Adams,United States,CONCACAF,New_York_Red_Bulls_II,New_York_Red_Bulls,RB_Leipzig,Leeds_United_F.C.,AFC_Bournemouth
Antonee Robinson,United States,CONCACAF,Everton_F.C.,Bolton_Wanderers_F.C.,Wigan_Athletic_F.C.,Fulham_F.C.
Auston Trusty,United States,CONCACAF,Philadelphia_Union_II,Philadelphia_Union,Colorado_Rapids,Arsenal_F.C.,Birmingham_City_F.C.,Sheffield_United_F.C.,Celtic_F.C.
Giovanni Reyna,United States,CONCACAF,Borussia_Dortmund,Nottingham_Forest_F.C.,Borussia_M%C3%B6nchengladbach
Weston McKennie,United States,CONCACAF,FC_Schalke_04,Juventus_FC,Leeds_United_F.C.
Ricardo Pepi,United States,CONCACAF,FC_Dallas,North_Texas_SC,FC_Augsburg,FC_Groningen,Jong_PSV,PSV_Eindhoven
Christian Pulisic,United States,CONCACAF,Borussia_Dortmund,Chelsea_F.C.,AC_Milan
Brenden Aaronson,United States,CONCACAF,Philadelphia_Union_II,Philadelphia_Union,FC_Red_Bull_Salzburg,Leeds_United_F.C.,1._FC_Union_Berlin
Miles Robinson,United States,CONCACAF,Boston_Bolts_(USL),Atlanta_United_FC,Charleston_Battery,Atlanta_United_2,FC_Cincinnati
Tim Ream,United States,CONCACAF,Chicago_Fire_Premier,New_York_Red_Bulls,Bolton_Wanderers_F.C.,Fulham_F.C.,Charlotte_FC
Sebastian Berhalter,United States,CONCACAF,Columbus_Crew,Austin_FC,Vancouver_Whitecaps_FC,Whitecaps_FC_2
Cristian Roldan,United States,CONCACAF,Washington_Crossfire,Seattle_Sounders_FC_2,Seattle_Sounders_FC
Alex Freeman,United States,CONCACAF,Orlando_City_SC,Orlando_City_B,Villarreal_CF
Malik Tillman,United States,CONCACAF,FC_Bayern_Munich_II,FC_Bayern_Munich,Rangers_F.C.,Jong_PSV,PSV_Eindhoven,Bayer_04_Leverkusen
Max Arfsten,United States,CONCACAF,San_Jose_Earthquakes_II,Columbus_Crew,Columbus_Crew_2
Haji Wright,United States,CONCACAF,New_York_Cosmos_(2013%E2%80%932020),FC_Schalke_04_II,FC_Schalke_04,SV_Sandhausen,VVV-Venlo,S%C3%B8nderjyske_Fodbold,Antalyaspor,Coventry_City_F.C.
Folarin Balogun,United States,CONCACAF,Arsenal_F.C.,Middlesbrough_F.C.,Stade_de_Reims,AS_Monaco_FC
Timothy Weah,United States,CONCACAF,Paris_Saint-Germain_Academy,Paris_Saint-Germain_F.C.,Celtic_F.C.,Lille_OSC,Juventus_FC,Olympique_de_Marseille
Mark McKenzie,United States,CONCACAF,Bethlehem_Steel_FC,Philadelphia_Union,KRC_Genk,Toulouse_FC
Joe Scally,United States,CONCACAF,New_York_City_FC,Borussia_M%C3%B6nchengladbach_II,Borussia_M%C3%B6nchengladbach
Matt Freese,United States,CONCACAF,Philadelphia_Union_II,Philadelphia_Union,New_York_City_FC
Chris Brady,United States,CONCACAF,Chicago_Fire_FC,Forward_Madison_FC,Chicago_Fire_FC_II
Alejandro Zendejas,United States,CONCACAF,FC_Dallas,C.D._Guadalajara,Atl%C3%A9tico_Zacatepec,Club_Necaxa,Club_Am%C3%A9rica
Eloy Room,Curaçao,Unknown,SBV_Vitesse,Go_Ahead_Eagles,PSV_Eindhoven,Jong_PSV,Columbus_Crew,Cercle_Brugge_KSV,Miami_FC
Shurandy Sambo,Curaçao,Unknown,Jong_PSV,PSV_Eindhoven,Sparta_Rotterdam,Burnley_F.C.
Juriën Gaari,Curaçao,Unknown,VV_Smitshoek,Kozakken_Boys,RKC_Waalwijk,Al-Hazem_F.C.,Abha_Club
Roshon van Eijma,Curaçao,Unknown,Roda_JC_Kerkrade,SC_Preu%C3%9Fen_M%C3%BCnster,TOP_Oss,RKC_Waalwijk
Sherel Floranus,Curaçao,Unknown,Sparta_Rotterdam,SC_Heerenveen,Antalyaspor,Almere_City_FC,PEC_Zwolle
Godfried Roemeratoe,Curaçao,Unknown,Jong_FC_Twente,FC_Twente,Willem_II_Tilburg,Hapoel_Tel_Aviv_F.C.,RKC_Waalwijk
Juninho Bacuna,Curaçao,Unknown,FC_Groningen,Huddersfield_Town_A.F.C.,Rangers_F.C.,Birmingham_City_F.C.,Al-Wehda_FC,Gaziantep_F.K.,FC_Volendam
Livano Comenencia,Curaçao,Unknown,Jong_PSV,Juventus_Next_Gen,FC_Z%C3%BCrich
Jürgen Locadia,Curaçao,Unknown,PSV_Eindhoven,Brighton_and_Hove_Albion_F.C.,TSG_1899_Hoffenheim,FC_Cincinnati,VfL_Bochum,Persepolis_F.C.,Cangzhou_Mighty_Lions_F.C.,SD_Amorebieta,CF_Intercity,Miami_FC
Leandro Bacuna,Curaçao,Unknown,FC_Groningen,Aston_Villa_F.C.,Reading_F.C.,Cardiff_City_F.C.,Watford_F.C.,Band%C4%B1rmaspor,I%C4%9Fd%C4%B1r_F.K.
Jeremy Antonisse,Curaçao,Unknown,Jong_PSV,PSV_Eindhoven,FC_Emmen,Moreirense_F.C.,A.E._Kifisia_F.C.
Sontje Hansen,Curaçao,Unknown,Jong_Ajax,AFC_Ajax,NEC_Nijmegen,Middlesbrough_F.C.
Tyrese Noslin,Curaçao,Unknown,Almere_City_FC,SC_Telstar
Kenji Gorré,Curaçao,Unknown,Swansea_City_A.F.C.,ADO_Den_Haag,Northampton_Town_F.C.,C.D._Nacional,G.D._Estoril_Praia,Boavista_F.C.,Umm_Salal_SC,Maccabi_Haifa_F.C.
Ar'jany Martha,Curaçao,Unknown,Jong_Ajax,AFC_Ajax,K_Beerschot_VA,Rotherham_United
Jearl Margaritha,Curaçao,Unknown,VV_Hoogeveen,Almere_City_FC,TOP_Oss,Sabah_FC_(Azerbaijan),Phoenix_Rising_FC,SK_Beveren
Brandley Kuwas,Curaçao,Unknown,FC_Volendam,SBV_Excelsior,Heracles_Almelo,Al-Nasr_Dubai_SC,Al_Jazira_Club,Maccabi_Tel_Aviv_F.C.,Giresunspor
Armando Obispo,Curaçao,Unknown,Jong_PSV,PSV_Eindhoven,SBV_Vitesse
Gervane Kastaneer,Curaçao,Unknown,FC_Dordrecht,ADO_Den_Haag,FC_Eindhoven,1._FC_Kaiserslautern,1._FC_Kaiserslautern_II,NAC_Breda,Coventry_City_F.C.,Heart_of_Midlothian_F.C.,PEC_Zwolle,CD_Castell%C3%B3n,Persib_Bandung,Persis_Solo,Terengganu_FC
Joshua Brenet,Curaçao,Unknown,Jong_PSV,PSV_Eindhoven,TSG_1899_Hoffenheim,SBV_Vitesse,TSG_1899_Hoffenheim_II,FC_Twente,Al-Rayyan_SC,Livingston_F.C.,Kayserispor
Tahith Chong,Curaçao,Unknown,Manchester_United_F.C.,SV_Werder_Bremen,Club_Brugge_KV,Birmingham_City_F.C.,Luton_Town_F.C.,Sheffield_United_F.C.
Kevin Felida,Curaçao,Unknown,FC_Den_Bosch,RKC_Waalwijk
Riechedly Bazoer,Curaçao,Unknown,AFC_Ajax,Jong_Ajax,VfL_Wolfsburg,FC_Porto_B,FC_Porto,FC_Utrecht,SBV_Vitesse,AZ_Alkmaar,Konyaspor
Deveron Fonville,Curaçao,Unknown,Jong_FC_Utrecht,USV_Hercules,IJsselmeervogels,FC_Dordrecht,NEC_Nijmegen
Tyrick Bodak,Curaçao,Unknown,Jong_PSV,SC_Cambuur,SC_Telstar
Trevor Doornbusch,Curaçao,Unknown,SC_Heerenveen,SC_Telstar,FC_Dordrecht,VVV-Venlo
Hernán Galíndez,Ecuador,CONMEBOL,Rosario_Central,Quilmes_Atl%C3%A9tico_Club,Rangers_de_Talca,C.D._Universidad_Cat%C3%B3lica_del_Ecuador,Club_Universidad_de_Chile,S.D._Aucas,Club_Atl%C3%A9tico_Hurac%C3%A1n
Félix Torres,Ecuador,CONMEBOL,LDU_Portoviejo,Barcelona_S.C.,Santos_Laguna,Sport_Club_Corinthians_Paulista,SC_Internacional
Piero Hincapié,Ecuador,CONMEBOL,Independiente_del_Valle,Talleres_de_C%C3%B3rdoba,Bayer_04_Leverkusen,Arsenal_F.C.
Joel Ordóñez,Ecuador,CONMEBOL,C.S.D._Independiente_del_Valle,Club_NXT,Club_Brugge_KV
Jordy Alcívar,Ecuador,CONMEBOL,L.D.U._Quito,Charlotte_FC,Independiente_del_Valle,Club_Le%C3%B3n
Willian Pacho,Ecuador,CONMEBOL,Independiente_del_Valle,Royal_Antwerp_F.C.,Eintracht_Frankfurt,Paris_Saint-Germain_FC
Pervis Estupiñán,Ecuador,CONMEBOL,L.D.U._Quito,Watford_F.C.,Granada_CF_B,Granada_CF,UD_Almer%C3%ADa,RCD_Mallorca,CA_Osasuna,Villarreal_CF,Brighton_%26_Hove_Albion_F.C.,AC_Milan
Anthony Valencia,Ecuador,CONMEBOL,C.D._Independiente_Juniors,C.S.D._Independiente_del_Valle,Royal_Antwerp_FC
John Yeboah,Ecuador,CONMEBOL,VfL_Wolfsburg,VfL_Wolfsburg_II,VVV-Venlo,Willem_II_(football_club),Almere_City_FC,MSV_Duisburg,%C5%9Al%C4%85sk_Wroc%C5%82aw,Rak%C3%B3w_Cz%C4%99stochowa,Venezia_FC
Kendry Páez,Ecuador,CONMEBOL,Independiente_del_Valle,Chelsea_F.C.,RC_Strasbourg_Alsace,Club_Atl%C3%A9tico_River_Plate
Kevin Rodríguez,Ecuador,CONMEBOL,Imbabura_S.C.,C.S.D._Independiente_del_Valle,Royale_Union_Saint-Gilloise
Moisés Ramírez,Ecuador,CONMEBOL,C.S.D._Independiente_del_Valle,Real_Sociedad_B,A.E._Kifisia_F.C.
Enner Valencia,Ecuador,CONMEBOL,C.S._Emelec,C.F._Pachuca,West_Ham_United_F.C.,Everton_F.C.,Tigres_UANL,Fenerbah%C3%A7e_S.K._(football),SC_Internacional
Alan Minda,Ecuador,CONMEBOL,C.D._Independiente_Juniors,C.S.D._Independiente_del_Valle,Cercle_Brugge_K.S.V.,Clube_Atl%C3%A9tico_Mineiro
Pedro Vite,Ecuador,CONMEBOL,C.D._Independiente_Juniors,C.S.D._Independiente_del_Valle,Vancouver_Whitecaps_FC,Whitecaps_FC_2,Pumas_UNAM
Jordy Caicedo,Ecuador,CONMEBOL,C.D._Universidad_Cat%C3%B3lica_del_Ecuador,C.D._El_Nacional,Esporte_Clube_Vit%C3%B3ria,PFC_CSKA_Sofia,Tigres_UANL,Sivasspor,Atlas_F.C.,Sporting_de_Gij%C3%B3n,Club_Atl%C3%A9tico_Hurac%C3%A1n
Ángelo Preciado,Ecuador,CONMEBOL,Alianza_Cotopaxi_S.C.,C.S.D._Independiente_del_Valle,K.R.C._Genk,AC_Sparta_Prague,Clube_Atl%C3%A9tico_Mineiro
Denil Castillo,Ecuador,CONMEBOL,L.D.U._Quito,FC_Shakhtar_Donetsk,FK_Partizan,FC_Midtjylland
Gonzalo Plata,Ecuador,CONMEBOL,C.S.D._Independiente_del_Valle,Sporting_CP,Sporting_CP_B,Real_Valladolid,Al_Sadd_SC,CR_Flamengo
Nilson Angulo,Ecuador,CONMEBOL,L.D.U._Quito,RSC_Anderlecht,RSCA_Futures,Sunderland_A.F.C.
Alan Franco,Ecuador,CONMEBOL,C.S.D._Independiente_del_Valle,Clube_Atl%C3%A9tico_Mineiro,Charlotte_FC,Talleres_de_C%C3%B3rdoba
Gonzalo Valle,Ecuador,CONMEBOL,Guayaquil_City_F.C.,L.D.U._Quito
Moisés Caicedo,Ecuador,CONMEBOL,C.S.D._Independiente_del_Valle,Brighton_%26_Hove_Albion_F.C.,K_Beerschot_VA,Chelsea_F.C.
Jeremy Arévalo,Ecuador,CONMEBOL,Rayo_Cantabria,Racing_de_Santander,VfB_Stuttgart,VfB_Stuttgart_II
Jackson Porozo,Ecuador,CONMEBOL,Manta_F.C.,Boavista_F.C.,ES_Troyes_AC,Olympiacos_F.C.,Kas%C4%B1mpa%C5%9Fa_S.K.,CD_Legan%C3%A9s,Club_Tijuana
Yaimar Medina,Ecuador,CONMEBOL,Independiente_del_Valle,KRC_Genk
Manuel Neuer,Germany,UEFA,FC_Schalke_04_II,FC_Schalke_04,FC_Bayern_Munich
Antonio Rüdiger,Germany,UEFA,VfB_Stuttgart_II,VfB_Stuttgart,AS_Roma,Chelsea_F.C.,Real_Madrid_CF
Waldemar Anton,Germany,UEFA,Hannover_96_II,Hannover_96,VfB_Stuttgart,Borussia_Dortmund
Jonathan Tah,Germany,UEFA,Hamburger_SV_II,Hamburger_SV,Fortuna_D%C3%BCsseldorf,Bayer_04_Leverkusen,FC_Bayern_Munich
Aleksandar Pavlović,Germany,UEFA,FC_Bayern_Munich_II,FC_Bayern_Munich
Joshua Kimmich,Germany,UEFA,RB_Leipzig,FC_Bayern_Munich
Kai Havertz,Germany,UEFA,Bayer_04_Leverkusen,Chelsea_F.C.,Arsenal_F.C.
Leon Goretzka,Germany,UEFA,VfL_Bochum,FC_Schalke_04,FC_Schalke_04_II,FC_Bayern_Munich
Jamie Leweling,Germany,UEFA,SpVgg_Greuther_F%C3%BCrth,1._FC_Union_Berlin,VfB_Stuttgart
Jamal Musiala,Germany,UEFA,FC_Bayern_Munich_II,FC_Bayern_Munich
Nick Woltemade,Germany,UEFA,SV_Werder_Bremen,SV_Werder_Bremen_II,SV_Elversberg,VfB_Stuttgart,Newcastle_United_F.C.
Oliver Baumann,Germany,UEFA,SC_Freiburg,TSG_1899_Hoffenheim
Pascal Groß,Germany,UEFA,TSG_1899_Hoffenheim,TSG_1899_Hoffenheim_II,Karlsruher_SC,Karlsruher_SC_II,FC_Ingolstadt_04,FC_Ingolstadt_04_II,Brighton_%26_Hove_Albion_F.C.,Borussia_Dortmund
Maximilian Beier,Germany,UEFA,TSG_1899_Hoffenheim_II,TSG_1899_Hoffenheim,Hannover_96,Borussia_Dortmund
Nico Schlotterbeck,Germany,UEFA,SC_Freiburg_II,SC_Freiburg,1._FC_Union_Berlin,Borussia_Dortmund
Angelo Stiller,Germany,UEFA,FC_Bayern_Munich_II,FC_Bayern_Munich,TSG_1899_Hoffenheim,VfB_Stuttgart
Florian Wirtz,Germany,UEFA,Bayer_04_Leverkusen,Liverpool_F.C.
Nathaniel Brown,Germany,UEFA,1._FC_N%C3%BCrnberg_II,1._FC_N%C3%BCrnberg,Eintracht_Frankfurt
Leroy Sané,Germany,UEFA,FC_Schalke_04,Manchester_City_F.C.,FC_Bayern_Munich,Galatasaray_S.K._(football)
Nadiem Amiri,Germany,UEFA,TSG_1899_Hoffenheim_II,TSG_1899_Hoffenheim,Bayer_04_Leverkusen,Genoa_CFC,1._FSV_Mainz_05
Alexander Nübel,Germany,UEFA,SC_Paderborn_07,FC_Schalke_04_II,FC_Schalke_04,FC_Bayern_Munich,AS_Monaco_FC,VfB_Stuttgart
David Raum,Germany,UEFA,SpVgg_Greuther_F%C3%BCrth_II,SpVgg_Greuther_F%C3%BCrth,TSG_1899_Hoffenheim,RB_Leipzig
Felix Nmecha,Germany,UEFA,Manchester_City_F.C.,VfL_Wolfsburg,Borussia_Dortmund
Malick Thiaw,Germany,UEFA,FC_Schalke_04,AC_Milan,Newcastle_United_F.C.
Assan Ouédraogo,Germany,UEFA,FC_Schalke_04,FC_Schalke_04_II,RB_Leipzig
Deniz Undav,Germany,UEFA,TSV_Havelse,Eintracht_Braunschweig_II,SV_Meppen,Royale_Union_Saint-Gilloise,Brighton_%26_Hove_Albion_F.C.,VfB_Stuttgart
Yahia Fofana,Ivory Coast,CAF,Le_Havre_AC,Angers_SCO,%C3%87aykur_Rizespor
Ousmane Diomande,Ivory Coast,CAF,FC_Midtjylland,C.D._Mafra,Sporting_CP
Ghislain Konan,Ivory Coast,CAF,ASEC_Mimosas,Vit%C3%B3ria_S.C._B,Vit%C3%B3ria_S.C.,Stade_de_Reims,Al_Nassr_FC,Al-Fayha_FC,Burgos_CF,Gil_Vicente_F.C.
Jean Michaël Seri,Ivory Coast,CAF,ASEC_Mimosas,F.C._Porto_B,F.C._Pa%C3%A7os_de_Ferreira,OGC_Nice,Fulham_F.C.,Galatasaray_S.K._(football),FC_Girondins_de_Bordeaux,Hull_City_A.F.C.,Al-Orobah_FC,NK_Maribor
Wilfried Singo,Ivory Coast,CAF,Torino_FC,AS_Monaco_FC,Galatasaray_S.K._(football)
Seko Fofana,Ivory Coast,CAF,Manchester_City_F.C.,Fulham_F.C.,SC_Bastia,Udinese_Calcio,RC_Lens,Al_Nassr_FC,Al-Ettifaq_FC,Stade_Rennais_FC,FC_Porto
Odilon Kossounou,Ivory Coast,CAF,Hammarby_Fotboll,Club_Brugge_KV,Bayer_04_Leverkusen,Atalanta_BC
Franck Kessié,Ivory Coast,CAF,Stella_Club_d%27Adjam%C3%A9,Atalanta_BC,AC_Cesena,AC_Milan,FC_Barcelona,Al-Ahli_Saudi_FC
Ange-Yoan Bonny,Ivory Coast,CAF,LB_Ch%C3%A2teauroux,Parma_Calcio_1913,Inter_Milan
Simon Adingra,Ivory Coast,CAF,FC_Nordsj%C3%A6lland,Brighton_%26_Hove_Albion_F.C.,Royale_Union_Saint-Gilloise,Sunderland_A.F.C.,AS_Monaco_FC
Yan Diomande,Ivory Coast,CAF,CD_Legan%C3%A9s_B,CD_Legan%C3%A9s,RB_Leipzig
Elye Wahi,Ivory Coast,CAF,Montpellier_HSC_II,Montpellier_HSC,RC_Lens,Olympique_de_Marseille,Eintracht_Frankfurt,OGC_Nice
Christopher Opéri,Ivory Coast,CAF,Stade_Malherbe_Caen,LB_Ch%C3%A2teauroux,K.A.A._Gent,Le_Havre_AC,%C4%B0stanbul_Ba%C5%9Fak%C5%9Fehir_F.K.
Oumar Diakité,Ivory Coast,CAF,ASEC_Mimosas,FC_Red_Bull_Salzburg,FC_Liefering,Stade_de_Reims,Cercle_Brugge_KSV
Amad Diallo,Ivory Coast,CAF,Atalanta_B.C.,Manchester_United_F.C.,Rangers_F.C.,Sunderland_A.F.C.
Mohamed Koné,Ivory Coast,CAF,Le_Havre_AC,USL_Dunkerque,Royal_Charleroi_S.C.
Guéla Doué,Ivory Coast,CAF,Stade_Rennais_F.C.,RC_Strasbourg_Alsace
Ibrahim Sangaré,Ivory Coast,CAF,Toulouse_FC,PSV_Eindhoven,Nottingham_Forest_F.C.
Nicolas Pépé,Ivory Coast,CAF,Poitiers_FC,Angers_SCO,US_Orl%C3%A9ans,Lille_OSC,Arsenal_F.C.,OGC_Nice,Trabzonspor,Villarreal_CF
Emmanuel Agbadou,Ivory Coast,CAF,US_Monastir_(football),K.A.S._Eupen,Stade_de_Reims,Wolverhampton_Wanderers_F.C.,Be%C5%9Fikta%C5%9F_J.K.
Evan Ndicka,Ivory Coast,CAF,AJ_Auxerre,Eintracht_Frankfurt,AS_Roma
Evann Guessand,Ivory Coast,CAF,OGC_Nice,FC_Lausanne-Sport,FC_Nantes,Aston_Villa_F.C.,Crystal_Palace_F.C.
Alban Lafont,Ivory Coast,CAF,Toulouse_FC,ACF_Fiorentina,FC_Nantes,Panathinaikos_F.C.
Bazoumana Touré,Ivory Coast,CAF,ASEC_Mimosas,Hammarby_Fotboll,TSG_1899_Hoffenheim
Parfait Guiagon,Ivory Coast,CAF,Africa_Sports_d%27Abidjan,Maccabi_Tel_Aviv_F.C.,Beitar_Tel_Aviv_Bat_Yam_F.C.,Maccabi_Netanya_F.C.,R._Charleroi_S.C.
Christ Inao Oulaï,Ivory Coast,CAF,SC_Bastia,Trabzonspor
Zion Suzuki,Japan,AFC,Urawa_Red_Diamonds,Sint-Truidense_V.V.,Parma_Calcio_1913
Yukinari Sugawara,Japan,AFC,Nagoya_Grampus,AZ_Alkmaar,Southampton_F.C.,SV_Werder_Bremen
Shōgo Taniguchi,Japan,AFC,Kawasaki_Frontale,Al-Rayyan_SC,Sint-Truidense_VV
Kō Itakura,Japan,AFC,Kawasaki_Frontale,J.League_U-22_Selection,Vegalta_Sendai,Manchester_City_F.C.,FC_Groningen,FC_Schalke_04,Borussia_M%C3%B6nchengladbach,AFC_Ajax
Yūto Nagatomo,Japan,AFC,FC_Tokyo,AC_Cesena,Inter_Milan,Galatasaray_S.K._(football),Olympique_de_Marseille
Shūto Machino,Japan,AFC,Yokohama_F._Marinos,Giravanz_Kitakyushu,Shonan_Bellmare,Holstein_Kiel,Borussia_M%C3%B6nchengladbach
Ao Tanaka,Japan,AFC,Kawasaki_Frontale,Fortuna_D%C3%BCsseldorf,Leeds_United_F.C.
Takefusa Kubo,Japan,AFC,FC_Tokyo_U-23,FC_Tokyo,Yokohama_F._Marinos,Real_Madrid_CF,RCD_Mallorca,Villarreal_CF,Getafe_CF,Real_Sociedad
Keisuke Gotō,Japan,AFC,J%C3%BAbilo_Iwata,RSCA_Futures,RSC_Anderlecht,Sint-Truidense_V.V.,SC_Freiburg
Ritsu Dōan,Japan,AFC,Gamba_Osaka,FC_Groningen,PSV_Eindhoven,Arminia_Bielefeld,SC_Freiburg,Eintracht_Frankfurt
Daizen Maeda,Japan,AFC,Matsumoto_Yamaga,Mito_HollyHock,C.S._Mar%C3%ADtimo,Yokohama_F._Marinos,Celtic_F.C.
Keisuke Ōsako,Japan,AFC,Sanfrecce_Hiroshima
Keito Nakamura,Japan,AFC,Gamba_Osaka,Gamba_Osaka_U-23,FC_Twente,Sint-Truidense_V.V.,FC_Juniors_O%C3%96,LASK,Stade_de_Reims
Junya Itō,Japan,AFC,Ventforet_Kofu,Kashiwa_Reysol,KRC_Genk,Stade_de_Reims
Daichi Kamada,Japan,AFC,Sagan_Tosu,J.League_U-22_Selection,Eintracht_Frankfurt,Sint-Truidense_V.V.,SS_Lazio,Crystal_Palace_F.C.
Tsuyoshi Watanabe,Japan,AFC,FC_Tokyo_U-23,FC_Tokyo,K.V._Kortrijk,KAA_Gent,Feyenoord
Yuito Suzuki,Japan,AFC,Shimizu_S-Pulse,RC_Strasbourg_Alsace,Br%C3%B8ndby_IF,SC_Freiburg
Ayase Ueda,Japan,AFC,Kashima_Antlers,Cercle_Brugge_KSV,Feyenoord
Kōki Ogawa,Japan,AFC,J%C3%BAbilo_Iwata,Mito_HollyHock,Yokohama_FC,NEC_Nijmegen
Ayumu Seko,Japan,AFC,Cerezo_Osaka_U-23,Cerezo_Osaka,Grasshopper_Club_Z%C3%BCrich,Le_Havre_AC
Hiroki Itō,Japan,AFC,J%C3%BAbilo_Iwata,Nagoya_Grampus,VfB_Stuttgart,FC_Bayern_Munich
Takehiro Tomiyasu,Japan,AFC,Avispa_Fukuoka,Sint-Truidense_V.V.,Bologna_F.C._1909,Arsenal_F.C.,AFC_Ajax
Tomoki Hayakawa,Japan,AFC,Kashima_Antlers
Kaishū Sano,Japan,AFC,FC_Machida_Zelvia,Kashima_Antlers,1._FSV_Mainz_05
Junnosuke Suzuki,Japan,AFC,Shonan_Bellmare,F.C._Copenhagen
Kento Shiogai,Japan,AFC,Yokohama_F._Marinos,NEC_Nijmegen,VfL_Wolfsburg
Bart Verbruggen,Netherlands,UEFA,RSC_Anderlecht,RSCA_Futures,Brighton_%26_Hove_Albion_F.C.
Lutsharel Geertruida,Netherlands,UEFA,Feyenoord,RB_Leipzig,Sunderland_A.F.C.
Marten de Roon,Netherlands,UEFA,Sparta_Rotterdam,SC_Heerenveen,Atalanta_BC,Middlesbrough_F.C.
Virgil van Dijk,Netherlands,UEFA,FC_Groningen,Celtic_F.C.,Southampton_F.C.,Liverpool_F.C.
Nathan Aké,Netherlands,UEFA,Chelsea_F.C.,Reading_F.C.,Watford_F.C.,AFC_Bournemouth,Manchester_City_F.C.
Jan Paul van Hecke,Netherlands,UEFA,NAC_Breda,Brighton_%26_Hove_Albion_F.C.,SC_Heerenveen,Blackburn_Rovers_F.C.,Tottenham_Hotspur_F.C.
Justin Kluivert,Netherlands,UEFA,Jong_Ajax,AFC_Ajax,AS_Roma,RB_Leipzig,OGC_Nice,Valencia_CF,AFC_Bournemouth
Ryan Gravenberch,Netherlands,UEFA,Jong_Ajax,AFC_Ajax,FC_Bayern_Munich,Liverpool_F.C.
Wout Weghorst,Netherlands,UEFA,FC_Emmen,Heracles_Almelo,AZ_Alkmaar,VfL_Wolfsburg,Burnley_F.C.,Be%C5%9Fikta%C5%9F_J.K.,Manchester_United_F.C.,TSG_1899_Hoffenheim,AFC_Ajax
Memphis Depay,Netherlands,UEFA,PSV_Eindhoven,Manchester_United_F.C.,Olympique_Lyonnais,FC_Barcelona,Atl%C3%A9tico_Madrid,Sport_Club_Corinthians_Paulista
Cody Gakpo,Netherlands,UEFA,Jong_PSV,PSV_Eindhoven,Liverpool_F.C.
Mats Wieffer,Netherlands,UEFA,Jong_FC_Twente,FC_Twente,Excelsior_Rotterdam,Feyenoord,Brighton_%26_Hove_Albion_F.C.
Robin Roefs,Netherlands,UEFA,NEC_Nijmegen,Sunderland_A.F.C.
Tijjani Reijnders,Netherlands,UEFA,PEC_Zwolle,Jong_AZ,AZ_Alkmaar,RKC_Waalwijk,AC_Milan,Manchester_City_F.C.
Micky van de Ven,Netherlands,UEFA,FC_Volendam,VfL_Wolfsburg,Tottenham_Hotspur_F.C.
Guus Til,Netherlands,UEFA,Jong_AZ,AZ_Alkmaar,FC_Spartak_Moscow,SC_Freiburg,SC_Freiburg_II,Feyenoord,PSV_Eindhoven
Noa Lang,Netherlands,UEFA,Jong_Ajax,AFC_Ajax,FC_Twente,Club_Brugge_KV,PSV_Eindhoven,SSC_Napoli,Galatasaray_S.K._(football)
Donyell Malen,Netherlands,UEFA,Jong_PSV,PSV_Eindhoven,Borussia_Dortmund,Aston_Villa_F.C.,AS_Roma
Brian Brobbey,Netherlands,UEFA,Jong_Ajax,AFC_Ajax,RB_Leipzig,Sunderland_A.F.C.
Teun Koopmeiners,Netherlands,UEFA,Jong_AZ,AZ_Alkmaar,Atalanta_BC,Juventus_FC
Frenkie de Jong,Netherlands,UEFA,Willem_II_(football_club),Jong_Ajax,AFC_Ajax,FC_Barcelona
Denzel Dumfries,Netherlands,UEFA,Sparta_Rotterdam,SC_Heerenveen,PSV_Eindhoven,Inter_Milan
Mark Flekken,Netherlands,UEFA,Alemannia_Aachen,SpVgg_Greuther_F%C3%BCrth,SpVgg_Greuther_F%C3%BCrth_II,MSV_Duisburg,SC_Freiburg,SC_Freiburg_II,Brentford_F.C.,Bayer_04_Leverkusen
Crysencio Summerville,Netherlands,UEFA,Feyenoord,FC_Dordrecht,ADO_Den_Haag,Leeds_United_F.C.,West_Ham_United_F.C.
Jorrel Hato,Netherlands,UEFA,Jong_Ajax,AFC_Ajax,Chelsea_F.C.
Quinten Timber,Netherlands,UEFA,Jong_Ajax,FC_Utrecht,Feyenoord,Olympique_de_Marseille
Jacob Widell Zetterström,Sweden,Unknown,IFK_Liding%C3%B6_Fotboll,Djurg%C3%A5rdens_IF_Fotboll,Derby_County_F.C.
Gustaf Lagerbielke,Sweden,Unknown,AIK_Fotboll,Sollentuna_FK,V%C3%A4ster%C3%A5s_SK_Fotboll,IF_Elfsborg,Degerfors_IF,Celtic_F.C.,FC_Twente,S.C._Braga
Victor Lindelöf,Sweden,Unknown,V%C3%A4ster%C3%A5s_SK_Fotboll,S.L._Benfica_B,S.L._Benfica,Manchester_United_F.C.,Aston_Villa_F.C.
Isak Hien,Sweden,Unknown,Vasalunds_IF,Djurg%C3%A5rdens_IF_Fotboll,Hellas_Verona_FC,Atalanta_BC
Gabriel Gudmundsson,Sweden,Unknown,Halmstads_BK,FC_Groningen,Lille_OSC,Leeds_United_F.C.
Herman Johansson,Sweden,Unknown,Friska_Viljor_FC,Sandvikens_IF,Mj%C3%A4llby_AIF,FC_Dallas
Lucas Bergvall,Sweden,Unknown,IF_Brommapojkarna,Djurg%C3%A5rdens_IF_Fotboll,Tottenham_Hotspur_F.C.
Daniel Svensson,Sweden,Unknown,IF_Brommapojkarna,FC_Nordsj%C3%A6lland,Borussia_Dortmund
Alexander Isak,Sweden,Unknown,AIK_Fotboll,Borussia_Dortmund_II,Borussia_Dortmund,Willem_II_(football_club),Real_Sociedad,Newcastle_United_F.C.,Liverpool_F.C.
Benjamin Nygren,Sweden,Unknown,IFK_G%C3%B6teborg,K.R.C._Genk,SC_Heerenveen,FC_Nordsj%C3%A6lland,Celtic_F.C.
Anthony Elanga,Sweden,Unknown,Manchester_United_F.C.,Nottingham_Forest_F.C.,Newcastle_United_F.C.
Viktor Johansson,Sweden,Unknown,Aston_Villa_F.C.,Alfreton_Town_F.C.,Leicester_City_F.C.,Rotherham_United_F.C.,Stoke_City_F.C.
Ken Sema,Sweden,Unknown,IFK_Norrk%C3%B6ping,IF_Sylvia,Ljungskile_SK,%C3%96stersunds_FK,Watford_F.C.,Udinese_Calcio,Pafos_FC
Hjalmar Ekdal,Sweden,Unknown,IK_Frej,Assyriska_FF,Hammarby_Fotboll,IK_Sirius_Fotboll,Djurg%C3%A5rdens_IF_Fotboll,Burnley_F.C.,FC_Groningen
Carl Starfelt,Sweden,Unknown,IF_Brommapojkarna,IFK_G%C3%B6teborg,FC_Rubin_Kazan,Celtic_F.C.,RC_Celta_de_Vigo
Jesper Karlström,Sweden,Unknown,IF_Brommapojkarna,Djurg%C3%A5rdens_IF_Fotboll,Lech_Pozna%C5%84,Udinese_Calcio
Viktor Gyökeres,Sweden,Unknown,IF_Brommapojkarna,Brighton_%26_Hove_Albion_F.C.,FC_St._Pauli,Swansea_City_A.F.C.,Coventry_City_F.C.,Sporting_CP,Arsenal_F.C.
Yasin Ayari,Sweden,Unknown,AIK_Fotboll,Brighton_%26_Hove_Albion_F.C.,Coventry_City_F.C.,Blackburn_Rovers_F.C.
Mattias Svanberg,Sweden,Unknown,Malm%C3%B6_FF,Bologna_FC_1909,VfL_Wolfsburg
Eric Smith,Sweden,Unknown,Halmstads_BK,IFK_Norrk%C3%B6ping,K.A.A._Gent,Troms%C3%B8_IL,FC_St._Pauli
Alexander Bernhardsson,Sweden,Unknown,Jonsereds_IF,S%C3%A4vedalens_IF,%C3%96rgryte_IS,IF_Elfsborg,Holstein_Kiel
Besfort Zeneli,Sweden,Unknown,IF_Elfsborg,Royale_Union_Saint-Gilloise
Kristoffer Nordfeldt,Sweden,Unknown,IF_Brommapojkarna,SC_Heerenveen,Swansea_City_A.F.C.,Gen%C3%A7lerbirli%C4%9Fi_S.K.,AIK_Fotboll
Elliot Stroud,Sweden,Unknown,IK_Oddevold,Mj%C3%A4llby_AIF
Gustaf Nilsson,Sweden,Unknown,Falkenbergs_FF,Br%C3%B8ndby_IF,Silkeborg_IF,Vejle_Boldklub,BK_H%C3%A4cken,SV_Wehen_Wiesbaden,Royale_Union_Saint-Gilloise,Club_Brugge_KV
Taha Ali,Sweden,Unknown,Sundbybergs_IK,IFK_Stocksund,Sollentuna_FK,%C3%96rebro_SK,V%C3%A4ster%C3%A5s_SK_FK,Helsingborgs_IF,Malm%C3%B6_FF
Mouhib Chamakh,Tunisia,CAF,CO_M%C3%A9denine,ES_M%C3%A9tlaoui,Club_Africain
Ali Abdi,Tunisia,CAF,JS_Kairouan,Esp%C3%A9rance_Sportive_de_Tunis,Stade_Tunisien,Club_Africain,Paris_FC,Stade_Malherbe_Caen,OGC_Nice
Montassar Talbi,Tunisia,CAF,Esp%C3%A9rance_Sportive_de_Tunis,%C3%87aykur_Rizespor,Benevento_Calcio,FC_Rubin_Kazan,FC_Lorient
Omar Rekik,Tunisia,CAF,Hertha_BSC_II,Arsenal_F.C.,Sparta_Rotterdam,Wigan_Athletic_F.C.,Servette_FC,NK_Maribor
Adem Arous,Tunisia,CAF,Stade_Tunisien,Kas%C4%B1mpa%C5%9Fa_S.K.
Dylan Bronn,Tunisia,CAF,AS_Cannes,Chamois_Niortais_F.C.,K.A.A._Gent,FC_Metz,US_Salernitana_1919,Servette_FC
Elias Achouri,Tunisia,CAF,Vit%C3%B3ria_S.C._B,G.D._Estoril_Praia,C.D._Trofense,Viborg_FF,F.C._Copenhagen
Elias Saad,Tunisia,CAF,HSV_Barmbek-Uhlenhorst,FC_Eintracht_Norderstedt_03,FC_St._Pauli_II,FC_St._Pauli,FC_Augsburg,Hannover_96
Hazem Mastouri,Tunisia,CAF,Degache,Tozeur,ES_M%C3%A9tlaoui,Al-Najaf_FC,US_Monastir_(football),FC_Dynamo_Makhachkala
Hannibal Mejbri,Tunisia,CAF,Manchester_United_F.C.,Birmingham_City_F.C.,Sevilla_FC,Burnley_F.C.
Ismaël Gharbi,Tunisia,CAF,Paris_Saint-Germain_F.C.,FC_Stade_Lausanne_Ouchy,S.C._Braga,FC_Augsburg
Mortadha Ben Ouanes,Tunisia,CAF,%C3%89toile_Sportive_du_Sahel,US_Monastir_(football),CA_Bizertin,Kas%C4%B1mpa%C5%9Fa_S.K.
Rani Khedira,Tunisia,CAF,VfB_Stuttgart_II,VfB_Stuttgart,RB_Leipzig,RB_Leipzig_II,FC_Augsburg,1._FC_Union_Berlin
Khalil Ayari,Tunisia,CAF,Stade_Tunisien,Paris_Saint-Germain_FC
Hadj Mahmoud,Tunisia,CAF,%C3%89toile_Sportive_du_Sahel,FC_Lugano
Aymen Dahmen,Tunisia,CAF,CS_Sfaxien,Al-Hazem_F.C.
Ellyes Skhiri,Tunisia,CAF,Montpellier_HSC,1._FC_K%C3%B6ln,Eintracht_Frankfurt
Rayan Elloumi,Tunisia,CAF,Whitecaps_FC_Academy,Whitecaps_FC_2,Vancouver_Whitecaps_FC
Firas Chaouat,Tunisia,CAF,CS_Sfaxien,Abha_Club,Ismaily_SC,Al-Muharraq_SC,%C3%89toile_Sportive_du_Sahel,Club_Africain
Yan Valery,Tunisia,CAF,Southampton_F.C.,Birmingham_City_F.C.,Angers_SCO,Sheffield_Wednesday_F.C.,BSC_Young_Boys
Mohamed Amine Ben Hamida,Tunisia,CAF,Esp%C3%A9rance_Sportive_de_Tunis,Olympique_B%C3%A9ja,AS_Soliman
Sabri Ben Hessen,Tunisia,CAF,CS_Sfaxien,CS_Hammam-Lif,%C3%89toile_Sportive_du_Sahel
Moutaz Neffati,Tunisia,CAF,IFK_Norrk%C3%B6ping,IF_Sylvia,Knattspyrnuf%C3%A9lag_Reykjav%C3%ADkur
Raed Chikhaoui,Tunisia,CAF,ES_Hammam_Sousse,US_Monastir_(football)
Anis Ben Slimane,Tunisia,CAF,Akademisk_Boldklub,Br%C3%B8ndby_IF,Sheffield_United_F.C.,Norwich_City_F.C.
Sebastian Tounekti,Tunisia,CAF,Tromsdalen_UIL,FK_Bod%C3%B8/Glimt,FC_Groningen,FK_Haugesund,Ranheim_Fotball,Hammarby_Fotboll,Celtic_FC
Thibaut Courtois,Belgium,UEFA,KRC_Genk,Chelsea_F.C.,Atl%C3%A9tico_Madrid,Real_Madrid_CF
Zeno Debast,Belgium,UEFA,R.S.C._Anderlecht,Sporting_CP
Arthur Theate,Belgium,UEFA,KV_Oostende,Bologna_FC_1909,Stade_Rennais_FC,Eintracht_Frankfurt
Brandon Mechele,Belgium,UEFA,Club_Brugge_KV,Sint-Truidense_V.V.
Maxim De Cuyper,Belgium,UEFA,Club_Brugge_KV,Club_NXT,KVC_Westerlo,Brighton_%26_Hove_Albion_F.C.
Axel Witsel,Belgium,UEFA,Standard_Li%C3%A8ge,S.L._Benfica,FC_Zenit_Saint_Petersburg,Tianjin_Quanjian_F.C.,Borussia_Dortmund,Atl%C3%A9tico_Madrid,Girona_FC
Kevin De Bruyne,Belgium,UEFA,KRC_Genk,Chelsea_F.C.,SV_Werder_Bremen,VfL_Wolfsburg,Manchester_City_F.C.,SSC_Napoli
Youri Tielemans,Belgium,UEFA,R.S.C._Anderlecht,AS_Monaco_FC,Leicester_City_F.C.,Aston_Villa_F.C.
Romelu Lukaku,Belgium,UEFA,R.S.C._Anderlecht,Chelsea_F.C.,West_Bromwich_Albion_F.C.,Everton_F.C.,Manchester_United_F.C.,Inter_Milan,AS_Roma,SSC_Napoli
Leandro Trossard,Belgium,UEFA,K.R.C._Genk,Lommel_S.K.,K.V.C._Westerlo,Oud-Heverlee_Leuven,Brighton_%26_Hove_Albion_F.C.,Arsenal_F.C.
Jérémy Doku,Belgium,UEFA,RSC_Anderlecht,Stade_Rennais_FC,Manchester_City_F.C.
Senne Lammens,Belgium,UEFA,Club_NXT,Club_Brugge_KV,Royal_Antwerp_FC,Manchester_United_F.C.
Mike Penders,Belgium,UEFA,Jong_Genk,KRC_Genk,Chelsea_F.C.,RC_Strasbourg_Alsace
Dodi Lukébakio,Belgium,UEFA,R.S.C._Anderlecht,Toulouse_FC,R._Charleroi_S.C.,Watford_F.C.,Fortuna_D%C3%BCsseldorf,Hertha_BSC,VfL_Wolfsburg,Sevilla_FC,S.L._Benfica
Thomas Meunier,Belgium,UEFA,Royal_Excelsior_Virton,Club_Brugge_KV,Paris_Saint-Germain_FC,Borussia_Dortmund,Borussia_Dortmund_II,Trabzonspor,Lille_OSC
Koni De Winter,Belgium,UEFA,Juventus_FC_Under-23,Juventus_FC,Empoli_FC,Genoa_CFC,AC_Milan
Charles De Ketelaere,Belgium,UEFA,Club_Brugge_KV,AC_Milan,Atalanta_BC
Joaquin Seys,Belgium,UEFA,Club_NXT,Club_Brugge_KV
Diego Moreira,Belgium,UEFA,S.L._Benfica_B,S.L._Benfica,Chelsea_F.C.,Olympique_Lyonnais,RC_Strasbourg_Alsace
Hans Vanaken,Belgium,UEFA,Lommel_SK,KSC_Lokeren_Oost-Vlaanderen,Club_Brugge_KV
Timothy Castagne,Belgium,UEFA,K.R.C._Genk,Atalanta_BC,Leicester_City_F.C.,Fulham_F.C.
Alexis Saelemaekers,Belgium,UEFA,RSC_Anderlecht,AC_Milan,Bologna_FC_1909,AS_Roma
Nicolas Raskin,Belgium,UEFA,KAA_Gent,Standard_Li%C3%A8ge,Rangers_F.C.
Amadou Onana,Belgium,UEFA,TSG_1899_Hoffenheim_II,Hamburger_SV,Lille_OSC,Everton_F.C.,Aston_Villa_F.C.
Nathan Ngoy,Belgium,UEFA,Standard_Li%C3%A8ge,Lille_OSC
Matias Fernandez-Pardo,Belgium,UEFA,KAA_Gent,Lille_OSC
Mohamed El Shenawy,Egypt,CAF,Al_Ahly_SC,Tala%27ea_El_Gaish_SC,Haras_El_Hodoud_SC,Petrojet_SC
Yasser Ibrahim,Egypt,CAF,El_Mansoura_SC,Zamalek_SC,Smouha_SC,Al_Ahly_SC
Mohamed Hany,Egypt,CAF,Al_Ahly_SC
Hossam Abdelmaguid,Egypt,CAF,Zamalek_SC
Ramy Rabia,Egypt,CAF,Al_Ahly_SC,Sporting_Clube_de_Portugal,Sporting_Clube_de_Portugal_B,Al_Ain_FC
Mohamed Abdelmonem,Egypt,CAF,Al_Ahly_SC,Smouha_SC,Future_FC,OGC_Nice
Trézéguet,Egypt,CAF,Al_Ahly_SC,R.S.C._Anderlecht,Royal_Excel_Mouscron,Kas%C4%B1mpa%C5%9Fa_S.K.,Aston_Villa_F.C.,%C4%B0stanbul_Ba%C5%9Fak%C5%9Fehir_F.K.,Trabzonspor,Al-Rayyan_SC
Emam Ashour,Egypt,CAF,Ghazl_El_Mahalla_SC,Haras_El_Hodoud_SC,Zamalek_SC,FC_Midtjylland,Al_Ahly_SC
Hamza Abdelkarim,Egypt,CAF,Al_Ahly_SC,FC_Barcelona_Atl%C3%A8tic
Mohamed Salah,Egypt,CAF,Al_Mokawloon_Al_Arab_SC,FC_Basel,Chelsea_F.C.,ACF_Fiorentina,AS_Roma,Liverpool_F.C.
Mostafa Ziko,Egypt,CAF,Gomhoriat_Shebin_SC,Haras_El_Hodoud_SC,ZED_FC,Pyramids_FC
Haissem Hassan,Egypt,CAF,LB_Ch%C3%A2teauroux,Villarreal_CF_B,CD_Mirand%C3%A9s,Villarreal_CF,Sporting_de_Gij%C3%B3n,Real_Oviedo
Ahmed Fatouh,Egypt,CAF,Zamalek_SC,ENPPI_SC,Smouha_SC
Hamdy Fathy,Egypt,CAF,Ala%27ab_Damanhour_SC,ENPPI_Club,Petrojet_FC,Al_Ahly_SC,Al-Wakrah_SC
Karim Hafez,Egypt,CAF,Lierse_S.K._(1906),AC_Omonia,RC_Lens,Wadi_Degla_SC,%C4%B0stanbul_Ba%C5%9Fak%C5%9Fehir_F.K.,Kas%C4%B1mpa%C5%9Fa_S.K.,Yeni_Malatyaspor,Pyramids_FC
El Mahdy Soliman,Egypt,CAF,ENPPI_Club,Al_Mokawloon_Al_Arab_SC,Petrojet_FC,Ghazl_El_Mahalla_SC,Smouha_Sporting_Club,Pyramids_FC,Al_Ittihad_Alexandria_Club,Zamalek_SC
Mohanad Lasheen,Egypt,CAF,Ismaily_SC,Pyramids_FC,Tala%27ea_El_Gaish_SC,Modern_Future_FC
Nabil Emad,Egypt,CAF,Pyramids_FC,Zamalek_SC,Al-Najma_SC_(Saudi_Arabia)
Marwan Attia,Egypt,CAF,Al_Ittihad_Alexandria_Club,Al_Ahly_SC
Ibrahim Adel,Egypt,CAF,Pyramids_FC,Al_Jazira_Club,FC_Nordsj%C3%A6lland
Mahmoud Saber,Egypt,CAF,Nogoom_FC,Pyramids_FC,ZED_FC
Omar Marmoush,Egypt,CAF,Wadi_Degla_SC,VfL_Wolfsburg_II,VfL_Wolfsburg,FC_St._Pauli,VfB_Stuttgart,Eintracht_Frankfurt,Manchester_City_F.C.
Mostafa Shobeir,Egypt,CAF,Al_Ahly_SC
Tarek Alaa,Egypt,CAF,Smouha_SC,Pyramids_FC,ZED_FC
Zizo,Egypt,CAF,Lierse_S.K._(1906),C.D._Nacional,Moreirense_F.C.,Zamalek_SC,Al_Ahly_SC
Mohamed Alaa,Egypt,CAF,El_Qanah_FC,El_Gouna_FC
Alireza Beiranvand,Iran,AFC,Naft_Tehran,Persepolis_F.C.,Royal_Antwerp_F.C.,Boavista_F.C.,Tractor_S.C.
Saleh Hardani,Iran,AFC,Foolad_F.C.,Esteghlal_F.C.,Sepahan_S.C.
Ehsan Hajsafi,Iran,AFC,Sepahan_S.C.,Tractor_S.C.,FSV_Frankfurt,Panionios_F.C.,Olympiacos_F.C.,AEK_Athens_F.C.
Shojae Khalilzadeh,Iran,AFC,Mes_Rafsanjan_F.C.,Mes_Kerman_F.C.,Sepahan_Isfahan_F.C.,Tractor_S.C.,Persepolis_F.C.,Al-Rayyan_SC,Al_Ahli_SC_(Doha)
Milad Mohammadi,Iran,AFC,Rah_Ahan_Tehran_F.C.,FC_Akhmat_Grozny,K.A.A._Gent,AEK_Athens_F.C.,Adana_Demirspor,Persepolis_F.C.
Saeid Ezatolahi,Iran,AFC,Malavan_F.C.,Atl%C3%A9tico_Madrid_C,FC_Rostov,FC_Anzhi_Makhachkala,FC_Amkar_Perm,Reading_F.C.,K.A.S._Eupen,Vejle_Boldklub,Al-Gharafa_SC,Shabab_Al_Ahli_Club
Alireza Jahanbakhsh,Iran,AFC,Damash_Tehran_F.C.,S.C._Damash_Gilan,N.E.C._(football_club),AZ_Alkmaar,Brighton_%26_Hove_Albion_F.C.,Feyenoord,SC_Heerenveen,F.C.V._Dender_E.H.
Mohammad Mohebi,Iran,AFC,Shahin_Bushehr_F.C.,Sepahan_S.C.,C.D._Santa_Clara,Esteghlal_F.C.,FC_Rostov
Mehdi Taremi,Iran,AFC,Shahin_Bushehr_F.C.,F.C._Iranjavan_Bushehr,Persepolis_F.C.,Al-Gharafa_SC,Rio_Ave_F.C.,FC_Porto,Inter_Milan,Olympiacos_F.C.
Mehdi Ghayedi,Iran,AFC,F.C._Iranjavan_Bushehr,Esteghlal_F.C.,Shabab_Al_Ahli_Club,Kalba_FC,Al-Nasr_SC_(Dubai)
Ali Alipour,Iran,AFC,F.C._Nassaji_Mazandaran,Sang_Ahan_Bafq_F.C.,Rah_Ahan_Tehran_F.C.,Persepolis_F.C.,C.S._Mar%C3%ADtimo,Gil_Vicente_F.C.
Payam Niazmand,Iran,AFC,Paykan_F.C.,Sepahan_S.C.,Portimonense_S.C.,Persepolis_F.C.
Hossein Kanaanizadegan,Iran,AFC,Persepolis_F.C.,S.C._Beira-Mar,Malavan_F.C.,Esteghlal_F.C.,Saipa_F.C.,Machine_Sazi_F.C.,Al_Ahli_SC_(Doha)
Saman Ghoddos,Iran,AFC,IF_Limhamn_Bunkeflo_(men),Trelleborgs_FF,Syrianska_FC,%C3%96stersunds_FK,Amiens_SC,Brentford_F.C.,Kalba_FC
Rouzbeh Cheshmi,Iran,AFC,Saba_Qom_F.C.,Esteghlal_F.C.,Umm_Salal_SC
Mahdi Torabi,Iran,AFC,Saipa_F.C.,Persepolis_F.C.,Al-Arabi_SC_(Qatar),Tractor_S.C.
Arya Yousefi,Iran,AFC,Sepahan_F.C.
Amirhossein Hosseinzadeh,Iran,AFC,Saipa_F.C.,Esteghlal_F.C.,R._Charleroi_S.C.,Tractor_S.C.
Ali Nemati,Iran,AFC,Padideh_Khorasan_FC,Persepolis_F.C.,Foolad_F.C.
Shahriyar Moghanlou,Iran,AFC,Paykan_F.C.,Malavan_F.C.,C.D._Santa_Clara,Persepolis_F.C.,Sepahan_S.C.,Kalba_FC
Mohammad Ghorbani,Iran,AFC,F.C._Nassaji_Mazandaran,Sepahan_S.C.,FC_Orenburg,Al_Wahda_FC
Hossein Hosseini,Iran,AFC,Bargh_Shiraz,Esteghlal_F.C.,Malavan_F.C.,Sepahan_S.C.
Ramin Rezaeian,Iran,AFC,Saba_Qom_F.C.,Rah_Ahan_F.C.,Persepolis_F.C.,KV_Oostende,Al-Shahania_SC,Al-Duhail_SC,Al-Sailiya_SC,Sepahan_S.C.,Esteghlal_F.C.,Foolad_F.C.
Dennis Eckert,Iran,AFC,Borussia_M%C3%B6nchengladbach_II,Celta_de_Vigo_B,RC_Celta_de_Vigo,S.B.V._Excelsior,FC_Ingolstadt_04,Royale_Union_Saint-Gilloise,Standard_Li%C3%A8ge
Danial Eiri,Iran,AFC,Zob_Ahan_Esfahan_F.C.,Malavan_F.C.
Amirmohammad Razzaghinia,Iran,AFC,KIA_Football_Academy,Gol_Gohar_Sirjan_F.C.,Esteghlal_F.C.
Max Crocombe,New Zealand,OFC,Buckingham_Town_F.C.,Oxford_United_F.C.,Banbury_United_F.C.,Nuneaton_Borough_F.C.,Barnet_F.C.,Southport_F.C.,Carlisle_United_F.C.,Salford_City_F.C.,Brisbane_Roar_F.C.,Melbourne_Victory_FC,Grimsby_Town_F.C.,Burton_Albion_F.C.,Millwall_F.C.
Tim Payne,New Zealand,OFC,Auckland_City_FC,Waitakere_United,Blackburn_Rovers_F.C.,Portland_Timbers_2,Eastern_Suburbs_AFC,Wellington_Phoenix_FC,Club_Olimpia
Francis de Vries,New Zealand,OFC,Canterbury_United_FC,Michigan_Bucks,Whitecaps_FC_2,Nyk%C3%B6pings_BIS,IFK_V%C3%A4rnamo,Eastern_Suburbs_AFC,Auckland_FC
Tyler Bindon,New Zealand,OFC,Reading_F.C.,Nottingham_Forest_F.C.,Sheffield_United_F.C.
Michael Boxall,New Zealand,OFC,Ellerslie_AFC,Central_United_F.C.,Auckland_City_FC,Vancouver_Whitecaps_FC,Vancouver_Whitecaps_FC_U-23,Wellington_Phoenix_FC,Oakleigh_Cannons_FC,Wellington_Phoenix_FC_Reserves,SuperSport_United_F.C.,Minnesota_United_FC
Joe Bell,New Zealand,OFC,Wellington_Phoenix_FC_Reserves,Charlottesville_Alliance_FC,Viking_FK,Br%C3%B8ndby_IF
Logan Rogerson,New Zealand,OFC,Wanderers_SC,Wellington_Phoenix_FC_Reserves,Wellington_Phoenix_FC,FC_Carl_Zeiss_Jena,Auckland_City_FC,Helsingin_Jalkapalloklubi,Klubi_04,FC_Haka,FC_Noah,Auckland_FC
Marko Stamenić,New Zealand,OFC,Western_Suburbs_FC_(New_Zealand),Team_Wellington,F.C._Copenhagen,HB_K%C3%B8ge,Red_Star_Belgrade,Nottingham_Forest_F.C.,Olympiacos_F.C.,Swansea_City_A.F.C.
Chris Wood,New Zealand,OFC,Cambridge_FC,Hamilton_Wanderers_AFC,WaiBOP_United,West_Bromwich_Albion_F.C.,Barnsley_F.C.,Brighton_%26_Hove_Albion_F.C.,Birmingham_City_F.C.,Bristol_City_F.C.,Millwall_F.C.,Leicester_City_F.C.,Ipswich_Town_F.C.,Leeds_United_F.C.,Burnley_F.C.,Newcastle_United_F.C.,Nottingham_Forest_F.C.
Sarpreet Singh,New Zealand,OFC,Wellington_Phoenix_FC_Reserves,Wellington_Phoenix_FC,FC_Bayern_Munich_II,FC_Bayern_Munich,1._FC_N%C3%BCrnberg,SSV_Jahn_Regensburg,FC_Hansa_Rostock,U.D._Leiria,FK_TSC,Wellington_Phoenix_F.C.
Elijah Just,New Zealand,OFC,Western_Suburbs_FC_(New_Zealand),Eastern_Suburbs_AFC,FC_Helsing%C3%B8r,AC_Horsens,SKN_St._P%C3%B6lten,Motherwell_F.C.
Alex Paulsen,New Zealand,OFC,Wellington_Phoenix_FC_Reserves,Wellington_United,Lower_Hutt_City_AFC,Wellington_Phoenix_FC,AFC_Bournemouth,Auckland_FC,Lechia_Gda%C5%84sk
Liberato Cacace,New Zealand,OFC,Wellington_Phoenix_FC_Reserves,Wellington_Phoenix_FC,Sint-Truidense_V.V.,Empoli_F.C.,Wrexham_A.F.C.
Alex Rufer,New Zealand,OFC,YoungHeart_Manawatu,Wairarapa_United,Wellington_Phoenix_FC_Reserves,Wellington_Phoenix_FC
Nando Pijnaker,New Zealand,OFC,Ngongotaha_AFC,Western_Suburbs_FC_(New_Zealand),Eastern_Suburbs_AFC,Torslanda_IK,Grasshopper_Club_Z%C3%BCrich,Rio_Ave_F.C.,FC_Helsing%C3%B8r,Sligo_Rovers_F.C.,Auckland_FC,Auckland_FC_Reserves
Finn Surman,New Zealand,OFC,Selwyn_United,Wellington_Phoenix_FC_Reserves,Lower_Hutt_City_AFC,Wellington_Phoenix_FC,Portland_Timbers
Kosta Barbarouses,New Zealand,OFC,Team_Wellington,Wellington_Phoenix_FC,Macarthur_Rams,Brisbane_Roar_FC,Alania_Vladikavkaz,Panathinaikos_F.C.,Melbourne_Victory_FC,Sydney_FC,Western_Sydney_Wanderers_FC
Ben Waine,New Zealand,OFC,Wellington_Phoenix_FC_Reserves,Wellington_Phoenix_FC,Plymouth_Argyle_F.C.,Mansfield_Town_F.C.,Port_Vale_F.C.
Ben Old,New Zealand,OFC,Wellington_Phoenix_FC_Reserves,Lower_Hutt_City_AFC,Wellington_Phoenix_FC,AS_Saint-%C3%89tienne
Callum McCowatt,New Zealand,OFC,Western_Suburbs_FC_(New_Zealand),Auckland_City_FC,Eastern_Suburbs_AFC,Wellington_Phoenix_FC,FC_Helsing%C3%B8r,Silkeborg_IF
Jesse Randall,New Zealand,OFC,Island_Bay_United,North_Wellington_AFC,Tasman_United,Hawke%27s_Bay_United_FC,Wellington_Olympic_AFC,Charleston_Battery,Auckland_FC,Dundee_United_F.C.
Michael Woud,New Zealand,OFC,Sunderland_A.F.C.,Willem_II_(football_club),Almere_City,Kyoto_Sanga_FC,Ventforet_Kofu,Auckland_FC
Ryan Thomas,New Zealand,OFC,Melville_United,Waikato_FC,Western_Suburbs_FC_(New_Zealand),PEC_Zwolle,PSV_Eindhoven
Callan Elliot,New Zealand,OFC,Tasman_United,Wellington_Phoenix_FC_Reserves,Wellington_Phoenix_FC,Xanthi_F.C.,Motherwell_F.C.,Auckland_FC
Lachlan Bayliss,New Zealand,OFC,Central_Coast_Mariners_Academy,Newcastle_Jets_FC
Tommy Smith,New Zealand,OFC,Ipswich_Town_F.C.,Stevenage_F.C.,Brentford_F.C.,Colchester_United_F.C.,Colorado_Rapids,Sunderland_A.F.C.,Milton_Keynes_Dons_F.C.,Macarthur_FC,Auckland_FC,Braintree_Town_F.C.
Vozinha,Cape Verde,CAF,Batuque_FC,CS_Mindelense,Progresso_Associa%C3%A7%C3%A3o_do_Sambizanga,FC_Zimbru_Chi%C8%99in%C4%83u,Gil_Vicente_F.C.,AEL_Limassol,AS_Tren%C4%8D%C3%ADn,G.D._Chaves
Stopira,Cape Verde,CAF,Sporting_Clube_da_Praia,C.D._Santa_Clara,Deportivo_de_La_Coru%C3%B1a_B,C.D._Feirense,Videoton_FC_Feh%C3%A9rv%C3%A1r,S.C.U._Torreense
Diney,Cape Verde,CAF,C.S._Mar%C3%ADtimo,G.D._Estoril_Praia,ASFAR_(football_club),Al_Bataeh_Club
Pico,Cape Verde,CAF,Bohemian_F.C.,Shamrock_Rovers_F.C.
Logan Costa,Cape Verde,CAF,Stade_de_Reims,Le_Mans_FC,Toulouse_FC,Villarreal_CF
Kevin Pina,Cape Verde,CAF,U.D._Oliveirense,Anadia_F.C.,Sertanense_F.C.,G.D._Chaves,FC_Krasnodar
Jovane Cabral,Cape Verde,CAF,Sporting_CP_B,Sporting_CP,SS_Lazio,US_Salernitana_1919,Olympiacos_F.C.,C.F._Estrela_da_Amadora
João Paulo,Cape Verde,CAF,Sporting_Clube_da_Praia,SC_Maria_da_Fonte,Le%C3%A7a_F.C.,C.D._Feirense,FC_Sheriff_Tiraspol,ASC_O%C8%9Belul_Gala%C8%9Bi,FCSB
Gilson Benchimol,Cape Verde,CAF,G.D._Estoril_Praia,S.L._Benfica_B,FC_Akron_Tolyatti
Jamiro Monteiro,Cape Verde,CAF,SC_Cambuur,Heracles_Almelo,FC_Metz,Philadelphia_Union,San_Jose_Earthquakes,Gaziantep_F.K.,PEC_Zwolle
Garry Rodrigues,Cape Verde,CAF,XerxesDZB,ADO_Den_Haag,FC_Dordrecht,PFC_Levski_Sofia,Elche_CF,PAOK_FC,Galatasaray_S.K._(football),Al-Ittihad_Club_(Jeddah),Fenerbah%C3%A7e_S.K._(football),Olympiacos_F.C.,MKE_Ankarag%C3%BCc%C3%BC,Sivasspor,Apollon_Limassol_FC
Márcio Rosa,Cape Verde,CAF,G.D._Chaves,C.D.C._Montalegre,C.D._Cova_da_Piedade,Real_S.C.,U.D._Vilafranquense,Anadia_F.C.,FC_Hebar_Pazardzhik,PFC_Montana
Sidny Lopes Cabral,Cape Verde,CAF,FC_Rot-Wei%C3%9F_Erfurt,FC_Viktoria_K%C3%B6ln,C.F._Estrela_da_Amadora,S.L._Benfica,Trabzonspor
Deroy Duarte,Cape Verde,CAF,Sparta_Rotterdam,Fortuna_Sittard,PFC_Ludogorets_Razgrad
Laros Duarte,Cape Verde,CAF,Jong_PSV,Sparta_Rotterdam,FC_Groningen,Pusk%C3%A1s_Akad%C3%A9mia_FC
Yannick Semedo,Cape Verde,CAF,C.S._Mar%C3%ADtimo_B,C.F._Uni%C3%A3o,S.C._Beira-Mar,S.C._Salgueiros,Vilaverdense_FC,C.D._Santa_Clara,F.C._Vizela,S.C._Farense
Willy Semedo,Cape Verde,CAF,Alki_Oroklini,R._Charleroi_S.C.,K.S.V._Roeselare,FC_Politehnica_Ia%C8%99i_(2010),Grenoble_Foot_38,Pafos_FC,Al-Faisaly_FC,AC_Omonia
Telmo Arcanjo,Cape Verde,CAF,C.D._Tondela,Vit%C3%B3ria_S.C.
Dailon Livramento,Cape Verde,CAF,Roda_JC_Kerkrade,MVV_Maastricht,Hellas_Verona_FC,Casa_Pia_A.C.
Ryan Mendes,Cape Verde,CAF,Le_Havre_AC,Lille_OSC,Nottingham_Forest,Kayserispor,Sharjah_FC,Al-Nasr_Dubai_SC,Fatih_Karag%C3%BCmr%C3%BCk_S.K.,Kocaelispor,I%C4%9Fd%C4%B1r_F.K.
Nuno da Costa,Cape Verde,CAF,Aubagne_FC,Valenciennes_FC,RC_Strasbourg_Alsace,Nottingham_Forest_F.C.,Royal_Excel_Mouscron,Stade_Malherbe_Caen,AJ_Auxerre,Kas%C4%B1mpa%C5%9Fa_S.K.,%C4%B0stanbul_Ba%C5%9Fak%C5%9Fehir_F.K.
Steven Moreira,Cape Verde,CAF,Stade_Rennais_F.C.,FC_Lorient,Toulouse_FC,Columbus_Crew
CJ dos Santos,Cape Verde,CAF,S.L._Benfica_B,Inter_Miami_CF_II,Inter_Miami_CF,San_Diego_FC
Wagner Pina,Cape Verde,CAF,C.F._Os_Belenenses,G.D._Estoril_Praia,Trabzonspor
Kelvin Pires,Cape Verde,CAF,Batuque_FC,AS_Tren%C4%8D%C3%ADn,Sein%C3%A4joen_Jalkapallokerho
Hélio Varela,Cape Verde,CAF,Amora_F.C.,S.U._Sintrense,Portimonense_S.C.,K.A.A._Gent,Maccabi_Tel_Aviv_F.C.
Nawaf Al-Aqidi,Saudi Arabia,AFC,Al_Nassr_FC,Al-Tai_FC,Al-Fateh_SC
Ali Majrashi,Saudi Arabia,AFC,Al_Shabab_FC_(Riyadh),Al_Faisaly_FC,Al-Ahli_Saudi_FC
Ali Lajami,Saudi Arabia,AFC,Khaleej_FC,Al-Fateh_SC,Al_Nassr_FC,Al_Hilal_FC
Abdulelah Al-Amri,Saudi Arabia,AFC,Al_Nassr_FC,Al-Wehda_Club_(Mecca),Al-Ittihad_Club_(Jeddah)
Hassan Al-Tambakti,Saudi Arabia,AFC,Al-Shabab_FC_(Riyadh),Al-Wehda_Club_(Mecca),Al_Hilal_SFC
Nasser Al-Dawsari,Saudi Arabia,AFC,Al_Hilal_SFC
Musab Al-Juwayr,Saudi Arabia,AFC,Al_Hilal_SFC,Al_Shabab_FC_(Riyadh),Al-Qadsiah_FC
Ayman Yahya,Saudi Arabia,AFC,Al_Nassr_FC,Al_Ahli_Saudi_FC
Firas Al-Buraikan,Saudi Arabia,AFC,Al-Nassr_FC,Al_Fateh_SC,Al-Ahli_Saudi_FC
Salem Al-Dawsari,Saudi Arabia,AFC,Al_Hilal_SFC,Villarreal_CF
Saleh Al-Shehri,Saudi Arabia,AFC,Al-Ahli_(Jeddah),C.D._Mafra,S.C._Beira-Mar,Al-Raed_FC,Al_Hilal_SFC,Al-Ittihad_Club_(Jeddah)
Saud Abdulhamid,Saudi Arabia,AFC,Al-Ittihad_(Jeddah),Al_Hilal_SFC,AS_Roma,RC_Lens
Nawaf Boushal,Saudi Arabia,AFC,Al-Fateh_SC,Al_Nassr_FC
Hassan Kadesh,Saudi Arabia,AFC,Al-Ettifaq_FC,Al_Hilal_SFC,Al-Taawoun_FC,Al-Ittihad_Club_(Jeddah)
Abdullah Al-Khaibari,Saudi Arabia,AFC,Al-Shabab_FC_(Riyadh),Al_Nassr_FC
Ziyad Al-Johani,Saudi Arabia,AFC,Al-Ahli_Saudi_FC
Khalid Al-Ghannam,Saudi Arabia,AFC,Al-Qadsiah_FC,Al-Nassr_FC,Al-Fateh_SC,Al-Ettifaq_FC,Al_Hilal_SFC
Alaa Al-Hejji,Saudi Arabia,AFC,Khaleej_FC,Al-Wehda_Club_(Mecca),Neom_SC
Abdullah Al-Hamdan,Saudi Arabia,AFC,Al-Shabab_FC_(Riyadh),Al-Hilal_FC,Al-Nassr_FC
Sultan Mandash,Saudi Arabia,AFC,Al-Ittihad_(Jeddah),Najran_SC,Al-Faisaly_FC,Al-Ahli_Saudi_FC,Al-Taawoun_FC,Al-Fayha_FC,Al_Hilal_SFC
Mohammed Al-Owais,Saudi Arabia,AFC,Al-Shabab_FC_(Riyadh),Al-Ahli_SC_(Jeddah),Al_Hilal_SFC,Al-Ula_FC
Ahmed Al-Kassar,Saudi Arabia,AFC,Al-Raed_FC,Ettifaq_FC,Al-Faisaly_FC,Al-Fayha_FC,Al-Qadsiah_FC
Mohamed Kanno,Saudi Arabia,AFC,Ettifaq_FC,Al_Hilal_SFC
Moteb Al-Harbi,Saudi Arabia,AFC,Al-Shabab_FC_(Riyadh),Al_Hilal_SFC
Jehad Thakri,Saudi Arabia,AFC,Al-Qadsiah_FC
Mohammed Abu Al-Shamat,Saudi Arabia,AFC,Al-Qadsiah_FC
David Raya,Spain,UEFA,Blackburn_Rovers_F.C.,Southport_F.C.,Brentford_F.C.,Arsenal_F.C.
Marc Pubill,Spain,UEFA,Atl%C3%A9tico_Levante_UD,Levante_UD,UD_Almer%C3%ADa,Atl%C3%A9tico_Madrid
Álex Grimaldo,Spain,UEFA,FC_Barcelona_B,S.L._Benfica,Bayer_04_Leverkusen
Eric García,Spain,UEFA,Manchester_City_F.C.,FC_Barcelona,Girona_FC
Marcos Llorente,Spain,UEFA,Real_Madrid_Castilla,Real_Madrid_CF,Deportivo_Alav%C3%A9s,Atl%C3%A9tico_Madrid
Mikel Merino,Spain,UEFA,CA_Osasuna_B,CA_Osasuna,Borussia_Dortmund,Newcastle_United_F.C.,Real_Sociedad,Arsenal_F.C.
Ferran Torres,Spain,UEFA,Valencia_CF_Mestalla,Valencia_CF,Manchester_City_F.C.,FC_Barcelona
Fabián Ruiz,Spain,UEFA,Real_Betis_B,Real_Betis,Elche_CF,SSC_Napoli,Paris_Saint-Germain_FC
Gavi,Spain,UEFA,FC_Barcelona_B,FC_Barcelona
Dani Olmo,Spain,UEFA,GNK_Dinamo_Zagreb_Academy,GNK_Dinamo_Zagreb,RB_Leipzig,FC_Barcelona
Yéremy Pino,Spain,UEFA,Villarreal_CF_C,Villarreal_CF,Crystal_Palace_F.C.
Pedro Porro,Spain,UEFA,CF_Peralada,Girona_FC,Manchester_City_F.C.,Real_Valladolid,Sporting_CP,Tottenham_Hotspur_F.C.
Joan Garcia,Spain,UEFA,RCD_Espanyol_B,RCD_Espanyol,FC_Barcelona
Aymeric Laporte,Spain,UEFA,CD_Basconia,Athletic_Bilbao_B,Athletic_Bilbao,Manchester_City_F.C.,Al_Nassr_FC
Álex Baena,Spain,UEFA,Villarreal_CF_C,Villarreal_CF_B,Villarreal_CF,Girona_FC,Atl%C3%A9tico_Madrid
Rodri,Spain,UEFA,Villarreal_CF_B,Villarreal_CF,Atl%C3%A9tico_Madrid,Manchester_City_F.C.
Nico Williams,Spain,UEFA,CD_Basconia,Athletic_Bilbao_B,Athletic_Bilbao
Martín Zubimendi,Spain,UEFA,Real_Sociedad_C,Real_Sociedad_B,Real_Sociedad,Arsenal_F.C.
Lamine Yamal,Spain,UEFA,FC_Barcelona_Atl%C3%A8tic,FC_Barcelona
Pedri,Spain,UEFA,UD_Las_Palmas,FC_Barcelona
Mikel Oyarzabal,Spain,UEFA,Real_Sociedad_B,Real_Sociedad
Pau Cubarsí,Spain,UEFA,FC_Barcelona_Atl%C3%A8tic,FC_Barcelona
Unai Simón,Spain,UEFA,CD_Basconia,Athletic_Bilbao_B,Athletic_Bilbao
Marc Cucurella,Spain,UEFA,FC_Barcelona_B,FC_Barcelona,SD_Eibar,Getafe_CF,Brighton_%26_Hove_Albion_F.C.,Chelsea_F.C.
Víctor Muñoz,Spain,UEFA,RSC_Internacional_FC,Real_Madrid_Castilla,Real_Madrid_CF,CA_Osasuna
Borja Iglesias,Spain,UEFA,Villarreal_CF_C,Celta_de_Vigo_B,RC_Celta_de_Vigo,Real_Zaragoza,RCD_Espanyol,Real_Betis,Bayer_04_Leverkusen
Sergio Rochet,Uruguay,CONMEBOL,AZ_Alkmaar,Sivasspor,Club_Nacional_de_Football,Sport_Club_Internacional
José María Giménez,Uruguay,CONMEBOL,Danubio_F.C.,Atl%C3%A9tico_Madrid
Sebastián Cáceres,Uruguay,CONMEBOL,Liverpool_F.C._(Montevideo),Club_Am%C3%A9rica
Ronald Araújo,Uruguay,CONMEBOL,C.A._Rentistas,Boston_River,FC_Barcelona_B,FC_Barcelona
Manuel Ugarte,Uruguay,CONMEBOL,Centro_Atl%C3%A9tico_F%C3%A9nix,F.C._Famalic%C3%A3o,Sporting_CP,Paris_Saint-Germain_FC,Manchester_United_F.C.
Rodrigo Bentancur,Uruguay,CONMEBOL,Boca_Juniors,Juventus_FC,Tottenham_Hotspur_F.C.
Nicolás de la Cruz,Uruguay,CONMEBOL,Liverpool_F.C._(Montevideo),Club_Atl%C3%A9tico_River_Plate,CR_Flamengo
Federico Valverde,Uruguay,CONMEBOL,Pe%C3%B1arol,Real_Madrid_Castilla,Real_Madrid_CF,Deportivo_La_Coru%C3%B1a
Darwin Núñez,Uruguay,CONMEBOL,Pe%C3%B1arol,UD_Almer%C3%ADa,S.L._Benfica,Liverpool_F.C.,Al_Hilal_SFC
Giorgian de Arrascaeta,Uruguay,CONMEBOL,Defensor_Sporting,Cruzeiro_Esporte_Clube,CR_Flamengo
Facundo Pellistri,Uruguay,CONMEBOL,Pe%C3%B1arol,Manchester_United_F.C.,Deportivo_Alav%C3%A9s,Granada_CF,Panathinaikos_F.C.
Santiago Mele,Uruguay,CONMEBOL,Centro_Atl%C3%A9tico_F%C3%A9nix,Osmanl%C4%B1spor,MKE_Ankarag%C3%BCc%C3%BC,Lleida_Esportiu,Club_Plaza_Colonia_de_Deportes,Uni%C3%B3n_de_Santa_Fe,Atl%C3%A9tico_Junior,C.F._Monterrey
Guillermo Varela,Uruguay,CONMEBOL,Pe%C3%B1arol,Manchester_United_F.C.,Real_Madrid_Castilla,Eintracht_Frankfurt,F.C._Copenhagen,FC_Dynamo_Moscow,Clube_de_Regatas_do_Flamengo
Agustín Canobbio,Uruguay,CONMEBOL,Centro_Atl%C3%A9tico_F%C3%A9nix,Pe%C3%B1arol,Club_Athletico_Paranaense,Fluminense_FC
Emiliano Martínez,Uruguay,CONMEBOL,Club_Nacional_de_Football,Red_Bull_Bragantino,FC_Midtjylland,SE_Palmeiras
Mathías Olivera,Uruguay,CONMEBOL,Club_Nacional_de_Football,Atenas_de_San_Carlos,Getafe_CF,Albacete_Balompi%C3%A9,SSC_Napoli
Matías Viña,Uruguay,CONMEBOL,Club_Nacional_de_Football,SE_Palmeiras,AS_Roma,AFC_Bournemouth,US_Sassuolo_Calcio,CR_Flamengo,Club_Atl%C3%A9tico_River_Plate
Brian Rodríguez,Uruguay,CONMEBOL,Pe%C3%B1arol,Los_Angeles_FC,UD_Almer%C3%ADa,Club_Am%C3%A9rica
Rodrigo Aguirre,Uruguay,CONMEBOL,Liverpool_F.C._(Montevideo),Udinese_Calcio,Empoli_F.C.,A.C._Perugia_Calcio,FC_Lugano,Club_Nacional_de_Football,Botafogo_de_Futebol_e_Regatas,L.D.U._Quito,Club_Necaxa,C.F._Monterrey,Club_America,Tigres_UANL
Maximiliano Araújo,Uruguay,CONMEBOL,Montevideo_Wanderers_F.C.,Club_Puebla,Deportivo_Toluca_F.C.,Sporting_CP
Federico Viñas,Uruguay,CONMEBOL,Juventud_de_Las_Piedras,Club_Am%C3%A9rica,Club_Le%C3%B3n,Real_Oviedo
Joaquín Piquerez,Uruguay,CONMEBOL,Defensor_Sporting,Club_Atl%C3%A9tico_River_Plate_(Montevideo),Pe%C3%B1arol,Sociedade_Esportiva_Palmeiras
Fernando Muslera,Uruguay,CONMEBOL,Montevideo_Wanderers_F.C.,Club_Nacional_de_Football,SS_Lazio,Galatasaray_S.K._(football),Estudiantes_de_La_Plata
Santiago Bueno,Uruguay,CONMEBOL,FC_Barcelona_B,CF_Peralada,Girona_FC,Wolverhampton_Wanderers_F.C.
Juan Manuel Sanabria,Uruguay,CONMEBOL,Atl%C3%A9tico_Madrid_B,Atl%C3%A9tico_Madrid,Real_Zaragoza,Atl%C3%A9tico_San_Luis,Real_Salt_Lake
Rodrigo Zalazar,Uruguay,CONMEBOL,Atl%C3%A9tico_Malague%C3%B1o,Eintracht_Frankfurt,Korona_Kielce,Korona_Kielce_II,FC_St._Pauli,FC_Schalke_04,S.C._Braga
Brice Samba,France,UEFA,Le_Havre_AC,Olympique_de_Marseille,AS_Nancy,Stade_Malherbe_Caen,Nottingham_Forest_F.C.,RC_Lens,Stade_Rennais_FC
Malo Gusto,France,UEFA,Olympique_Lyonnais_Reserves_and_Academy,Olympique_Lyonnais,Chelsea_F.C.
Lucas Digne,France,UEFA,Lille_OSC,Paris_Saint-Germain_F.C.,AS_Roma,FC_Barcelona,Everton_F.C.,Aston_Villa_F.C.
Dayot Upamecano,France,UEFA,FC_Liefering,FC_Red_Bull_Salzburg,RB_Leipzig,FC_Bayern_Munich
Jules Koundé,France,UEFA,FC_Girondins_de_Bordeaux,Sevilla_FC,FC_Barcelona
Manu Koné,France,UEFA,Toulouse_FC,Borussia_M%C3%B6nchengladbach,AS_Roma
Ousmane Dembélé,France,UEFA,Stade_Rennais_FC,Borussia_Dortmund,FC_Barcelona,Paris_Saint-Germain_FC
Aurélien Tchouaméni,France,UEFA,FC_Girondins_de_Bordeaux_II,FC_Girondins_de_Bordeaux,AS_Monaco,Real_Madrid_CF
Marcus Thuram,France,UEFA,FC_Sochaux-Montb%C3%A9liard,En_Avant_Guingamp,Borussia_M%C3%B6nchengladbach,Inter_Milan
Kylian Mbappé,France,UEFA,AS_Monaco_FC_II,AS_Monaco_FC,Paris_Saint-Germain_FC,Real_Madrid_CF
Michael Olise,France,UEFA,Reading_F.C.,Crystal_Palace_F.C.,FC_Bayern_Munich
Bradley Barcola,France,UEFA,Olympique_Lyonnais_Reserves_and_Academy,Olympique_Lyonnais,Paris_Saint-Germain_FC
N'Golo Kanté,France,UEFA,US_Boulogne,Stade_Malherbe_Caen,Leicester_City_F.C.,Chelsea_F.C.,Al-Ittihad_Club_(Jeddah),Fenerbah%C3%A7e_S.K._(football)
Adrien Rabiot,France,UEFA,Paris_Saint-Germain_Academy,Paris_Saint-Germain_F.C.,Toulouse_FC_II,Toulouse_FC,Juventus_FC,Olympique_de_Marseille,AC_Milan
Ibrahima Konaté,France,UEFA,FC_Sochaux-Montb%C3%A9liard_II,FC_Sochaux-Montb%C3%A9liard,RB_Leipzig,Liverpool_F.C.
Mike Maignan,France,UEFA,Paris_Saint-Germain_B,Lille_OSC,AC_Milan
William Saliba,France,UEFA,AS_Saint-%C3%89tienne,Arsenal_F.C.,OGC_Nice,Olympique_de_Marseille
Warren Zaïre-Emery,France,UEFA,Paris_Saint-Germain_FC
Théo Hernandez,France,UEFA,Atl%C3%A9tico_Madrid_B,Deportivo_Alav%C3%A9s,Real_Madrid_CF,Real_Sociedad,AC_Milan,Al_Hilal_SFC
Désiré Doué,France,UEFA,Stade_Rennais_FC,Paris_Saint-Germain_FC
Lucas Hernandez,France,UEFA,Atl%C3%A9tico_Madrid_B,Atl%C3%A9tico_Madrid,FC_Bayern_Munich,Paris_Saint-Germain_FC
Jean-Philippe Mateta,France,UEFA,LB_Ch%C3%A2teauroux,Olympique_Lyonnais_II,Olympique_Lyonnais,Le_Havre_AC,1._FSV_Mainz_05,Crystal_Palace_F.C.
Robin Risser,France,UEFA,RC_Strasbourg,Dijon_FCO,Red_Star_FC,RC_Lens
Rayan Cherki,France,UEFA,Olympique_Lyonnais_Reserves_and_Academy,Olympique_Lyonnais,Manchester_City_F.C.
Maghnes Akliouche,France,UEFA,AS_Monaco_FC
Maxence Lacroix,France,UEFA,FC_Sochaux-Montb%C3%A9liard,VfL_Wolfsburg,Crystal_Palace_F.C.
Fahad Talib,Iraq,AFC,Al-Quwa_Al-Jawiya,Al-Zawraa,Sanat_Naft_Abadan_F.C.,Al_Talaba_SC
Rebin Sulaka,Iraq,AFC,Eskilstuna_City_FK,Dalkurd_FF,Ljungskile_SK,Syrianska_FC,AFC_United,Elverum_Fotball,Al-Markhiya_Sports_Club,Al-Khor_SC,Al-Shahania_Sports_Club,FK_Radni%C4%8Dki_Ni%C5%A1,FC_Arda_Kardzhali,Levski_Sofia,Buriram_United_F.C.,Brommapojkarna,FC_Seoul,FC_Schaffhausen,Erbil_SC,Port_F.C.
Hussein Ali,Iraq,AFC,%C3%96rebro_SK,SC_Heerenveen,Pogo%C5%84_Szczecin
Zaid Tahseen,Iraq,AFC,Al-Najaf_SC,Naft_Al-Wasat,Al-Talaba,Al_Quwa_Al_Jawiya,Pakhtakor_FC
Akam Hashim,Iraq,AFC,Erbil_SC,Al-Shorta_SC,Al-Zawraa_SC
Munaf Younis,Iraq,AFC,Salahaddin_FC,Al-Karkh_SC,Al-Shorta_SC
Youssef Amyn,Iraq,AFC,FC_Viktoria_K%C3%B6ln,Feyenoord,Eintracht_Braunschweig,Al_Wehda_FC,AEK_Larnaca_FC
Ibrahim Bayesh,Iraq,AFC,Al-Sinaa_SC,Zakho_FC,Naft_Al-Wasat,Al-Zawraa,Al-Quwa_Al-Jawiya,Al-Riyadh_SC,Al_Dhafra_FC
Ali Al-Hamadi,Iraq,AFC,Wycombe_Wanderers_F.C.,Bromley_F.C.,AFC_Wimbledon,Ipswich_Town_F.C.,Stoke_City_F.C.,Luton_Town_F.C.
Mohanad Ali,Iraq,AFC,Al-Shorta_SC,Al-Kahrabaa_FC,Al-Naft_SC,Al-Duhail_SC,Portimonense_S.C.,Al-Sailiya_SC,Aris_Thessaloniki_F.C.,Dibba_FC
Ahmed Qasem,Iraq,AFC,Motala_AIF,IF_Elfsborg,Nashville_SC
Jalal Hassan,Iraq,AFC,Karbalaa_FC,Erbil_SC,Amanat_Baghdad_SC,Al-Shorta,Naft_Al-Wasat,Al-Zawraa
Ali Yousif,Iraq,AFC,Al-Quwa_Al-Jawiya,Naft_Al-Wasat_SC,Baghdad_FC,Al-Shorta_SC,Al-Zawraa,Sanat_Naft_Abadan_F.C.,Al-Talaba
Zidane Iqbal,Iraq,AFC,Manchester_United_F.C.,Jong_FC_Utrecht,FC_Utrecht
Ahmed Maknzi,Iraq,AFC,Al-Zawraa_SC,Erbil_SC,Al-Najaf_SC,Al-Karma_SC
Amir Al-Ammari,Iraq,AFC,Husqvarna_FF,J%C3%B6nk%C3%B6pings_S%C3%B6dra_IF,Halmstads_BK,IFK_G%C3%B6teborg,Mj%C3%A4llby_AIF,KS_Cracovia
Ali Jasim,Iraq,AFC,Al-Karkh_SC,Al-Shorta_SC,Al-Kahrabaa_SC,Antalyaspor,Al-Quwa_Al-Jawiya,Como_1907,Almere_City,Al-Najma_SC_(Saudi_Arabia)
Aymen Hussein,Iraq,AFC,Duhok_SC,Al-Naft_SC,Al-Shorta_SC,CS_Sfaxien,Al-Quwa_Al-Jawiya,Umm_Salal_SC,Al-Markhiya_SC,Al_Jazira_Club,Raja_CA,Al-Khor_SC,Al-Wakrah_SC,Al-Karma_SC
Kevin Yakob,Iraq,AFC,BK_H%C3%A4cken,Utsiktens_BK,IFK_G%C3%B6teborg,Aarhus_Gymnastikforening
Aimar Sher,Iraq,AFC,Hammarby_Fotboll,IK_Frej,Spezia_Calcio,FC_Groningen,Sarpsborg_08_FF
Marko Farji,Iraq,AFC,FK_Jerv_2,Str%C3%B8msgodset_Toppfotball_2,Str%C3%B8msgodset_Toppfotball,Venezia_FC
Ahmed Basil,Iraq,AFC,Al-Taji_SC,Al-Karkh_SC,Al-Oloom_wal-Technologia_SC,Al-Shorta_SC
Merchas Doski,Iraq,AFC,1._FC_Germania_Egestorf/Langreder,FC_Wacker_Innsbruck_(2002),1._FC_Slov%C3%A1cko,FC_Viktoria_Plze%C5%88
Zaid Ismail,Iraq,AFC,Al-Naft_SC,Diyala_SC,Newroz_SC,Al-Talaba_SC
Mustafa Saadoon,Iraq,AFC,Al-Kahrabaa_SC,Al-Quwa_Al-Jawiya,Al-Shorta_SC
Frans Putros,Iraq,AFC,Aarhus_Gymnastikforening,Silkeborg_IF,FC_Fredericia,Hobro_IK,Viborg_FF,Port_F.C.,Persib_Bandung
Ørjan Nyland,Norway,UEFA,IL_H%C3%B8dd,Molde_FK,FC_Ingolstadt_04,Aston_Villa_F.C.,Norwich_City_F.C.,AFC_Bournemouth,Reading_F.C.,RB_Leipzig,Sevilla_FC
Morten Thorsby,Norway,UEFA,Stab%C3%A6k_Fotball,SC_Heerenveen,UC_Sampdoria,1._FC_Union_Berlin,Genoa_CFC,US_Cremonese
Kristoffer Ajer,Norway,UEFA,Lillestr%C3%B8m_SK,IK_Start,Celtic_F.C.,Kilmarnock_F.C.,Brentford_F.C.
Leo Østigård,Norway,UEFA,Molde_FK,Viking_FK,Brighton_%26_Hove_Albion_F.C.,FC_St._Pauli,Coventry_City_F.C.,Stoke_City_F.C.,Genoa_CFC,SSC_Napoli,Stade_Rennais_FC,TSG_1899_Hoffenheim
David Møller Wolfe,Norway,UEFA,Bergen_Nord_FK,SK_Brann,%C3%85sane_Fotball,AZ_Alkmaar,Wolverhampton_Wanderers_F.C.
Patrick Berg,Norway,UEFA,FK_Bod%C3%B8/Glimt,RC_Lens
Alexander Sørloth,Norway,UEFA,Rosenborg_BK_2,Rosenborg_BK,FK_Bod%C3%B8/Glimt,FC_Groningen,FC_Midtjylland,Crystal_Palace_F.C.,KAA_Gent,Trabzonspor,RB_Leipzig,Real_Sociedad,Villarreal_CF,Atl%C3%A9tico_Madrid
Sander Berge,Norway,UEFA,Asker_Fotball,V%C3%A5lerenga_Fotball,K.R.C._Genk,Sheffield_United_F.C.,Burnley_F.C.,Fulham_F.C.
Erling Haaland,Norway,UEFA,Bryne_FK_2,Bryne_FK,Molde_FK_2,Molde_FK,FC_Red_Bull_Salzburg,Borussia_Dortmund,Manchester_City_F.C.
Martin Ødegaard,Norway,UEFA,Str%C3%B8msgodset_Toppfotball,Real_Madrid_Castilla,Real_Madrid_CF,SC_Heerenveen,SBV_Vitesse,Real_Sociedad,Arsenal_F.C.
Jørgen Strand Larsen,Norway,UEFA,Sarpsborg_08_FF,FC_Groningen,RC_Celta_de_Vigo,Wolverhampton_Wanderers_F.C.,Crystal_Palace_F.C.
Sander Tangvik,Norway,UEFA,Rosenborg_BK,Hamburger_SV
Egil Selvik,Norway,UEFA,Sandnes_Ulf,Nest-Sotra_Fotball,Odds_BK,FK_Haugesund,Udinese_Calcio,Watford_F.C.
Fredrik Aursnes,Norway,UEFA,IL_H%C3%B8dd,Molde_FK,Feyenoord,S.L._Benfica
Fredrik André Bjørkan,Norway,UEFA,FK_Bod%C3%B8/Glimt,Hertha_BSC,Feyenoord
Marcus Holmgren Pedersen,Norway,UEFA,Troms%C3%B8_IL,Molde_FK,Feyenoord,US_Sassuolo_Calcio,Torino_FC
Torbjørn Heggem,Norway,UEFA,Rosenborg_BK,Ranheim_Fotball,Sandnes_Ulf,IF_Brommapojkarna,West_Bromwich_Albion_F.C.,Bologna_FC
Kristian Thorstvedt,Norway,UEFA,Viking_FK,KRC_Genk,US_Sassuolo_Calcio
Thelo Aasgaard,Norway,UEFA,Wigan_Athletic_F.C.,Luton_Town_F.C.,Rangers_F.C.
Antonio Nusa,Norway,UEFA,Stab%C3%A6k_Fotball,Club_Brugge_KV,Club_NXT,RB_Leipzig
Andreas Schjelderup,Norway,UEFA,FC_Nordsj%C3%A6lland,S.L._Benfica_B,S.L._Benfica
Oscar Bobb,Norway,UEFA,Manchester_City_F.C.,Fulham_F.C.
Jens Petter Hauge,Norway,UEFA,FK_Bod%C3%B8/Glimt,Aalesunds_FK,AC_Milan,Eintracht_Frankfurt,K.A.A._Gent
Sondre Langås,Norway,UEFA,Namsos_IL,Ranheim_Fotball,IL_Stj%C3%B8rdals-Blink,Viking_FK,Derby_County_F.C.
Henrik Falchener,Norway,UEFA,Sandefjord_Fotball_2,Sandefjord_Fotball,FK_%C3%98rn_Horten,FK_%C3%98rn_Horten_2,Egersunds_IK,Viking_FK
Julian Ryerson,Norway,UEFA,Viking_FK,1._FC_Union_Berlin,Borussia_Dortmund
Yehvann Diouf,Senegal,CAF,Troyes_AC,Stade_de_Reims,OGC_Nice
Mamadou Sarr,Senegal,CAF,Olympique_Lyonnais_Reserves_and_Academy,Olympique_Lyonnais,R.W.D._Molenbeek_(2015),RC_Strasbourg_Alsace,Chelsea_F.C.
Kalidou Koulibaly,Senegal,CAF,FC_Metz,KRC_Genk,SSC_Napoli,Chelsea_F.C.,Al_Hilal_SFC
Abdoulaye Seck,Senegal,CAF,Stade_de_Mbour,Mbour_Petite-C%C3%B4te_FC,Casa_Sports,Diambars_FC,H%C3%B8nefoss_BK,Sandefjord_Fotball,Royal_Antwerp_F.C.,Maccabi_Haifa_F.C.
Idrissa Gueye,Senegal,CAF,Diambars_FC,Lille_OSC,Aston_Villa_F.C.,Everton_F.C.,Paris_Saint-Germain_F.C.
Pathé Ciss,Senegal,CAF,Diambars_FC,C.F._Uni%C3%A3o,F.C._Famalic%C3%A3o,CF_Fuenlabrada,Rayo_Vallecano
Assane Diao,Senegal,CAF,Betis_Deportivo_Balompi%C3%A9,Real_Betis,Como_1907
Lamine Camara,Senegal,CAF,G%C3%A9n%C3%A9ration_Foot,FC_Metz,AS_Monaco
Bamba Dieng,Senegal,CAF,Diambars_FC,Olympique_de_Marseille,FC_Lorient,Angers_SCO
Sadio Mané,Senegal,CAF,FC_Metz#Youth_academy,FC_Metz,FC_Red_Bull_Salzburg,Southampton_F.C.,Liverpool_F.C.,FC_Bayern_Munich,Al-Nassr_FC
Nicolas Jackson,Senegal,CAF,Casa_Sports,Villarreal_CF_B,CD_Mirand%C3%A9s,Villarreal_CF,Chelsea_F.C.,FC_Bayern_Munich
Cherif Ndiaye,Senegal,CAF,Waasland-Beveren,HNK_Gorica,G%C3%B6ztepe_S.K.,Shanghai_Port_F.C.,Adana_Demirspor,Red_Star_Belgrade,Samsunspor
Iliman Ndiaye,Senegal,CAF,Sheffield_United_F.C.,Hyde_United_F.C.,Olympique_de_Marseille,Everton_F.C.
Ismail Jakobs,Senegal,CAF,1._FC_K%C3%B6ln_II,1._FC_K%C3%B6ln,AS_Monaco_FC,Galatasaray_S.K._(football)
Krépin Diatta,Senegal,CAF,Sarpsborg_08_FF,Club_Brugge_KV,AS_Monaco_FC
Édouard Mendy,Senegal,CAF,AS_Cherbourg_Football,Olympique_de_Marseille_II,Stade_de_Reims,Stade_Rennais_FC,Chelsea_F.C.,Al-Ahli_Saudi_FC
Pape Matar Sarr,Senegal,CAF,FC_Metz,Tottenham_Hotspur_F.C.
Ismaïla Sarr,Senegal,CAF,FC_Metz,Stade_Rennais_FC,Watford_F.C.,Olympique_de_Marseille,Crystal_Palace_F.C.
Moussa Niakhaté,Senegal,CAF,Valenciennes_FC,FC_Metz,1._FSV_Mainz_05,Nottingham_Forest_F.C.,Olympique_Lyonnais
Ibrahim Mbaye,Senegal,CAF,Paris_Saint-Germain_FC
Habib Diarra,Senegal,CAF,RC_Strasbourg_Alsace,Sunderland_A.F.C.
Bara Sapoko Ndiaye,Senegal,CAF,FC_Bayern_Munich
Mory Diaw,Senegal,CAF,Paris_Saint-Germain_Academy,C.D._Mafra,PFC_Lokomotiv_Plovdiv,FC_United_Z%C3%BCrich,FC_Lausanne-Sport,Clermont_Foot,Rodez_AF,Le_Havre_AC
Antoine Mendy,Senegal,CAF,OGC_Nice
El Hadji Malick Diouf,Senegal,CAF,Troms%C3%B8_IL,SK_Slavia_Prague,West_Ham_United_F.C.
Pape Gueye,Senegal,CAF,Le_Havre_AC,Watford_F.C.,Olympique_de_Marseille,Sevilla_FC,Villarreal_CF
Melvin Mastil,Algeria,CAF,FC_Echichens,FC_Lausanne-Sport,FC_Echallens,FC_Biel-Bienne,FC_Stade_Nyonnais
Aïssa Mandi,Algeria,CAF,Stade_de_Reims,Real_Betis,Villarreal_CF,Lille_OSC
Achref Abada,Algeria,CAF,MC_El_Eulma,ASO_Chlef,USM_Alger
Mohamed Amine Tougai,Algeria,CAF,NA_Hussein_Dey,Esp%C3%A9rance_Sportive_de_Tunis
Zineddine Belaïd,Algeria,CAF,NA_Hussein_Dey,USM_Alger,Sint-Truidense_VV,JS_Kabylie
Ramiz Zerrouki,Algeria,CAF,Jong_FC_Twente,FC_Twente,Feyenoord
Riyad Mahrez,Algeria,CAF,Quimper_Kerfeunteun_F.C.,Le_Havre_AC,Leicester_City_F.C.,Manchester_City_F.C.,Al-Ahli_Saudi_FC
Houssem Aouar,Algeria,CAF,Olympique_Lyonnais_Reserves_and_Academy,Olympique_Lyonnais,AS_Roma,Al-Ittihad_Club_(Jeddah)
Amine Gouiri,Algeria,CAF,Olympique_Lyonnais_Reserves_and_Academy,Olympique_Lyonnais,OGC_Nice,Stade_Rennais_F.C.,Olympique_de_Marseille
Farès Chaïbi,Algeria,CAF,Toulouse_FC,Eintracht_Frankfurt
Anis Hadj Moussa,Algeria,CAF,RC_Lens,Olympic_Charleroi,K._Patro_Eisden_Maasmechelen,SBV_Vitesse,Feyenoord
Nadhir Benbouali,Algeria,CAF,Paradou_AC,R._Charleroi_S.C.,Gy%C5%91ri_ETO_FC
Jaouen Hadjam,Algeria,CAF,Paris_FC,FC_Nantes,BSC_Young_Boys
Hicham Boudaoui,Algeria,CAF,Paradou_AC,OGC_Nice
Rayan Aït-Nouri,Algeria,CAF,Angers_SCO,Wolverhampton_Wanderers_F.C.,Manchester_City_F.C.
Oussama Benbot,Algeria,CAF,US_Chaouia,USM_Bel_Abb%C3%A8s,DRB_Tadjenanet,AS_A%C3%AFn_M%27lila,JS_Kabylie,USM_Alger
Rafik Belghali,Algeria,CAF,Lommel_S.K.,K.V._Mechelen,Hellas_Verona_FC
Mohamed Amoura,Algeria,CAF,ES_S%C3%A9tif,FC_Lugano,Royale_Union_Saint-Gilloise,VfL_Wolfsburg
Nabil Bentaleb,Algeria,CAF,Tottenham_Hotspur_F.C.,FC_Schalke_04,FC_Schalke_04_II,Newcastle_United_F.C.,Angers_SCO,Lille_OSC
Adil Boulbina,Algeria,CAF,Paradou_AC,Al-Duhail_SC
Ramy Bensebaini,Algeria,CAF,Paradou_AC,Lierse_S.K._(1906),Montpellier_HSC,Stade_Rennais_F.C.,Borussia_M%C3%B6nchengladbach,Borussia_Dortmund
Ibrahim Maza,Algeria,CAF,Hertha_BSC_II,Hertha_BSC,Bayer_04_Leverkusen
Luca Zidane,Algeria,CAF,Real_Madrid_Castilla,Real_Madrid_CF,Racing_Santander,Rayo_Vallecano,SD_Eibar,Granada_CF
Yacine Titraoui,Algeria,CAF,Paradou_AC,Royal_Charleroi_S.C.
Farès Ghedjemis,Algeria,CAF,Le_Havre_AC,%C3%89vreux_FC_27,Vannes_OC,FC_Rouen,Frosinone_Calcio
Samir Chergui,Algeria,CAF,AJ_Auxerre,Paris_FC
Juan Musso,Argentina,CONMEBOL,Racing_Club_de_Avellaneda,Udinese_Calcio,Atalanta_BC,Atl%C3%A9tico_Madrid
Marcos Senesi,Argentina,CONMEBOL,San_Lorenzo_de_Almagro,Feyenoord,AFC_Bournemouth
Nicolás Tagliafico,Argentina,CONMEBOL,Club_Atl%C3%A9tico_Banfield,Real_Murcia,Club_Atl%C3%A9tico_Independiente,AFC_Ajax,Olympique_Lyonnais
Gonzalo Montiel,Argentina,CONMEBOL,Club_Atl%C3%A9tico_River_Plate,Sevilla_FC,Nottingham_Forest_F.C.
Leandro Paredes,Argentina,CONMEBOL,Boca_Juniors,AC_ChievoVerona,AS_Roma,Empoli_FC,FC_Zenit_Saint_Petersburg,Paris_Saint-Germain_F.C.,Juventus_FC
Lisandro Martínez,Argentina,CONMEBOL,Newell%27s_Old_Boys,Defensa_y_Justicia,AFC_Ajax,Manchester_United_F.C.
Rodrigo De Paul,Argentina,CONMEBOL,Racing_Club_de_Avellaneda,Valencia_CF,Udinese_Calcio,Atl%C3%A9tico_Madrid,Inter_Miami_CF
Valentín Barco,Argentina,CONMEBOL,Boca_Juniors,Brighton_%26_Hove_Albion_F.C.,Sevilla_FC,RC_Strasbourg_Alsace
Julián Alvarez,Argentina,CONMEBOL,Club_Atl%C3%A9tico_River_Plate,Manchester_City_F.C.,Atl%C3%A9tico_Madrid
Lionel Messi,Argentina,CONMEBOL,FC_Barcelona_C,FC_Barcelona_B,FC_Barcelona,Paris_Saint-Germain_FC,Inter_Miami_CF
Giovani Lo Celso,Argentina,CONMEBOL,Rosario_Central,Paris_Saint-Germain_F.C.,Real_Betis,Tottenham_Hotspur_F.C.,Villarreal_CF
Gerónimo Rulli,Argentina,CONMEBOL,Estudiantes_de_La_Plata,Deportivo_Maldonado,Real_Sociedad,Manchester_City,Montpellier_HSC,Villarreal_CF,AFC_Ajax,Jong_Ajax,Olympique_de_Marseille
Cristian Romero,Argentina,CONMEBOL,Club_Atl%C3%A9tico_Belgrano,Genoa_CFC,Juventus_FC,Atalanta_BC,Tottenham_Hotspur_F.C.
Exequiel Palacios,Argentina,CONMEBOL,Club_Atl%C3%A9tico_River_Plate,Bayer_04_Leverkusen
Nicolás González,Argentina,CONMEBOL,Argentinos_Juniors,VfB_Stuttgart,ACF_Fiorentina,Juventus_FC,Atl%C3%A9tico_Madrid
Thiago Almada,Argentina,CONMEBOL,Club_Atl%C3%A9tico_V%C3%A9lez_Sarsfield,Atlanta_United_FC,Botafogo_FR,Olympique_Lyonnais,Atl%C3%A9tico_Madrid
Giuliano Simeone,Argentina,CONMEBOL,Atl%C3%A9tico_Madrid_B,Atl%C3%A9tico_Madrid,Real_Zaragoza,Deportivo_Alav%C3%A9s
Nico Paz,Argentina,CONMEBOL,Real_Madrid_Castilla,Real_Madrid_CF,Como_1907
Nicolás Otamendi,Argentina,CONMEBOL,Club_Atl%C3%A9tico_V%C3%A9lez_Sarsfield,FC_Porto,Valencia_CF,Clube_Atl%C3%A9tico_Mineiro,Manchester_City_F.C.,S.L._Benfica
Alexis Mac Allister,Argentina,CONMEBOL,Argentinos_Juniors,Brighton_%26_Hove_Albion_F.C.,Boca_Juniors,Liverpool_F.C.
José Manuel López,Argentina,CONMEBOL,Club_Atl%C3%A9tico_Lan%C3%BAs,SE_Palmeiras
Lautaro Martínez,Argentina,CONMEBOL,Racing_Club_de_Avellaneda,Inter_Milan
Emiliano Martínez,Argentina,CONMEBOL,Arsenal_F.C.,Oxford_United_F.C.,Sheffield_Wednesday_F.C.,Rotherham_United_F.C.,Wolverhampton_Wanderers_F.C.,Getafe_CF,Reading_F.C.,Aston_Villa_F.C.
Enzo Fernández,Argentina,CONMEBOL,Club_Atl%C3%A9tico_River_Plate,Defensa_y_Justicia,S.L._Benfica,Chelsea_F.C.
Facundo Medina,Argentina,CONMEBOL,Talleres_de_C%C3%B3rdoba,RC_Lens,Olympique_de_Marseille
Nahuel Molina,Argentina,CONMEBOL,Boca_Juniors,Defensa_y_Justicia,Rosario_Central,Udinese_Calcio,Atl%C3%A9tico_Madrid
Alexander Schlager,Austria,UEFA,FC_Red_Bull_Salzburg,FC_Liefering,RB_Leipzig,SV_Gr%C3%B6dig,Floridsdorfer_AC,LASK
David Affengruber,Austria,UEFA,FC_Liefering,FC_Red_Bull_Salzburg,SK_Sturm_Graz,Elche_CF
Kevin Danso,Austria,UEFA,FC_Augsburg_II,FC_Augsburg,Southampton_F.C.,Fortuna_D%C3%BCsseldorf,RC_Lens,Tottenham_Hotspur_F.C.
Xaver Schlager,Austria,UEFA,FC_Liefering,FC_Red_Bull_Salzburg,VfL_Wolfsburg,RB_Leipzig
Stefan Posch,Austria,UEFA,FC_Admira_Wacker_M%C3%B6dling_Amateure,TSG_1899_Hoffenheim_II,TSG_1899_Hoffenheim,Bologna_FC_1909,Atalanta_BC,Como_1907,1._FSV_Mainz_05
Nicolas Seiwald,Austria,UEFA,FC_Liefering,FC_Red_Bull_Salzburg,RB_Leipzig
Marko Arnautović,Austria,UEFA,FC_Twente,Inter_Milan,SV_Werder_Bremen,Stoke_City_F.C.,West_Ham_United_F.C.,Shanghai_Port_F.C.,Bologna_FC_1909,Red_Star_Belgrade
David Alaba,Austria,UEFA,FK_Austria_Wien_II,FC_Bayern_Munich_II,FC_Bayern_Munich,TSG_1899_Hoffenheim,Real_Madrid_CF
Marcel Sabitzer,Austria,UEFA,FC_Admira_Wacker_M%C3%B6dling,SK_Rapid_Wien,RB_Leipzig,FC_Red_Bull_Salzburg,FC_Bayern_Munich,Manchester_United_F.C.,Borussia_Dortmund
Florian Grillitsch,Austria,UEFA,SV_Werder_Bremen_II,SV_Werder_Bremen,TSG_1899_Hoffenheim,AFC_Ajax,Real_Valladolid,SC_Braga
Michael Gregoritsch,Austria,UEFA,Kapfenberger_SV,TSG_1899_Hoffenheim,TSG_1899_Hoffenheim_II,FC_St._Pauli_II,FC_St._Pauli,VfL_Bochum,Hamburger_SV,FC_Augsburg,FC_Schalke_04,FC_Augsburg_II,SC_Freiburg,Br%C3%B8ndby_IF
Florian Wiegele,Austria,UEFA,SK_Sturm_Graz,DSV_Leoben,FC_Viktoria_Plze%C5%88,Grazer_AK
Patrick Pentz,Austria,UEFA,FK_Austria_Wien,Stade_de_Reims,Bayer_04_Leverkusen,Br%C3%B8ndby_IF
Saša Kalajdžić,Austria,UEFA,FC_Admira_Wacker_M%C3%B6dling,VfB_Stuttgart,Wolverhampton_Wanderers_F.C.,Eintracht_Frankfurt,LASK
Philipp Lienhart,Austria,UEFA,SK_Rapid_Wien_II,Real_Madrid_C,Real_Madrid_Castilla,Real_Madrid_CF,SC_Freiburg
Phillipp Mwene,Austria,UEFA,VfB_Stuttgart_II,1._FC_Kaiserslautern,1._FSV_Mainz_05,PSV_Eindhoven
Carney Chukwuemeka,Austria,UEFA,Aston_Villa_F.C.,Chelsea_F.C.,Borussia_Dortmund
Romano Schmid,Austria,UEFA,SK_Sturm_Graz,FC_Red_Bull_Salzburg,FC_Liefering,SV_Werder_Bremen,Wolfsberger_AC
Dejan Ljubičić,Austria,UEFA,SK_Rapid_Wien,SC_Wiener_Neustadt,1._FC_K%C3%B6ln,GNK_Dinamo_Zagreb,FC_Schalke_04
Konrad Laimer,Austria,UEFA,FC_Liefering,FC_Red_Bull_Salzburg,RB_Leipzig,FC_Bayern_Munich
Patrick Wimmer,Austria,UEFA,FK_Austria_Wien,Arminia_Bielefeld,VfL_Wolfsburg,TSG_Hoffenheim
Alexander Prass,Austria,UEFA,FC_Liefering,SK_Sturm_Graz,TSG_1899_Hoffenheim
Marco Friedl,Austria,UEFA,FC_Bayern_Munich_II,FC_Bayern_Munich,SV_Werder_Bremen,SV_Werder_Bremen_II
Paul Wanner,Austria,UEFA,FC_Bayern_Munich,FC_Bayern_Munich_II,SV_Elversberg,1._FC_Heidenheim,PSV_Eindhoven
Michael Svoboda,Austria,UEFA,SV_Schwechat,WSG_Swarovski_Tirol,Venezia_F.C.
Alessandro Schöpf,Austria,UEFA,FC_Bayern_Munich_II,1._FC_N%C3%BCrnberg,FC_Schalke_04,FC_Schalke_04_II,Arminia_Bielefeld,Vancouver_Whitecaps_FC,Wolfsberger_AC
Yazeed Abulaila,Jordan,AFC,Shabab_Al-Ordon,Al-Faisaly_SC_(Amman),Al-Jabalain_FC,Al-Hussein_SC_(Irbid)
Mohammad Abu Hashish,Jordan,AFC,Al-Baqa%27a_SC,Al-Salt_SC,Al-Wehdat_SC,Al-Zawraa_SC,Al_Ahed_FC,Zakho_SC,Al-Karma_SC
Abdallah Nasib,Jordan,AFC,That_Ras_SC,Al-Ramtha_SC,Al-Wehdat_SC,Al_Ittihad_Alexandria_Club,Al-Hussein_SC_(Irbid),Al-Zawraa_SC
Husam Abu Dahab,Jordan,AFC,Al-Faisaly_SC
Yazan Al-Arab,Jordan,AFC,Al-Jazeera_(Amman),Al-Wehdat,Selangor_F.C.,Al-Shorta_SC,Muaither_SC,FC_Seoul
Amer Jamous,Jordan,AFC,Al-Jazeera_SC_(Amman),Al-Wehdat_SC,Al-Zawraa_SC
Mohammad Abu Zrayq,Jordan,AFC,Al-Ramtha_SC,Al-Sailiya_SC,Al_Ahli_SC_(Tripoli),Esp%C3%A9rance_Sportive_de_Tunis,Al_Wehdat_SC,Al-Shorta_SC,Al-Hussein_SC_(Irbid),Raja_CA
Noor Al-Rawabdeh,Jordan,AFC,Al-Jazeera_Club_(Jordan),Al-Muharraq_SC,Al-Faisaly_SC,Selangor_F.C.
Ali Olwan,Jordan,AFC,Al-Jazeera_Club_(Jordan),Al-Shamal_SC,Al-Khor_SC,Selangor_F.C.,Al-Karma_SC,Al-Sailiya_SC
Musa Al-Taamari,Jordan,AFC,Shabab_Al-Ordon_Club,Al-Jazeera_Club_(Jordan),APOEL_FC,OH_Leuven,Montpellier_HSC,Stade_Rennais_FC
Odeh Al-Fakhouri,Jordan,AFC,Amman_FC,Al-Hussein_SC_(Irbid),Pyramids_FC
Nour Bani Attiah,Jordan,AFC,Al-Faisaly_SC_(Amman),Shabab_Al-Aqaba_Club,Al-Jazeera_Club_(Jordan)
Mahmoud Al-Mardi,Jordan,AFC,Ittihad_Al-Zarqa,Al-Sheikh_Hussein_FC,Ittihad_Al-Ramtha,Al-Ahli_SC_(Amman),Al-Arabi_SC_(Kuwait),Al-Faisaly_SC_(Amman),Al-Jazeera_Club_(Jordan),Oman_Club,Al-Salt,Al-Muharraq_SC,Kedah_Darul_Aman_F.C.,Qadsia_SC,Al-Hussein_SC_(Irbid),Dibba_FC
Rajaei Ayed,Jordan,AFC,Al-Wehdat_SC,Ratchaburi_Mitr_Phol_F.C.,Mesaimeer_SC,Al-Hussein_SC_(Irbid)
Ibrahim Sadeh,Jordan,AFC,Al-Jazeera_Club_(Jordan),Al-Hussein_SC_(Irbid),Al-Zawraa_SC,Al-Khor_SC,Al-Muharraq_SC,Al-Karma_SC
Mo Abualnadi,Jordan,AFC,Swope_Park_Rangers,Sporting_Kansas_City_II,Sporting_Kansas_City,Al-Hussein_SC_(Irbid),Al-Qasim_SC,Selangor_F.C.,FC_Corvinul_Hunedoara
Salim Obaid,Jordan,AFC,Al-Ahli_SC_(Amman),Al-Wehdat_SC,Sahab_SC,Shabab_Al-Ordon_SC,Al-Hussein_SC_(Irbid)
Mohammad Taha,Jordan,AFC,Shabab_Al-Ordon_SC,Al-Hussein_SC_(Irbid)
Saed Al-Rosan,Jordan,AFC,Al-Arabi_SC_(Irbid),Al-Ahli_SC_(Amman),Al-Sareeh_SC,Mansheyat_Bani_Hasan,Al-Baqa%27a_SC,Ma%27an_SC,Al-Hussein_SC_(Irbid)
Mohannad Abu Taha,Jordan,AFC,Al-Wehdat_SC,Al-Karkh_SC,Al-Orobah_FC,Al-Quwa_Al-Jawiya
Nizar Al-Rashdan,Jordan,AFC,Al-Hussein_SC_(Irbid),Al-Faisaly_SC,Newroz_SC,Emirates_Club,Al-Khaldiya_SC,Al-Zawraa_SC,Qatar_SC
Abdallah Al-Fakhouri,Jordan,AFC,Al-Wehdat_SC,Al-Ain_FC_(Saudi_Arabia)
Ihsan Haddad,Jordan,AFC,Al-Arabi_(Irbid),Al-Ramtha_SC,Al-Hussein_SC_(Irbid),Al-Wehdat_SC,Al-Faisaly_SC,Al-Quwa_Al-Jawiya,Al-Shorta_SC
Ali Azaizeh,Jordan,AFC,Al-Ramtha_SC,Al-Khaldiya_SC,Kazma_SC,Al_Shabab_Club
Mohammad Al-Dawoud,Jordan,AFC,Al-Ramtha_SC,Hidd_SCC,Al-Salt_SC,Al-Hussein_SC_(Irbid),Al-Faisaly_SC,Al-Wehdat_SC
Anas Badawi,Jordan,AFC,Al_Ahli_SC_(Amman),Sahab_SC,Shabab_Al-Aqaba_SC,Al-Jazeera_SC_(Amman),Al-Faisaly_SC
David Ospina,Colombia,CONMEBOL,Atl%C3%A9tico_Nacional,OGC_Nice,Arsenal_F.C.,S.S.C._Napoli,Al_Nassr_FC
Daniel Muñoz,Colombia,CONMEBOL,%C3%81guilas_Doradas,Atl%C3%A9tico_Nacional,KRC_Genk,Crystal_Palace_F.C.
Jhon Lucumí,Colombia,CONMEBOL,Deportivo_Cali,K.R.C._Genk,Bologna_FC_1909
Santiago Arias,Colombia,CONMEBOL,La_Equidad,Sporting_CP,Sporting_CP_B,Jong_PSV,PSV_Eindhoven,Atl%C3%A9tico_Madrid,Bayer_04_Leverkusen,Granada_CF,FC_Cincinnati,Esporte_Clube_Bahia,Club_Atl%C3%A9tico_Independiente
Kevin Castaño,Colombia,CONMEBOL,%C3%81guilas_Doradas,Cruz_Azul,FC_Krasnodar,Club_Atl%C3%A9tico_River_Plate
Richard Ríos,Colombia,CONMEBOL,CR_Flamengo,Mazatl%C3%A1n_F.C.,Guarani_FC,SE_Palmeiras,S.L._Benfica
Luis Díaz,Colombia,CONMEBOL,Barranquilla_F.C.,Atl%C3%A9tico_Junior,FC_Porto,Liverpool_F.C.,FC_Bayern_Munich
Jorge Carrascal,Colombia,CONMEBOL,Millonarios_F.C.,Sevilla_Atl%C3%A9tico,FC_Karpaty_Lviv,Club_Atl%C3%A9tico_River_Plate,PFC_CSKA_Moscow,FC_Dynamo_Moscow,CR_Flamengo
Jhon Córdoba,Colombia,CONMEBOL,Envigado_F.C.,Chiapas_F.C.,Quer%C3%A9taro_F.C.,Dorados_de_Sinaloa,RCD_Espanyol,Granada_CF,1._FSV_Mainz_05,1._FC_K%C3%B6ln,Hertha_BSC,FC_Krasnodar
James Rodríguez,Colombia,CONMEBOL,Envigado_F.C.,Club_Atl%C3%A9tico_Banfield,FC_Porto,AS_Monaco_FC,Real_Madrid_CF,FC_Bayern_Munich,Everton_F.C.,Al-Rayyan_SC,Olympiacos_F.C.,S%C3%A3o_Paulo_FC,Rayo_Vallecano,Club_Le%C3%B3n,Minnesota_United_FC
Jhon Arias,Colombia,CONMEBOL,Patriotas_Boyac%C3%A1,Llaneros_F.C.,Am%C3%A9rica_de_Cali,Independiente_Santa_Fe,Fluminense_FC,Wolverhampton_Wanderers_F.C.,SE_Palmeiras
Camilo Vargas,Colombia,CONMEBOL,Independiente_Santa_Fe,Atl%C3%A9tico_Nacional,Argentinos_Juniors,Deportivo_Cali,Atlas_F.C.
Yerry Mina,Colombia,CONMEBOL,Deportivo_Pasto,Independiente_Santa_Fe,SE_Palmeiras,FC_Barcelona,Everton_F.C.,ACF_Fiorentina,Cagliari_Calcio
Gustavo Puerta,Colombia,CONMEBOL,Bogot%C3%A1_F.C.,Bayer_04_Leverkusen,1._FC_N%C3%BCrnberg,Hull_City_A.F.C.,Racing_de_Santander
Juan Portilla,Colombia,CONMEBOL,Universitario_Popay%C3%A1n,Jacksonville_Armada_FC,Deportes_Melipilla,Alianza_Petrolera_F.C.,Am%C3%A9rica_de_Cali,Talleres_de_C%C3%B3rdoba,Club_Athletico_Paranaense
Jefferson Lerma,Colombia,CONMEBOL,Atl%C3%A9tico_Huila,Levante_UD,AFC_Bournemouth,Crystal_Palace_F.C.
Johan Mojica,Colombia,CONMEBOL,Academia_F.C.,Llaneros_F.C.,Deportivo_Cali,Rayo_Vallecano,Real_Valladolid,Girona_FC,Atalanta_B.C.,Elche_CF,Villarreal_CF,CA_Osasuna,RCD_Mallorca
Willer Ditta,Colombia,CONMEBOL,Barranquilla_F.C.,Atl%C3%A9tico_Junior,Newell%27s_Old_Boys,Cruz_Azul
Cucho Hernández,Colombia,CONMEBOL,Deportivo_Pereira,Granada_CF,Am%C3%A9rica_de_Cali,Watford_F.C.,SD_Huesca,RCD_Mallorca,Getafe_CF,Columbus_Crew,Real_Betis
Juan Fernando Quintero,Colombia,CONMEBOL,Envigado_F%C3%BAtbol_Club,Atl%C3%A9tico_Nacional,Delfino_Pescara_1936,FC_Porto,Stade_Rennais_FC,Independiente_Medell%C3%ADn,Club_Atl%C3%A9tico_River_Plate,Shenzhen_F.C.,Atl%C3%A9tico_Junior,Racing_Club_de_Avellaneda,Am%C3%A9rica_de_Cali
Jaminton Campaz,Colombia,CONMEBOL,Deportes_Tolima,Gr%C3%AAmio_FBPA,Rosario_Central
Deiver Machado,Colombia,CONMEBOL,Atl%C3%A9tico_Nacional,Alianza_Petrolera,Millonarios_F.C.,K.A.A._Gent,Toulouse_FC,RC_Lens,FC_Nantes
Davinson Sánchez,Colombia,CONMEBOL,Atl%C3%A9tico_Nacional,Jong_Ajax,AFC_Ajax,Tottenham_Hotspur_F.C.,Galatasaray_S.K._(football)
Álvaro Montero,Colombia,CONMEBOL,Associa%C3%A7%C3%A3o_Desportiva_S%C3%A3o_Caetano,San_Lorenzo_de_Almagro,C%C3%BAcuta_Deportivo,Deportes_Tolima,Millonarios_F.C.,Club_Atl%C3%A9tico_V%C3%A9lez_Sarsfield
Luis Suárez,Colombia,CONMEBOL,Leones_F.C._(Colombia),Club_Recreativo_Granada,Watford_F.C.,Real_Valladolid_Promesas,Gimn%C3%A0stic_de_Tarragona,Real_Zaragoza,Granada_CF,Olympique_de_Marseille,UD_Almer%C3%ADa,Sporting_CP
Andrés Gómez,Colombia,CONMEBOL,Millonarios_F.C.,Real_Salt_Lake,Stade_Rennais_F.C.,CR_Vasco_da_Gama
Lionel Mpasi,DR Congo,CAF,Paris_Saint-Germain_F.C.,Toulouse_FC,Rodez_AF,Le_Havre_AC
Aaron Wan-Bissaka,DR Congo,CAF,Crystal_Palace_F.C.,Manchester_United_F.C.,West_Ham_United_F.C.
Steve Kapuadi,DR Congo,CAF,K.A.A._Gent,FK_Inter_Bratislava,AS_Tren%C4%8D%C3%ADn,Wis%C5%82a_P%C5%82ock,Legia_Warsaw,Legia_Warsaw_II,Widzew_%C5%81%C3%B3d%C5%BA
Axel Tuanzebe,DR Congo,CAF,Manchester_United_F.C.,Aston_Villa_F.C.,SSC_Napoli,Stoke_City_F.C.,Ipswich_Town_F.C.,Burnley_F.C.
Dylan Batubinsika,DR Congo,CAF,Paris_Saint-Germain_Academy,Royal_Antwerp_F.C.,F.C._Famalic%C3%A3o,Maccabi_Haifa_F.C.,AS_Saint-%C3%89tienne,Athlitiki_Enosi_Larissa_F.C.
Ngal'ayel Mukau,DR Congo,CAF,K.V._Mechelen,Lille_OSC
Nathanaël Mbuku,DR Congo,CAF,Stade_de_Reims,FC_Augsburg,FC_Augsburg_II,AS_Saint-%C3%89tienne,GNK_Dinamo_Zagreb,Montpellier_HSC
Samuel Moutoussamy,DR Congo,CAF,Olympique_Lyonnais_Reserves_and_Academy,FC_Nantes,Fortuna_Sittard,Sivasspor,Atromitos_F.C.
Brian Cipenga,DR Congo,CAF,Boavista_F.C.,S.C._Freamunde,F.C._Famalic%C3%A3o,S.C._Ideal,Anadia_F.C.,L%C3%A4nk_FC_Vilaverdense,F.C._Pa%C3%A7os_de_Ferreira,CD_Castell%C3%B3n
Théo Bongonda,DR Congo,CAF,S.V._Zulte_Waregem,Celta_de_Vigo,Trabzonspor,KRC_Genk,C%C3%A1diz_CF,FC_Spartak_Moscow
Gaël Kakuta,DR Congo,CAF,Chelsea_F.C.,Fulham_F.C.,Bolton_Wanderers_F.C.,Dijon_FCO,SBV_Vitesse,SS_Lazio,Rayo_Vallecano,Sevilla_FC,Hebei_China_Fortune,Deportivo_de_La_Coru%C3%B1a,Amiens_SC,RC_Lens,Esteghlal_F.C.,Sakaryaspor,Athlitiki_Enosi_Larissa_F.C.
Joris Kayembe,DR Congo,CAF,FC_Porto_B,FC_Porto,F.C._Arouca,Rio_Ave_F.C.,FC_Nantes,R._Charleroi_S.C.,KRC_Genk
Meschak Elia,DR Congo,CAF,CS_Don_Bosco,TP_Mazembe,BSC_Young_Boys,FC_Nantes,Alanyaspor
Noah Sadiki,DR Congo,CAF,R.S.C._Anderlecht,RSCA_Futures,Royale_Union_Saint-Gilloise,Sunderland_A.F.C.
Aaron Tshibola,DR Congo,CAF,Reading_F.C.,Hartlepool_United_F.C.,Aston_Villa_F.C.,Nottingham_Forest_F.C.,Milton_Keynes_Dons_F.C.,Kilmarnock_F.C.,Waasland_Beveren,C.D._Aves,Gen%C3%A7lerbirli%C4%9Fi_S.K.,AEL_Limassol,Hatta_Club,PAS_Lamia_1964,Levadiakos_F.C.
Timothy Fayulu,DR Congo,CAF,FC_Sion,FC_Winterthur,FC_Noah
Cédric Bakambu,DR Congo,CAF,FC_Sochaux-Montb%C3%A9liard,Bursaspor,Villarreal_CF,Beijing_Guoan,Olympique_de_Marseille,Olympiacos_F.C.,Al-Nasr_SC_(Dubai),Galatasaray_S.K._(football),Real_Betis
Charles Pickel,DR Congo,CAF,FC_Basel,Grasshopper_Club_Z%C3%BCrich,FC_Schaffhausen,Neuch%C3%A2tel_Xamax_FCS,Grenoble_Foot_38,F.C._Famalic%C3%A3o,US_Cremonese,RCD_Espanyol
Fiston Mayele,DR Congo,CAF,AS_Simba,AS_Vita_Club,Young_Africans_S.C.,Pyramids_FC
Yoane Wissa,DR Congo,CAF,LB_Ch%C3%A2teauroux,Angers_SCO,Stade_Lavallois,AC_Ajaccio,FC_Lorient,Brentford_F.C.,Newcastle_United_F.C.
Matthieu Epolo,DR Congo,CAF,Standard_Li%C3%A8ge
Chancel Mbemba,DR Congo,CAF,R.S.C._Anderlecht,Newcastle_United_F.C.,FC_Porto,Olympique_de_Marseille,Lille_OSC
Simon Banza,DR Congo,CAF,RC_Lens,AS_B%C3%A9ziers_(2007),Union_Titus_P%C3%A9tange,F.C._Famalic%C3%A3o,S.C._Braga,Trabzonspor,Al_Jazira_Club
Gédéon Kalulu,DR Congo,CAF,Olympique_Lyonnais_Reserves_and_Academy,Football_Bourg-en-Bresse_P%C3%A9ronnas_01,AC_Ajaccio,FC_Lorient,Aris_Limassol_FC
Edo Kayembe,DR Congo,CAF,R.S.C._Anderlecht,K.A.S._Eupen,Watford_F.C.
Arthur Masuaku,DR Congo,CAF,Valenciennes_FC,Olympiacos_F.C.,West_Ham_United_F.C.,Be%C5%9Fikta%C5%9F_J.K.,Sunderland_A.F.C.,RC_Lens
Diogo Costa,Portugal,UEFA,FC_Porto_B,FC_Porto
Nélson Semedo,Portugal,UEFA,S.U._Sintrense,S.L._Benfica_B,C.D._F%C3%A1tima,S.L._Benfica,FC_Barcelona,Wolverhampton_Wanderers_F.C.,Fenerbah%C3%A7e_S.K._(football)
Rúben Dias,Portugal,UEFA,S.L._Benfica_B,S.L._Benfica,Manchester_City_F.C.
Tomás Araújo,Portugal,UEFA,S.L._Benfica_B,S.L._Benfica,Gil_Vicente_F.C.
Diogo Dalot,Portugal,UEFA,FC_Porto_B,FC_Porto,Manchester_United_F.C.,AC_Milan
Matheus Nunes,Portugal,UEFA,G.D.U._Ericeirense,G.D._Estoril_Praia,Sporting_CP,Wolverhampton_Wanderers_F.C.,Manchester_City_F.C.
Cristiano Ronaldo,Portugal,UEFA,Sporting_CP_B,Sporting_CP,Manchester_United_F.C.,Real_Madrid_CF,Juventus_FC,Al-Nassr_FC
Bruno Fernandes,Portugal,UEFA,Novara_Calcio,Udinese_Calcio,UC_Sampdoria,Sporting_CP,Manchester_United_F.C.
Gonçalo Ramos,Portugal,UEFA,S.L._Benfica_B,S.L._Benfica,Paris_Saint-Germain_FC
Bernardo Silva,Portugal,UEFA,S.L._Benfica_B,S.L._Benfica,AS_Monaco_FC,Manchester_City_F.C.
João Félix,Portugal,UEFA,S.L._Benfica_B,S.L._Benfica,Atl%C3%A9tico_Madrid,Chelsea_F.C.,FC_Barcelona,AC_Milan,Al-Nassr_FC
José Sá,Portugal,UEFA,C.S._Mar%C3%ADtimo_B,C.S._Mar%C3%ADtimo,FC_Porto_B,FC_Porto,Olympiacos_F.C.,Wolverhampton_Wanderers_F.C.
Renato Veiga,Portugal,UEFA,Sporting_CP_B,FC_Augsburg,FC_Basel,Chelsea_F.C.,Juventus_FC,Villarreal_CF
Gonçalo Inácio,Portugal,UEFA,Sporting_CP
João Neves,Portugal,UEFA,S.L._Benfica_B,S.L._Benfica,Paris_Saint-Germain_FC
Francisco Trincão,Portugal,UEFA,S.C._Braga_B,S.C._Braga,FC_Barcelona,Wolverhampton_Wanderers_F.C.,Sporting_CP
Rafael Leão,Portugal,UEFA,Sporting_CP_B,Sporting_CP,Lille_OSC,AC_Milan
Pedro Neto,Portugal,UEFA,S.C._Braga_B,S.C._Braga,SS_Lazio,Wolverhampton_Wanderers_F.C.,Chelsea_F.C.
Gonçalo Guedes,Portugal,UEFA,S.L._Benfica_B,S.L._Benfica,Paris_Saint-Germain_FC,Valencia_CF,Wolverhampton_Wanderers_F.C.,Villarreal_CF,Real_Sociedad
João Cancelo,Portugal,UEFA,S.L._Benfica_B,S.L._Benfica,Valencia_CF,Inter_Milan,Juventus_FC,Manchester_City_F.C.,FC_Bayern_Munich,FC_Barcelona,Al_Hilal_SFC
Rúben Neves,Portugal,UEFA,FC_Porto,Wolverhampton_Wanderers_F.C.,Al_Hilal_SFC
Rui Silva,Portugal,UEFA,C.D._Nacional,Granada_CF,Real_Betis,Sporting_CP
Vitinha,Portugal,UEFA,FC_Porto_B,FC_Porto,Wolverhampton_Wanderers_F.C.,Paris_Saint-Germain_FC
Samú Costa,Portugal,UEFA,S.C._Braga_B,S.C._Braga,UD_Almer%C3%ADa,RCD_Mallorca
Nuno Mendes,Portugal,UEFA,Sporting_CP,Paris_Saint-Germain_FC
Francisco Conceição,Portugal,UEFA,FC_Porto_B,FC_Porto,Jong_Ajax,AFC_Ajax,Juventus_FC
Utkir Yusupov,Uzbekistan,AFC,FC_Mash%27al,FC_Nasaf,FC_Neftchi_Fergana,FC_Kokand_1912,FC_Navbahor,Foolad_F.C.
Abdukodir Khusanov,Uzbekistan,AFC,FC_Energetik-BGU_Minsk,RC_Lens,Manchester_City_F.C.
Khojiakbar Alijonov,Uzbekistan,AFC,Pakhtakor_Tashkent_FK
Farrukh Sayfiev,Uzbekistan,AFC,FC_Nasaf,Pakhtakor_Tashkent_FK,FC_Navbahor_Namangan,FC_Neftchi_Fergana
Rustam Ashurmatov,Uzbekistan,AFC,FC_Bunyodkor,Gwangju_FC,Gangwon_FC,PFC_Navbahor_Namangan,FC_Rubin_Kazan,Esteghlal_F.C.
Akmal Mozgovoy,Uzbekistan,AFC,FC_Nasaf,Baniyas_Club,Pakhtakor_FC
Otabek Shukurov,Uzbekistan,AFC,FK_Mash%27al_Mubarek,FC_Bunyodkor,FK_Buxoro,Sharjah_FC,Fatih_Karag%C3%BCmr%C3%BCk_S.K.,Kayserispor,Al-Fayha_FC,Baniyas_Club
Jamshid Iskanderov,Uzbekistan,AFC,FK_Samarqand-Dinamo,Pakhtakor_Tashkent_FK,PFC_Lokomotiv_Tashkent,Seongnam_FC,Navbahor_Namangan,FC_Neftchi_Fergana
Odiljon Hamrobekov,Uzbekistan,AFC,FC_Nasaf,Pakhtakor_Tashkent_FK,Shabab_Al-Ahli_Club,PFC_Navbahor_Namangan,Bunyodkor,Tractor_S.C.
Ruslanbek Jiyanov,Uzbekistan,AFC,FK_Olympic_Tashkent,FC_Pari_Nizhny_Novgorod,PFC_Navbahor_Namangan
Oston Urunov,Uzbekistan,AFC,Pakhtakor_Tashkent_FK,PFC_Navbahor_Namangan,PFC_Lokomotiv_Tashkent,FC_Ufa,FC_Spartak_Moscow,FC_Ural_Yekaterinburg,Persepolis_F.C.
Abduvohid Nematov,Uzbekistan,AFC,FC_Nasaf
Sherzod Nasrullaev,Uzbekistan,AFC,FC_Nasaf
Eldor Shomurodov,Uzbekistan,AFC,FK_Mash%27al_Mubarek,FC_Bunyodkor,FC_Rostov,Genoa_CFC,AS_Roma,Spezia_Calcio,Cagliari_Calcio,%C4%B0stanbul_Ba%C5%9Fak%C5%9Fehir_F.K.
Umar Eshmurodov,Uzbekistan,AFC,FC_Shurtan_Guzar,FC_Nasaf,Pakhtakor_Tashkent_FK,Selangor_F.C.
Botirali Ergashev,Uzbekistan,AFC,FC_Pakhtakor_Tashkent,PFC_Navbahor_Namangan,FC_Dinamo_Samarqand,FK_Kokand_1912,FC_AGMK,FC_Neftchi_Fergana
Dostonbek Khamdamov,Uzbekistan,AFC,FC_Bunyodkor,FC_Anzhi_Makhachkala,Pakhtakor_Tashkent_FK,Al-Nasr_SC_(Dubai),Hatta_Club,Al-Sailiya_SC
Abdulla Abdullaev,Uzbekistan,AFC,Sementchi,Bunyodkor,FC_AGMK,Khor_Fakkan_Club,Pakhtakor_FC,Dibba_FC
Azizjon Ganiev,Uzbekistan,AFC,FC_Nasaf,Shabab_Al-Ahli_Club,Al_Bataeh_Club
Azizbek Amonov,Uzbekistan,AFC,PFC_Lokomotiv_Tashkent,FC_Buxoro,Esteghlal_F.C.,FC_Nasaf,Khor_Fakkan_Club,FC_Neftchi_Fergana,FC_Bunyodkor,FC_Bukhara
Igor Sergeev,Uzbekistan,AFC,Pakhtakor_FC,Beijing_Guoan_F.C.,Al_Dhafra_Club,FC_Aktobe,FC_Tobol,BG_Pathum_United_F.C.,Persepolis_F.C.
Abbosbek Fayzullaev,Uzbekistan,AFC,Pakhtakor_FC,PFC_CSKA_Moscow,%C4%B0stanbul_Ba%C5%9Fak%C5%9Fehir_F.K.
Sherzod Esanov,Uzbekistan,AFC,FK_Andijon,FK_Olympic_Tashkent,FC_Akron_Tolyatti,FC_Dynamo_Brest,FC_Bukhara
Bekhruz Karimov,Uzbekistan,AFC,FC_Olympic_Tashkent,FC_Surkhon
Avazbek Ulmasaliev,Uzbekistan,AFC,FC_Neftchi_Fergana,PFC_Lokomotiv_Tashkent,FC_Bunyodkor,FC_AGMK
Jakhongir Urozov,Uzbekistan,AFC,Bunyodkor,Ey%C3%BCpspor,Dinamo_Samarqand
Dominik Livaković,Croatia,UEFA,NK_Zagreb,GNK_Dinamo_Zagreb,Fenerbah%C3%A7e_S.K._(football),Girona_FC
Josip Stanišić,Croatia,UEFA,FC_Bayern_Munich_II,FC_Bayern_Munich,Bayer_04_Leverkusen
Marin Pongračić,Croatia,UEFA,TSV_1860_Munich_II,TSV_1860_Munich,FC_Red_Bull_Salzburg,VfL_Wolfsburg,Borussia_Dortmund,US_Lecce,ACF_Fiorentina
Joško Gvardiol,Croatia,UEFA,GNK_Dinamo_Zagreb_Academy,GNK_Dinamo_Zagreb,RB_Leipzig,Manchester_City_F.C.
Duje Ćaleta-Car,Croatia,UEFA,HNK_%C5%A0ibenik,FC_Pasching,FC_Red_Bull_Salzburg,FC_Liefering,Olympique_de_Marseille,Southampton_F.C.,Olympique_Lyonnais,Real_Sociedad
Josip Šutalo,Croatia,UEFA,GNK_Dinamo_Zagreb_II,GNK_Dinamo_Zagreb,NK_Istra_1961,AFC_Ajax
Nikola Moro,Croatia,UEFA,GNK_Dinamo_Zagreb_Academy,GNK_Dinamo_Zagreb,FC_Dynamo_Moscow,Bologna_FC_1909
Mateo Kovačić,Croatia,UEFA,GNK_Dinamo_Zagreb,Inter_Milan,Real_Madrid_CF,Chelsea_F.C.,Manchester_City_F.C.
Andrej Kramarić,Croatia,UEFA,GNK_Dinamo_Zagreb,NK_Lokomotiva_Zagreb,HNK_Rijeka,Leicester_City_F.C.,TSG_1899_Hoffenheim
Luka Modrić,Croatia,UEFA,GNK_Dinamo_Zagreb,H%C5%A0K_Zrinjski_Mostar,NK_Inter_Zapre%C5%A1i%C4%87,Tottenham_Hotspur_F.C.,Real_Madrid_CF,AC_Milan
Ante Budimir,Croatia,UEFA,HNK_Gorica,NK_Inter_Zapre%C5%A1i%C4%87,NK_Lokomotiva_Zagreb,FC_St._Pauli,FC_Crotone,UC_Sampdoria,RCD_Mallorca,CA_Osasuna
Ivor Pandur,Croatia,UEFA,HNK_Rijeka,Hellas_Verona_F.C.,Fortuna_Sittard,Hull_City_A.F.C.
Nikola Vlašić,Croatia,UEFA,HNK_Hajduk_Split,Everton_F.C.,PFC_CSKA_Moscow,West_Ham_United_F.C.,Torino_FC
Ivan Perišić,Croatia,UEFA,FC_Sochaux-Montb%C3%A9liard,K.S.V._Roeselare,Club_Brugge_KV,Borussia_Dortmund,VfL_Wolfsburg,Inter_Milan,FC_Bayern_Munich,Tottenham_Hotspur_F.C.,HNK_Hajduk_Split,PSV_Eindhoven
Mario Pašalić,Croatia,UEFA,HNK_Hajduk_Split,Chelsea_F.C.,Elche_CF,AS_Monaco_FC,AC_Milan,FC_Spartak_Moscow,Atalanta_BC
Martin Baturina,Croatia,UEFA,GNK_Dinamo_Zagreb,Como_1907
Petar Sučić,Croatia,UEFA,GNK_Dinamo_Zagreb,H%C5%A0K_Zrinjski_Mostar,Inter_Milan
Kristijan Jakić,Croatia,UEFA,RNK_Split,NK_Lokomotiva,NK_Istra_1961,GNK_Dinamo_Zagreb,Eintracht_Frankfurt,FC_Augsburg
Toni Fruk,Croatia,UEFA,ACF_Fiorentina,NK_Dubrava,HNK_Gorica,HNK_Rijeka
Igor Matanović,Croatia,UEFA,FC_St._Pauli,Eintracht_Frankfurt,Karlsruher_SC,SC_Freiburg
Luka Sučić,Croatia,UEFA,FC_Liefering,FC_Red_Bull_Salzburg,Real_Sociedad
Luka Vušković,Croatia,UEFA,HNK_Hajduk_Split,Radomiak_Radom,K.V.C._Westerlo,Tottenham_Hotspur_F.C.,Hamburger_SV
Dominik Kotarski,Croatia,UEFA,Jong_Ajax,AFC_Ajax,HNK_Gorica,PAOK_FC,F.C._Copenhagen
Marco Pašalić,Croatia,UEFA,VfB_Stuttgart_II,Borussia_Dortmund_II,Borussia_Dortmund,HNK_Rijeka,Orlando_City_SC
Martin Erlić,Croatia,UEFA,US_Sassuolo_Calcio,FC_S%C3%BCdtirol,Spezia_Calcio,Bologna_FC_1909,FC_Midtjylland
Petar Musa,Croatia,UEFA,NK_Zagreb,NK_Inter_Zapre%C5%A1i%C4%87,SK_Slavia_Prague,FK_Viktoria_%C5%BDi%C5%BEkov,FC_Slovan_Liberec,1._FC_Union_Berlin,Boavista_F.C.,S.L._Benfica,FC_Dallas
Jordan Pickford,England,UEFA,Sunderland_A.F.C.,Darlington_F.C.,Alfreton_Town_F.C.,Burton_Albion_F.C.,Carlisle_United_F.C.,Bradford_City_A.F.C.,Preston_North_End_F.C.,Everton_F.C.
Ezri Konsa,England,UEFA,Charlton_Athletic_F.C.,Brentford_F.C.,Aston_Villa_F.C.
Nico O'Reilly,England,UEFA,Manchester_City_F.C.
Declan Rice,England,UEFA,West_Ham_United_F.C.,Arsenal_F.C.
John Stones,England,UEFA,Barnsley_F.C.,Everton_F.C.,Manchester_City_F.C.
Marc Guéhi,England,UEFA,Chelsea_F.C.,Swansea_City_A.F.C.,Crystal_Palace_F.C.,Manchester_City_F.C.
Bukayo Saka,England,UEFA,Arsenal_F.C.
Elliot Anderson,England,UEFA,Newcastle_United_F.C.,Bristol_Rovers_F.C.,Nottingham_Forest_F.C.
Harry Kane,England,UEFA,Tottenham_Hotspur_F.C.,Leyton_Orient_F.C.,Millwall_F.C.,Norwich_City_F.C.,Leicester_City_F.C.,FC_Bayern_Munich
Jude Bellingham,England,UEFA,Birmingham_City_F.C.,Borussia_Dortmund,Real_Madrid_CF
Marcus Rashford,England,UEFA,Manchester_United_F.C.,Aston_Villa_F.C.,FC_Barcelona
Trevoh Chalobah,England,UEFA,Chelsea_F.C.,Ipswich_Town_F.C.,Huddersfield_Town_A.F.C.,FC_Lorient,Crystal_Palace_F.C.
Dean Henderson,England,UEFA,Manchester_United_F.C.,Stockport_County_F.C.,Grimsby_Town_F.C.,Shrewsbury_Town_F.C.,Sheffield_United_F.C.,Nottingham_Forest_F.C.,Crystal_Palace_F.C.
Jordan Henderson,England,UEFA,Sunderland_A.F.C.,Coventry_City_F.C.,Liverpool_F.C.,Al-Ettifaq_FC,AFC_Ajax,Brentford_F.C.
Dan Burn,England,UEFA,Darlington_F.C.,Fulham_F.C.,Yeovil_Town_F.C.,Birmingham_City_F.C.,Wigan_Athletic_F.C.,Brighton_%26_Hove_Albion_F.C.,Newcastle_United_F.C.
Kobbie Mainoo,England,UEFA,Manchester_United_F.C.
Morgan Rogers,England,UEFA,West_Bromwich_Albion_F.C.,Manchester_City_F.C.,Lincoln_City_F.C.,AFC_Bournemouth,Blackpool_F.C.,Middlesbrough_F.C.,Aston_Villa_F.C.
Anthony Gordon,England,UEFA,Everton_F.C.,Preston_North_End_F.C.,Newcastle_United_F.C.
Ollie Watkins,England,UEFA,Exeter_City_F.C.,Weston-super-Mare_A.F.C.,Brentford_F.C.,Aston_Villa_F.C.
Noni Madueke,England,UEFA,Jong_PSV,PSV_Eindhoven,Chelsea_F.C.,Arsenal_F.C.
Eberechi Eze,England,UEFA,Queens_Park_Rangers_F.C.,Wycombe_Wanderers_F.C.,Crystal_Palace_F.C.,Arsenal_F.C.
Ivan Toney,England,UEFA,Northampton_Town_F.C.,Newcastle_United_F.C.,Barnsley_F.C.,Shrewsbury_Town_F.C.,Scunthorpe_United_F.C.,Wigan_Athletic_F.C.,Peterborough_United_F.C.,Brentford_F.C.,Al-Ahli_Saudi_FC
James Trafford,England,UEFA,Manchester_City_F.C.,Accrington_Stanley_F.C.,Bolton_Wanderers_F.C.,Burnley_F.C.
Reece James,England,UEFA,Chelsea_F.C.,Wigan_Athletic_F.C.
Djed Spence,England,UEFA,Middlesbrough_F.C.,Nottingham_Forest_F.C.,Tottenham_Hotspur_F.C.,Stade_Rennais_FC,Leeds_United_F.C.,Genoa_CFC
Jarell Quansah,England,UEFA,Liverpool_F.C.,Bristol_Rovers_F.C.,Bayer_04_Leverkusen
Lawrence Ati-Zigi,Ghana,CAF,FC_Red_Bull_Salzburg,FC_Liefering,FC_Sochaux-Montb%C3%A9liard,FC_St._Gallen
Alidu Seidu,Ghana,CAF,Clermont_Foot,Stade_Rennais_F.C.
Caleb Yirenkyi,Ghana,CAF,FC_Nordsj%C3%A6lland
Jonas Adjetey,Ghana,CAF,FC_Basel,VfL_Wolfsburg
Thomas Partey,Ghana,CAF,Atl%C3%A9tico_Madrid,RCD_Mallorca,UD_Almer%C3%ADa,Arsenal_F.C.,Villarreal_CF
Abdul Mumin,Ghana,CAF,FC_Nordsj%C3%A6lland,HB_K%C3%B8ge,Vit%C3%B3ria_S.C.,Rayo_Vallecano
Abdul Fatawu,Ghana,CAF,Steadfast_F.C.,Dreams_F.C._(Ghana),Sporting_CP,Sporting_CP_B,Leicester_City_F.C.
Kwasi Sibo,Ghana,CAF,FC_Urartu,Watford_F.C.,KF_Sk%C3%ABnderbeu_Kor%C3%A7%C3%AB,UD_Ibiza,Betis_Deportivo_Balompi%C3%A9,SD_Amorebieta,Real_Oviedo
Jordan Ayew,Ghana,CAF,Olympique_de_Marseille,FC_Sochaux-Montb%C3%A9liard,FC_Lorient,Aston_Villa_F.C.,Swansea_City_A.F.C.,Crystal_Palace_F.C.,Leicester_City_F.C.
Brandon Thomas-Asante,Ghana,CAF,Milton_Keynes_Dons_F.C.,Sutton_United_F.C.,Oxford_City_F.C.,Ebbsfleet_United_F.C.,Salford_City_F.C.,West_Bromwich_Albion_F.C.,Coventry_City_F.C.
Antoine Semenyo,Ghana,CAF,Highworth_Town_F.C.,Bristol_City_F.C.,Bath_City_F.C.,Newport_County_A.F.C.,Sunderland_A.F.C.,AFC_Bournemouth,Manchester_City_F.C.
Joseph Anang,Ghana,CAF,West_Ham_United_F.C.,Stevenage_F.C.,St_Patrick%27s_Athletic_F.C.,Derby_County_F.C.
Christopher Bonsu Baah,Ghana,CAF,Sarpsborg_08_FF,K.R.C._Genk,Al_Qadsiah_FC
Gideon Mensah,Ghana,CAF,West_African_Football_Academy,FC_Liefering,FC_Red_Bull_Salzburg,SK_Sturm_Graz,S.V._Zulte_Waregem,Vit%C3%B3ria_S.C.,FC_Girondins_de_Bordeaux,AJ_Auxerre
Elisha Owusu,Ghana,CAF,Olympique_Lyonnais_Reserves_and_Academy,Olympique_Lyonnais,FC_Sochaux-Montb%C3%A9liard,K.A.A._Gent,AJ_Auxerre
Benjamin Asare,Ghana,CAF,Accra_City_Stars_F.C.,Accra_Great_Olympics_F.C.,Accra_Hearts_of_Oak_S.C.
Abdul Rahman Baba,Ghana,CAF,Asante_Kotoko_F.C.,SpVgg_Greuther_F%C3%BCrth,FC_Augsburg,Chelsea_F.C.,FC_Schalke_04,Stade_de_Reims,RCD_Mallorca,PAOK_FC,Reading_F.C.
Jerome Opoku,Ghana,CAF,Fulham_F.C.,Accrington_Stanley_F.C.,Plymouth_Argyle_F.C.,Vejle_Boldklub,F.C._Arouca,%C4%B0stanbul_Ba%C5%9Fak%C5%9Fehir_F.K.
Iñaki Williams,Ghana,CAF,CD_Basconia,Athletic_Bilbao_B,Athletic_Bilbao
Augustine Boakye,Ghana,CAF,West_African_Football_Academy,Wolfsberger_AC,AS_Saint-%C3%89tienne
Kojo Peprah Oppong,Ghana,CAF,Attram_De_Visser_Soccer_Academy,IFK_Norrk%C3%B6ping,GIF_Sundsvall,OGC_Nice
Kamaldeen Sulemana,Ghana,CAF,FC_Nordsj%C3%A6lland,Stade_Rennais_FC,Southampton_F.C.,Atalanta_BC
Derrick Luckassen,Ghana,CAF,AZ_Alkmaar,PSV_Eindhoven,Hertha_BSC,R.S.C._Anderlecht,Kas%C4%B1mpa%C5%9Fa_S.K.,Fatih_Karag%C3%BCmr%C3%BCk_S.K.,Maccabi_Tel_Aviv_F.C.,Pafos_FC
Ernest Nuamah,Ghana,CAF,FC_Nordsj%C3%A6lland,R.W.D._Molenbeek_(2015),Olympique_Lyonnais
Prince Kwabena Adu,Ghana,CAF,Bechem_United_F.C.,FC_Isloch_Minsk_Raion,FC_Kryvbas_Kryvyi_Rih_(2020),FC_Viktoria_Plze%C5%88
Marvin Senaya,Ghana,CAF,RC_Strasbourg_Alsace,FC_Sochaux-Montb%C3%A9liard,Rodez_AF,FC_Lausanne-Sport,AJ_Auxerre
Luis Mejía,Panama,CONCACAF,Centro_Atl%C3%A9tico_F%C3%A9nix,Toulouse_FC,Club_Nacional_de_Football,Uni%C3%B3n_Espa%C3%B1ola,Racing_Club_de_Montevideo
César Blackman,Panama,CONCACAF,Chorrillo_F.C.,FC_DAC_1904_Dunajsk%C3%A1_Streda,%C5%A0K_Slovan_Bratislava
José Córdoba,Panama,CONCACAF,C.A._Independiente_de_La_Chorrera,Celta_de_Vigo_B,SFC_Etar_Veliko_Tarnovo,PFC_Levski_Sofia,Norwich_City_F.C.
Fidel Escobar,Panama,CONCACAF,San_Francisco_F.C.,Sporting_San_Miguelito,Sporting_CP_B,New_York_Red_Bulls,New_York_Red_Bulls_II,Correcaminos_UAT,C%C3%B3rdoba_CF,AD_Alcorc%C3%B3n,Cultural_Leonesa,Deportivo_Saprissa
Edgardo Fariña,Panama,CONCACAF,S.D._Atl%C3%A9tico_Nacional,C.A._Independiente_de_La_Chorrera,Club_Deportivo_Universitario,C.S.D._Municipal,FC_Khimki,FC_Pari_Nizhny_Novgorod
Cristian Martínez,Panama,CONCACAF,Chorrillo_F.C.,Columbus_Crew,Pittsburgh_Riverhounds_SC,FC_Cincinnati_(2016%E2%80%932018),Chicago_Fire_FC,Las_Vegas_Lights_FC,C%C3%A1diz_CF_B,Recreativo_de_Huelva,C.D._Plaza_Amador,Monagas_S.C.,Najran_SC,Al_Jandal_SC,Hapoel_Ironi_Kiryat_Shmona_F.C.
José Luis Rodríguez,Panama,CONCACAF,Uni%C3%B3n_Deportivo_Universitario,K.A.A._Gent,NK_Istra_1961,Deportivo_Alav%C3%A9s_B,Deportivo_Alav%C3%A9s,CD_Lugo,Sporting_de_Gij%C3%B3n,F.C._Famalic%C3%A3o,Red_Star_Belgrade,FC_Ju%C3%A1rez
Adalberto Carrasquilla,Panama,CONCACAF,Tauro_F.C.,FC_Cartagena,Houston_Dynamo_FC,Pumas_UNAM
Tomás Rodríguez,Panama,CONCACAF,Alianza_F.C._(Panama),Sporting_San_Miguelito,Monagas_S.C.,Deportivo_Saprissa
Ismael Díaz,Panama,CONCACAF,Tauro_F.C.,FC_Porto_B,Deportivo_Fabril,El_Tanque_Sisley,Acad%C3%A9mico_de_Viseu_F.C.,C.D._Universidad_Cat%C3%B3lica_del_Ecuador,Club_Le%C3%B3n
Yoel Bárcenas,Panama,CONCACAF,C.D._%C3%81rabe_Unido,RNK_Split,Cafetaleros_de_Tapachula,Club_Tijuana,Real_Oviedo,Girona_FC,CD_Legan%C3%A9s,Mazatl%C3%A1n_F.C.
César Samudio,Panama,CONCACAF,Chepo_F.C.,Atl%C3%A9tico_Verag%C3%BCense,Club_Deportivo_del_Este,C.D._Plaza_Amador,C.A._Independiente_de_La_Chorrera,C.D._Marath%C3%B3n
Jiovany Ramos,Panama,CONCACAF,San_Francisco_F.C.,C.A._Independiente_de_La_Chorrera,Atl%C3%A9tico_Venezuela_C.F.,Deportivo_La_Guaira_F.C.,Deportivo_T%C3%A1chira_F.C.,Club_Alianza_Lima,Academia_Puerto_Cabello
Carlos Harvey,Panama,CONCACAF,Tauro_F.C.,LA_Galaxy_II,LA_Galaxy,Phoenix_Rising_FC,Minnesota_United_FC,Minnesota_United_FC_2
Eric Davis,Panama,CONCACAF,Club_Deportivo_%C3%81rabe_Unido,Centro_Atl%C3%A9tico_F%C3%A9nix,Sporting_San_Miguelito,FC_DAC_1904_Dunajsk%C3%A1_Streda,D.C._United,FC_Ko%C5%A1ice_(2018),Vila_Nova_Futebol_Clube,C.D._Plaza_Amador
Andrés Andrade,Panama,CONCACAF,San_Francisco_F.C.,LASK,FC_Juniors_O%C3%96,Arminia_Bielefeld
José Fajardo,Panama,CONCACAF,C.A._Independiente_de_La_Chorrera,Al-Kawkab_FC,La_Equidad,Club_9_de_Octubre,Cusco_FC,D.C._United,C.D._Universidad_Cat%C3%B3lica_del_Ecuador
Cecilio Waterman,Panama,CONCACAF,Sporting_San_Miguelito,Centro_Atl%C3%A9tico_F%C3%A9nix,Venados_F.C.,Defensor_Sporting,Club_Plaza_Colonia_de_Deportes,CDUdeC,Everton_de_Vi%C3%B1a_del_Mar,C.D._Cobresal,Club_Alianza_Lima,Coquimbo_Unido
Alberto Quintero,Panama,CONCACAF,Club_Deportivo_Universitario,Torrellano_Illice_CF,FC_Cartagena,Ontinyent_CF,Independiente_Medell%C3%ADn,Lobos_BUAP,Venados_F.C.,Mineros_de_Zacatecas,San_Jose_Earthquakes,Club_Universitario_de_Deportes,Cienciano,C.D._Plaza_Amador
Aníbal Godoy,Panama,CONCACAF,Chepo_F.C.,Godoy_Cruz_Antonio_Tomba,Budapest_Honv%C3%A9d_FC,San_Jose_Earthquakes,Nashville_SC,San_Diego_FC
César Yanis,Panama,CONCACAF,San_Francisco_F.C.,Uni%C3%B3n_Deportivo_Universitario,Potros_del_Este,Real_Zaragoza,Zamora_CF,A.D._San_Carlos,C.D._Cobresal
Orlando Mosquera,Panama,CONCACAF,Sporting_San_Miguelito,Tauro_F.C.,Boluspor,Club_Always_Ready,Carabobo_F.C.,Monagas_S.C.,Maccabi_Tel_Aviv_F.C.,Al-Fayha_FC
Michael Amir Murillo,Panama,CONCACAF,San_Francisco_F.C.,New_York_Red_Bulls,New_York_Red_Bulls_II,R.S.C._Anderlecht,Olympique_de_Marseille,Be%C5%9Fikta%C5%9F_J.K.
Azarias Londoño,Panama,CONCACAF,Alianza_F.C._(Panama),O%26M_FC,Comunicaciones_F.C.,S.C.U._Torreense,C.D._Universidad_Cat%C3%B3lica_del_Ecuador
Roderick Miller,Panama,CONCACAF,San_Francisco_F.C.,Venados_F.C.,Atl%C3%A9tico_Nacional,C.D._Feirense,FC_Okzhetpes,FC_Carlos_Stein,Al-Quwa_Al-Jawiya,Al-Minaa_SC,Turan_Tovuz
Jorge Gutiérrez,Panama,CONCACAF,Tauro_F.C.,UD_Melilla,Deportivo_La_Guaira_F.C.
