Slug,Name,League,LeagueSlug,Country
Manchester_City_F.C.,Manchester City F.C.,Premier League,Premier_League,England
FC_Bayern_Munich,FC Bayern Munich,Bundesliga,Bundesliga,Germany
Chelsea_F.C.,Chelsea F.C.,Premier League,Premier_League,England
PSV_Eindhoven,PSV Eindhoven,Eredivisie,Eredivisie,Netherlands
Manchester_United_F.C.,Manchester United F.C.,Premier League,Premier_League,England
S.L._Benfica,S.L. Benfica,Primeira Liga,Primeira_Liga,Portugal
Real_Madrid_CF,Real Madrid CF,La Liga,La_Liga,Spain
Arsenal_F.C.,Arsenal F.C.,Premier League,Premier_League,England
Borussia_Dortmund,Borussia Dortmund,Bundesliga,Bundesliga,Germany
AFC_Ajax,AFC Ajax,Eredivisie,Eredivisie,Netherlands
FC_Barcelona,FC Barcelona,La Liga,La_Liga,Spain
TSG_1899_Hoffenheim,TSG 1899 Hoffenheim,Bundesliga,Bundesliga,Germany
AS_Roma,AS Roma,Serie A,Serie_A,Italy
Atl%C3%A9tico_Madrid,Atlético Madrid,La Liga,La_Liga,Spain
Olympique_de_Marseille,Olympique de Marseille,Ligue 1,Ligue_1,France
RB_Leipzig,RB Leipzig,Bundesliga,Bundesliga,Germany
AC_Milan,AC Milan,Serie A,Serie_A,Italy
Villarreal_CF,Villarreal CF,La Liga,La_Liga,Spain
Bayer_04_Leverkusen,Bayer 04 Leverkusen,Bundesliga,Bundesliga,Germany
Club_Brugge_KV,Club Brugge KV,Belgian Pro League,Belgian_Pro_League,Belgium
Nottingham_Forest_F.C.,Nottingham Forest F.C.,Premier League,Premier_League,England
Brighton_%26_Hove_Albion_F.C.,Brighton & Hove Albion F.C.,Premier League,Premier_League,England
Wolverhampton_Wanderers_F.C.,Wolverhampton Wanderers F.C.,EFL Championship,EFL_Championship,England
FC_Schalke_04,FC Schalke 04,Bundesliga,Bundesliga,Germany
Lille_OSC,Lille OSC,Ligue 1,Ligue_1,France
Eintracht_Frankfurt,Eintracht Frankfurt,Bundesliga,Bundesliga,Germany
FC_Porto,FC Porto,Primeira Liga,Primeira_Liga,Portugal
Fenerbah%C3%A7e_S.K._(football),Fenerbahçe S.K. (football),Süper Lig,S%C3%BCper_Lig,Turkey
Feyenoord,Feyenoord,Eredivisie,Eredivisie,Netherlands
FC_Red_Bull_Salzburg,FC Red Bull Salzburg,Austrian Bundesliga,Austrian_Football_Bundesliga,Austria
Paris_Saint-Germain_FC,Paris Saint-Germain FC,Ligue 1,Ligue_1,France
Crystal_Palace_F.C.,Crystal Palace F.C.,Premier League,Premier_League,England
Aston_Villa_F.C.,Aston Villa F.C.,Premier League,Premier_League,England
Olympique_Lyonnais,Olympique Lyonnais,Ligue 1,Ligue_1,France
VfB_Stuttgart,VfB Stuttgart,Bundesliga,Bundesliga,Germany
VfL_Wolfsburg,VfL Wolfsburg,2. Bundesliga,2._Bundesliga,Germany
Juventus_FC,Juventus FC,Serie A,Serie_A,Italy
Sporting_CP,Sporting CP,Primeira Liga,Primeira_Liga,Portugal
Liverpool_F.C.,Liverpool F.C.,Premier League,Premier_League,England
Al_Hilal_SFC,Al Hilal SFC,Saudi Pro League,Saudi_Pro_League,Saudi Arabia
RC_Lens,RC Lens,Ligue 1,Ligue_1,France
Celtic_F.C.,Celtic F.C.,Scottish Premiership,Scottish_Premiership,Scotland
Sunderland_A.F.C.,Sunderland A.F.C.,Premier League,Premier_League,England
Galatasaray_S.K._(football),Galatasaray S.K. (football),Süper Lig,S%C3%BCper_Lig,Turkey
SK_Slavia_Prague,SK Slavia Prague,Czech First League,Czech_First_League,Czech Republic
AS_Monaco_FC,AS Monaco FC,Ligue 1,Ligue_1,France
Newcastle_United_F.C.,Newcastle United F.C.,Premier League,Premier_League,England
Tottenham_Hotspur_F.C.,Tottenham Hotspur F.C.,Premier League,Premier_League,England
Atalanta_BC,Atalanta BC,Serie A,Serie_A,Italy
Inter_Milan,Inter Milan,Serie A,Serie_A,Italy
Jong_Ajax,Jong Ajax,Eerste Divisie,Eerste_Divisie,Netherlands
Jong_PSV,Jong PSV,Eerste Divisie,Eerste_Divisie,Netherlands
GNK_Dinamo_Zagreb,GNK Dinamo Zagreb,Croatian Football League,Croatian_Football_League,Croatia
Stade_Rennais_FC,Stade Rennais FC,Ligue 1,Ligue_1,France
OGC_Nice,OGC Nice,Ligue 1,Ligue_1,France
West_Ham_United_F.C.,West Ham United F.C.,EFL Championship,EFL_Championship,England
Everton_F.C.,Everton F.C.,Premier League,Premier_League,England
FC_Liefering,FC Liefering,2. Liga,2._Liga_(Austria),Austria
Borussia_M%C3%B6nchengladbach,Borussia Mönchengladbach,Bundesliga,Bundesliga,Germany
BSC_Young_Boys,BSC Young Boys,Swiss Super League,Swiss_Super_League,Switzerland
Stade_de_Reims,Stade de Reims,Ligue 2,Ligue_2,France
RC_Strasbourg_Alsace,RC Strasbourg Alsace,Ligue 1,Ligue_1,France
Leicester_City_F.C.,Leicester City F.C.,EFL League One,EFL_League_One,England
S.L._Benfica_B,S.L. Benfica B,Liga Portugal 2,Liga_Portugal_2,Portugal
SC_Freiburg,SC Freiburg,Bundesliga,Bundesliga,Germany
Real_Betis,Real Betis,La Liga,La_Liga,Spain
Fulham_F.C.,Fulham F.C.,Premier League,Premier_League,England
KRC_Genk,KRC Genk,Belgian Pro League,Belgian_Pro_League,Belgium
FC_Augsburg,FC Augsburg,Bundesliga,Bundesliga,Germany
Watford_F.C.,Watford F.C.,EFL Championship,EFL_Championship,England
FC_Basel,FC Basel,Swiss Super League,Swiss_Super_League,Switzerland
Le_Havre_AC,Le Havre AC,Ligue 1,Ligue_1,France
Real_Sociedad,Real Sociedad,La Liga,La_Liga,Spain
FC_Groningen,FC Groningen,Eredivisie,Eredivisie,Netherlands
Wellington_Phoenix_FC,Wellington Phoenix FC,A-League Men,A-League_Men,Australia
Persepolis_F.C.,Persepolis F.C.,Persian Gulf Pro League,Persian_Gulf_Pro_League,Iran
Al-Hussein_SC_(Irbid),Al-Hussein SC (Irbid),Jordanian Pro League,Jordanian_Pro_League,Jordan
FC_Viktoria_Plze%C5%88,FC Viktoria Plzeň,Czech First League,Czech_First_League,Czech Republic
Real_Madrid_Castilla,Real Madrid Castilla,Primera Federación,Primera_Federaci%C3%B3n,Spain
Birmingham_City_F.C.,Birmingham City F.C.,EFL Championship,EFL_Championship,England
Rangers_F.C.,Rangers F.C.,Scottish Premiership,Scottish_Premiership,Scotland
FC_Bayern_Munich_II,FC Bayern Munich II,Regionalliga Bayern,Regionalliga_Bayern,Germany
AFC_Bournemouth,AFC Bournemouth,Premier League,Premier_League,England
Esteghlal_F.C.,Esteghlal F.C.,Persian Gulf Pro League,Persian_Gulf_Pro_League,Iran
Toulouse_FC,Toulouse FC,Ligue 1,Ligue_1,France
Al_Ahly_SC,Al Ahly SC,Egyptian Premier League,Egyptian_Premier_League,Egypt
Girona_FC,Girona FC,Segunda División,Segunda_Divisi%C3%B3n,Spain
AZ_Alkmaar,AZ Alkmaar,Eredivisie,Eredivisie,Netherlands
Burnley_F.C.,Burnley F.C.,EFL Championship,EFL_Championship,England
Olympiacos_F.C.,Olympiacos F.C.,Super League Greece,Super_League_Greece,Greece
FC_St._Pauli,FC St. Pauli,2. Bundesliga,2._Bundesliga,Germany
Southampton_F.C.,Southampton F.C.,EFL Championship,EFL_Championship,England
Bologna_FC_1909,Bologna FC 1909,Serie A,Serie_A,Italy
Brentford_F.C.,Brentford F.C.,Premier League,Premier_League,England
Angers_SCO,Angers SCO,Ligue 1,Ligue_1,France
Wellington_Phoenix_FC_Reserves,Wellington Phoenix FC Reserves,Central League,Central_League_(New_Zealand),New Zealand
Hertha_BSC,Hertha BSC,2. Bundesliga,2._Bundesliga,Germany
FC_Midtjylland,FC Midtjylland,Superliga,Danish_Superliga,Denmark
C.D._Guadalajara,C.D. Guadalajara,Liga MX,Liga_MX,Mexico
Club_Am%C3%A9rica,Club América,Liga MX,Liga_MX,Mexico
SSC_Napoli,SSC Napoli,Serie A,Serie_A,Italy
Vancouver_Whitecaps_FC,Vancouver Whitecaps FC,Major League Soccer,Major_League_Soccer,United States
Hamburger_SV,Hamburger SV,Bundesliga,Bundesliga,Germany
Al-Duhail_SC,Al Duhail SC,Qatar Stars League,Qatar_Stars_League,Qatar
RCD_Mallorca,RCD Mallorca,Segunda División,Segunda_Divisi%C3%B3n,Spain
FC_Sochaux-Montb%C3%A9liard,FC Sochaux-Montbéliard,Ligue 2,Ligue_2,France
Norwich_City_F.C.,Norwich City F.C.,EFL Championship,EFL_Championship,England
Udinese_Calcio,Udinese Calcio,Serie A,Serie_A,Italy
Sevilla_FC,Sevilla FC,La Liga,La_Liga,Spain
CR_Flamengo,CR Flamengo,Campeonato Brasileiro Série A,Campeonato_Brasileiro_S%C3%A9rie_A,Brazil
SE_Palmeiras,SE Palmeiras,Campeonato Brasileiro Série A,Campeonato_Brasileiro_S%C3%A9rie_A,Brazil
R.S.C._Anderlecht,RSC Anderlecht,Belgian Pro League,Belgian_Pro_League,Belgium
%C4%B0stanbul_Ba%C5%9Fak%C5%9Fehir_F.K.,İstanbul Başakşehir F.K.,Süper Lig,S%C3%BCper_Lig,Turkey
Club_Atl%C3%A9tico_River_Plate,Club Atlético River Plate,Liga Profesional,AFA_Liga_Profesional_de_F%C3%BAtbol,Argentina
Trabzonspor,Trabzonspor,Süper Lig,S%C3%BCper_Lig,Turkey
SC_Heerenveen,SC Heerenveen,Eredivisie,Eredivisie,Netherlands
Al-Shorta_SC,Al-Shorta SC,Iraq Stars League,Iraq_Stars_League,Iraq
AC_Sparta_Prague,AC Sparta Prague,Czech First League,Czech_First_League,Czech Republic
Be%C5%9Fikta%C5%9F_J.K.,Beşiktaş J.K.,Süper Lig,S%C3%BCper_Lig,Turkey
FC_Twente,FC Twente,Eredivisie,Eredivisie,Netherlands
Granada_CF,Granada CF,Segunda División,Segunda_Divisi%C3%B3n,Spain
SuperSport_United_F.C.,SuperSport United F.C.,South African Premiership,South_African_Premiership,South Africa
Valencia_CF,Valencia CF,La Liga,La_Liga,Spain
US_Sassuolo_Calcio,US Sassuolo Calcio,Serie A,Serie_A,Italy
Al-Arabi_SC_(Qatar),Al-Arabi SC (Qatar),Qatar Stars League,Qatar_Stars_League,Qatar
Al-Gharafa_SC,Al-Gharafa SC,Qatar Stars League,Qatar_Stars_League,Qatar
Leeds_United_F.C.,Leeds United F.C.,Premier League,Premier_League,England
FC_Metz,FC Metz,Ligue 2,Ligue_2,France
Sporting_CP_B,Sporting CP B,Liga Portugal 2,Liga_Portugal_2,Portugal
Reading_F.C.,Reading F.C.,EFL League One,EFL_League_One,England
Kas%C4%B1mpa%C5%9Fa_S.K.,Kasımpaşa S.K.,Süper Lig,S%C3%BCper_Lig,Turkey
C.S.D._Independiente_del_Valle,Independiente del Valle,Ecuadorian Serie A,Ecuadorian_Serie_A,Ecuador
Al_Nassr_FC,Al-Nassr FC,Saudi Pro League,Saudi_Pro_League,Saudi Arabia
K.A.A._Gent,KAA Gent,Belgian Pro League,Belgian_Pro_League,Belgium
Pyramids_FC,Pyramids FC,Egyptian Premier League,Egyptian_Premier_League,Egypt
Cruz_Azul,Cruz Azul,Liga MX,Liga_MX,Mexico
UD_Almer%C3%ADa,UD Almería,Segunda División,Segunda_Divisi%C3%B3n,Spain
Genoa_CFC,Genoa CFC,Serie A,Serie_A,Italy
Jeonbuk_Hyundai_Motors,Jeonbuk Hyundai Motors,K League 1,K_League_1,South Korea
1._FSV_Mainz_05,1. FSV Mainz 05,Bundesliga,Bundesliga,Germany
Swansea_City_A.F.C.,Swansea City A.F.C.,EFL Championship,EFL_Championship,England
FC_Schalke_04_II,FC Schalke 04 II,Regionalliga West,Regionalliga_West,Germany
Royale_Union_Saint-Gilloise,Royale Union Saint-Gilloise,Belgian Pro League,Belgian_Pro_League,Belgium
Al-Rayyan_SC,Al-Rayyan SC,Qatar Stars League,Qatar_Stars_League,Qatar
Sint-Truidense_V.V.,Sint-Truidense VV,Belgian Pro League,Belgian_Pro_League,Belgium
FC_Lorient,FC Lorient,Ligue 1,Ligue_1,France
FC_Nantes,FC Nantes,Ligue 2,Ligue_2,France
Coventry_City_F.C.,Coventry City F.C.,Premier League,Premier_League,England
Sheffield_United_F.C.,Sheffield United F.C.,EFL Championship,EFL_Championship,England
Ipswich_Town_F.C.,Ipswich Town F.C.,Premier League,Premier_League,England
Al-Ahli_Saudi_FC,Al-Ahli Saudi FC,Saudi Pro League,Saudi_Pro_League,Saudi Arabia
FC_Porto_B,FC Porto B,Liga Portugal 2,Liga_Portugal_2,Portugal
FC_Nordsj%C3%A6lland,FC Nordsjælland,Superliga,Danish_Superliga,Denmark
Olympique_Lyonnais_Reserves_and_Academy,Olympique Lyonnais Reserves and Academy,Championnat National 3,Championnat_National_3,France
Al-Quwa_Al-Jawiya,Al-Quwa Al-Jawiya,Iraq Stars League,Iraq_Stars_League,Iraq
Al-Wehdat_SC,Al-Wehdat SC,Jordanian Pro League,Jordanian_Pro_League,Jordan
FC_Nasaf,FC Nasaf,Uzbekistan Super League,Uzbekistan_Super_League,Uzbekistan
FC_Slovan_Liberec,FC Slovan Liberec,Czech First League,Czech_First_League,Czech Republic
S.C._Braga,S.C. Braga,Primeira Liga,Primeira_Liga,Portugal
Standard_Li%C3%A8ge,Standard Liège,Belgian Pro League,Belgian_Pro_League,Belgium
Mamelodi_Sundowns_F.C.,Mamelodi Sundowns F.C.,South African Premiership,South_African_Premiership,South Africa
Orlando_Pirates_F.C.,Orlando Pirates F.C.,South African Premiership,South_African_Premiership,South Africa
FC_Barcelona_B,FC Barcelona Atlètic,Segunda Federación,Segunda_Federaci%C3%B3n,Spain
Stoke_City_F.C.,Stoke City F.C.,EFL Championship,EFL_Championship,England
ACF_Fiorentina,ACF Fiorentina,Serie A,Serie_A,Italy
Hull_City_A.F.C.,Hull City A.F.C.,Premier League,Premier_League,England
Stade_Rennais_F.C.,Stade Rennais FC,Ligue 1,Ligue_1,France
AJ_Auxerre,AJ Auxerre,Ligue 1,Ligue_1,France
SBV_Vitesse,SBV Vitesse,Eerste Divisie,Eerste_Divisie,Netherlands
Columbus_Crew,Columbus Crew,Major League Soccer,Major_League_Soccer,United States
TSG_1899_Hoffenheim_II,TSG 1899 Hoffenheim II,3. Liga,3._Liga,Germany
K.R.C._Genk,KRC Genk,Belgian Pro League,Belgian_Pro_League,Belgium
Melbourne_City_FC,Melbourne City FC,A-League Men,A-League_Men,Australia
Talleres_de_C%C3%B3rdoba,Talleres de Córdoba,Primera División,Argentine_Primera_Divisi%C3%B3n,Argentina
Pe%C3%B1arol,Peñarol,Liga AUF Uruguaya,Liga_AUF_Uruguaya,Uruguay
Paris_Saint-Germain_F.C.,Paris Saint-Germain FC,Ligue 1,Ligue_1,France
SV_Werder_Bremen,SV Werder Bremen,Bundesliga,Bundesliga,Germany
Sepahan_S.C.,Sepahan S.C.,Persian Gulf Pro League,Persian_Gulf_Pro_League,Iran
Auckland_FC,Auckland FC,A-League Men,A-League_Men,Australia
Pumas_UNAM,Pumas UNAM,Liga MX,Liga_MX,Mexico
RSC_Anderlecht,RSC Anderlecht,Belgian Pro League,Belgian_Pro_League,Belgium
Philadelphia_Union,Philadelphia Union,Major League Soccer,Major_League_Soccer,United States
Red_Star_Belgrade,Red Star Belgrade,Serbian SuperLiga,Serbian_SuperLiga,Serbia
Los_Angeles_FC,Los Angeles FC,Major League Soccer,Major_League_Soccer,United States
HNK_Hajduk_Split,HNK Hajduk Split,Croatian Football League,Croatian_Football_League,Croatia
Br%C3%B8ndby_IF,Brøndby IF,Superliga,Danish_Superliga,Denmark
Real_Zaragoza,Real Zaragoza,Segunda División,Segunda_Divisi%C3%B3n,Spain
VfB_Stuttgart_II,VfB Stuttgart II,3. Liga,3._Liga,Germany
Middlesbrough_F.C.,Middlesbrough F.C.,EFL Championship,EFL_Championship,England
Orlando_City_SC,Orlando City SC,Major League Soccer,Major_League_Soccer,United States
Al_Sadd_SC,Al Sadd SC,Qatar Stars League,Qatar_Stars_League,Qatar
Torino_FC,Torino FC,Serie A,Serie_A,Italy
Clube_Atl%C3%A9tico_Mineiro,Clube Atlético Mineiro,Campeonato Brasileiro Série A,Campeonato_Brasileiro_S%C3%A9rie_A,Brazil
Al-Ittihad_Club_(Jeddah),Al-Ittihad Club (Jeddah),Saudi Pro League,Saudi_Pro_League,Saudi Arabia
L.D.U._Quito,LDU Quito,Ecuadorian Serie A,Ecuadorian_Serie_A,Ecuador
G.D._Estoril_Praia,G.D. Estoril Praia,Primeira Liga,Primeira_Liga,Portugal
Montpellier_HSC,Montpellier HSC,Ligue 2,Ligue_2,France
Dundee_United_F.C.,Dundee United F.C.,Scottish Premiership,Scottish_Premiership,Scotland
Blackburn_Rovers_F.C.,Blackburn Rovers F.C.,EFL Championship,EFL_Championship,England
Wigan_Athletic_F.C.,Wigan Athletic F.C.,EFL League One,EFL_League_One,England
F.C._Copenhagen,F.C. Copenhagen,Superliga,Danish_Superliga,Denmark
Cerro_Porte%C3%B1o,Cerro Porteño,División de Honor,APF_Divisi%C3%B3n_de_Honor,Paraguay
Boca_Juniors,Boca Juniors,Primera División,Argentine_Primera_Divisi%C3%B3n,Argentina
1._FC_Union_Berlin,1. FC Union Berlin,Bundesliga,Bundesliga,Germany
Sparta_Rotterdam,Sparta Rotterdam,Eredivisie,Eredivisie,Netherlands
IF_Brommapojkarna,IF Brommapojkarna,Allsvenskan,Allsvenskan,Sweden
Zamalek_SC,Zamalek SC,Egyptian Premier League,Egyptian_Premier_League,Egypt
Club_Nacional_de_Football,Club Nacional de Football,Liga AUF Uruguaya,Liga_AUF_Uruguaya,Uruguay
F.C._Famalic%C3%A3o,F.C. Famalicão,Primeira Liga,Primeira_Liga,Portugal
Al-Zawraa_SC,Al-Zawraa SC,Iraq Stars League,Iraq_Stars_League,Iraq
Atl%C3%A9tico_Nacional,Atlético Nacional,Categoría Primera A,Categor%C3%ADa_Primera_A,Colombia
Pakhtakor_Tashkent_FK,Pakhtakor FC,Uzbekistan Super League,Uzbekistan_Super_League,Uzbekistan
C.F._Monterrey,C.F. Monterrey,Liga MX,Liga_MX,Mexico
FC_Dynamo_Moscow,FC Dynamo Moscow,Russian Premier League,Russian_Premier_League,Russia
Vit%C3%B3ria_S.C.,Vitória S.C.,Primeira Liga,Primeira_Liga,Portugal
Molde_FK,Molde FK,Eliteserien,Eliteserien,Norway
1._FC_N%C3%BCrnberg,1. FC Nürnberg,2. Bundesliga,2._Bundesliga,Germany
Deportivo_Alav%C3%A9s,Deportivo Alavés,La Liga,La_Liga,Spain
%C3%87aykur_Rizespor,Çaykur Rizespor,Süper Lig,S%C3%BCper_Lig,Turkey
FC_Z%C3%BCrich,FC Zürich,Swiss Super League,Swiss_Super_League,Switzerland
HNK_Rijeka,HNK Rijeka,Croatian Football League,Croatian_Football_League,Croatia
SK_Sturm_Graz,SK Sturm Graz,Austrian Bundesliga,Austrian_Football_Bundesliga,Austria
CF_Montr%C3%A9al,CF Montréal,Major League Soccer,Major_League_Soccer,United States
St_Mirren_F.C.,St Mirren F.C.,Scottish Premiership,Scottish_Premiership,Scotland
Real_Valladolid,Real Valladolid,Segunda División,Segunda_Divisi%C3%B3n,Spain
KAA_Gent,KAA Gent,Belgian Pro League,Belgian_Pro_League,Belgium
Whitecaps_FC_2,Whitecaps FC 2,MLS Next Pro,MLS_Next_Pro,United States
Al-Wakrah_SC,Al-Wakrah SC,Qatar Stars League,Qatar_Stars_League,Qatar
K.A.S._Eupen,KAS Eupen,Challenger Pro League,Challenger_Pro_League,Belgium
Grasshopper_Club_Z%C3%BCrich,Grasshopper Club Zurich,Swiss Super League,Swiss_Super_League,Switzerland
FC_Lausanne-Sport,FC Lausanne-Sport,Swiss Super League,Swiss_Super_League,Switzerland
Fortuna_D%C3%BCsseldorf,Fortuna Düsseldorf,2. Bundesliga,2._Bundesliga,Germany
RKC_Waalwijk,RKC Waalwijk,Eerste Divisie,Eerste_Divisie,Netherlands
FC_Dallas,FC Dallas,Major League Soccer,Major_League_Soccer,United States
New_York_Red_Bulls,New York Red Bulls,Major League Soccer,Major_League_Soccer,United States
Atl%C3%A9tico_Madrid_B,Atlético Madrileño,Primera Federación,Primera_Federaci%C3%B3n,Spain
Club_NXT,Club NXT,Challenger Pro League,Challenger_Pro_League,Belgium
Heart_of_Midlothian_F.C.,Heart of Midlothian F.C.,Scottish Premiership,Scottish_Premiership,Scotland
Melbourne_Victory_FC,Melbourne Victory FC,A-League Men,A-League_Men,Australia
Racing_Club_de_Avellaneda,Racing Club de Avellaneda,Liga Profesional,AFA_Liga_Profesional_de_F%C3%BAtbol,Argentina
Getafe_CF,Getafe CF,La Liga,La_Liga,Spain
Club_Olimpia,Club Olimpia,División de Honor,APF_Divisi%C3%B3n_de_Honor,Paraguay
Hammarby_Fotboll,Hammarby Fotboll,Allsvenskan,Allsvenskan,Sweden
Adana_Demirspor,Adana Demirspor,TFF 2. Lig,TFF_2._Lig,Turkey
NEC_Nijmegen,NEC Nijmegen,Eredivisie,Eredivisie,Netherlands
R._Charleroi_S.C.,Royal Charleroi SC,Belgian Pro League,Belgian_Pro_League,Belgium
Tractor_S.C.,Tractor S.C.,Persian Gulf Pro League,Persian_Gulf_Pro_League,Iran
Viking_FK,Viking FK,Eliteserien,Eliteserien,Norway
Al-Nassr_FC,Al-Nassr FC,Saudi Pro League,Saudi_Pro_League,Saudi Arabia
Centro_Atl%C3%A9tico_F%C3%A9nix,Centro Atlético Fénix,Segunda División,Uruguayan_Segunda_Divisi%C3%B3n,Uruguay
Rayo_Vallecano,Rayo Vallecano,La Liga,La_Liga,Spain
Al-Faisaly_SC,Al-Faisaly SC,Jordanian Pro League,Jordanian_Pro_League,Jordan
Al-Jazeera_Club_(Jordan),Al-Jazeera SC (Amman),Jordanian Pro League,Jordanian_Pro_League,Jordan
FC_Neftchi_Fergana,FC Neftchi Fergana,Uzbekistan Super League,Uzbekistan_Super_League,Uzbekistan
FC_Bunyodkor,FC Bunyodkor,Uzbekistan Super League,Uzbekistan_Super_League,Uzbekistan
San_Francisco_F.C.,San Francisco F.C.,Liga Panameña de Fútbol,Liga_Paname%C3%B1a_de_F%C3%BAtbol,Panama
UC_Sampdoria,UC Sampdoria,Serie B,Serie_B,Italy
S.V._Zulte_Waregem,SV Zulte Waregem,Belgian Pro League,Belgian_Pro_League,Belgium
RCD_Espanyol,RCD Espanyol,La Liga,La_Liga,Spain
US_Salernitana_1919,US Salernitana 1919,Serie C,Serie_C,Italy
RC_Celta_de_Vigo,RC Celta de Vigo,La Liga,La_Liga,Spain
Chicago_Fire_FC,Chicago Fire FC,Major League Soccer,Major_League_Soccer,United States
Gil_Vicente_F.C.,Gil Vicente F.C.,Primeira Liga,Primeira_Liga,Portugal
FC_Seoul,FC Seoul,K League 1,K_League_1,South Korea
Holstein_Kiel,Holstein Kiel,2. Bundesliga,2._Bundesliga,Germany
FC_Rostov,FC Rostov,Russian Premier League,Russian_Premier_League,Russia
Wolfsberger_AC,Wolfsberger AC,Austrian Bundesliga,Austrian_Football_Bundesliga,Austria
Minnesota_United_FC,Minnesota United FC,Major League Soccer,Major_League_Soccer,United States
Inter_Miami_CF,Inter Miami CF,Major League Soccer,Major_League_Soccer,United States
Kilmarnock_F.C.,Kilmarnock F.C.,Scottish Premiership,Scottish_Premiership,Scotland
Toronto_FC,Toronto FC,Major League Soccer,Major_League_Soccer,United States
Sporting_de_Gij%C3%B3n,Sporting de Gijón,Segunda División,Segunda_Divisi%C3%B3n,Spain
LASK,LASK,Austrian Bundesliga,Austrian_Football_Bundesliga,Austria
FC_Winterthur,FC Winterthur,Swiss Super League,Swiss_Super_League,Switzerland
FC_Luzern,FC Luzern,Swiss Super League,Swiss_Super_League,Switzerland
Borussia_M%C3%B6nchengladbach_II,Borussia Mönchengladbach II,Regionalliga West,Regionalliga_West,Germany
FC_Lugano,FC Lugano,Swiss Super League,Swiss_Super_League,Switzerland
SpVgg_Greuther_F%C3%BCrth,SpVgg Greuther Fürth,2. Bundesliga,2._Bundesliga,Germany
Club_Athletico_Paranaense,Club Athletico Paranaense,Campeonato Brasileiro Série A,Campeonato_Brasileiro_S%C3%A9rie_A,Brazil
FC_Zenit_Saint_Petersburg,FC Zenit Saint Petersburg,Russian Premier League,Russian_Premier_League,Russia
Fluminense_FC,Fluminense FC,Campeonato Brasileiro Série A,Campeonato_Brasileiro_S%C3%A9rie_A,Brazil
Rio_Ave_F.C.,Rio Ave F.C.,Primeira Liga,Primeira_Liga,Portugal
Atlanta_United_FC,Atlanta United FC,Major League Soccer,Major_League_Soccer,United States
Kayserispor,Kayserispor,TFF 1. Lig,TFF_1._Lig,Turkey
Almere_City_FC,Almere City FC,Eerste Divisie,Eerste_Divisie,Netherlands
FC_Utrecht,FC Utrecht,Eredivisie,Eredivisie,Netherlands
Panathinaikos_F.C.,Panathinaikos F.C.,Super League Greece,Super_League_Greece,Greece
Aberdeen_F.C.,Aberdeen F.C.,Scottish Premiership,Scottish_Premiership,Scotland
Yokohama_F._Marinos,Yokohama F. Marinos,J1 League,J1_League,Japan
Bursaspor,Bursaspor,TFF 1. Lig,TFF_1._Lig,Turkey
Club_Atl%C3%A9tico_Lan%C3%BAs,Club Atlético Lanús,Primera División,Argentine_Primera_Divisi%C3%B3n,Argentina
Club_Libertad,Club Libertad,División de Honor,APF_Divisi%C3%B3n_de_Honor,Paraguay
Defensa_y_Justicia,Defensa y Justicia,Primera División,Argentine_Primera_Divisi%C3%B3n,Argentina
1._FC_K%C3%B6ln,1. FC Köln,Bundesliga,Bundesliga,Germany
PEC_Zwolle,PEC Zwolle,Eredivisie,Eredivisie,Netherlands
Boavista_F.C.,Boavista F.C.,AF Porto Liga Pro,Porto_Football_Association,Portugal
Maccabi_Tel_Aviv_F.C.,Maccabi Tel Aviv F.C.,Israeli Premier League,Israeli_Premier_League,Israel
FC_Dordrecht,FC Dordrecht,Eerste Divisie,Eerste_Divisie,Netherlands
C.D._Universidad_Cat%C3%B3lica_del_Ecuador,C.D. Universidad Católica (Ecuador),Ecuadorian Serie A,Ecuadorian_Serie_A,Ecuador
Independiente_del_Valle,Independiente del Valle,Ecuadorian Serie A,Ecuadorian_Serie_A,Ecuador
CA_Osasuna,CA Osasuna,La Liga,La_Liga,Spain
Al-Fayha_FC,Al-Fayha Club,Saudi Pro League,Saudi_Pro_League,Saudi Arabia
LB_Ch%C3%A2teauroux,LB Châteauroux,Championnat National 1,Championnat_National_1,France
Stade_Malherbe_Caen,Stade Malherbe Caen,Ligue 3,Ligue_3,France
SS_Lazio,SS Lazio,Serie A,Serie_A,Italy
Djurg%C3%A5rdens_IF_Fotboll,Djurgårdens IF Fotboll,Allsvenskan,Allsvenskan,Sweden
Esp%C3%A9rance_Sportive_de_Tunis,Espérance Sportive de Tunis,Tunisian Ligue Professionnelle 1,Tunisian_Ligue_Professionnelle_1,Tunisia
FK_Bod%C3%B8/Glimt,FK Bodø/Glimt,Eliteserien,Eliteserien,Norway
West_Bromwich_Albion_F.C.,West Bromwich Albion F.C.,EFL Championship,EFL_Championship,England
Malavan_F.C.,Malavan F.C.,Persian Gulf Pro League,Persian_Gulf_Pro_League,Iran
Al-Sailiya_SC,Al-Sailiya SC,Qatar Stars League,Qatar_Stars_League,Qatar
Eastern_Suburbs_AFC,Eastern Suburbs AFC,Northern League,Northern_League_(New_Zealand),New Zealand
Western_Suburbs_FC_(New_Zealand),Western Suburbs FC,Central League,Central_League_(New_Zealand),New Zealand
AS_Saint-%C3%89tienne,AS Saint-Étienne,Ligue 2,Ligue_2,France
Elche_CF,Elche CF,La Liga,La_Liga,Spain
Al-Shabab_FC_(Riyadh),Al Shabab Club,Saudi Pro League,Saudi_Pro_League,Saudi Arabia
Al-Qadsiah_FC,Al Qadsiah FC,Saudi Pro League,Saudi_Pro_League,Saudi Arabia
Pakhtakor_FC,Pakhtakor FC,Uzbekistan Super League,Uzbekistan_Super_League,Uzbekistan
Al-Karma_SC,Al-Karma SC,Iraq Stars League,Iraq_Stars_League,Iraq
Como_1907,Como 1907,Serie A,Serie_A,Italy
Paradou_AC,Paradou AC,League 2,Algerian_League_2,Algeria
Al-Ramtha_SC,Al-Ramtha SC,Jordanian Pro League,Jordanian_Pro_League,Jordan
Selangor_F.C.,Selangor F.C.,Malaysia Super League,Malaysia_Super_League,Malaysia
PFC_Navbahor_Namangan,PFC Navbahor Namangan,Uzbekistan Super League,Uzbekistan_Super_League,Uzbekistan
C.A._Independiente_de_La_Chorrera,C.A. Independiente de La Chorrera,Liga Panameña de Fútbol,Liga_Paname%C3%B1a_de_F%C3%BAtbol,Panama
Sporting_San_Miguelito,Sporting San Miguelito,Liga Panameña de Fútbol,Liga_Paname%C3%B1a_de_F%C3%BAtbol,Panama
Tauro_F.C.,Tauro FC,Liga Panameña de Fútbol,Liga_Paname%C3%B1a_de_F%C3%BAtbol,Panama
Burton_Albion_F.C.,Burton Albion F.C.,EFL League One,EFL_League_One,England
FC_Hradec_Kr%C3%A1lov%C3%A9,FC Hradec Králové,Czech First League,Czech_First_League,Czech Republic
FK_Pardubice,FK Pardubice,Czech First League,Czech_First_League,Czech Republic
S.C._Braga_B,S.C. Braga B,Liga 3,Liga_3_(Portugal),Portugal
C.D._Tapat%C3%ADo,C.D. Tapatío,Liga de Expansión MX,Liga_de_Expansi%C3%B3n_MX,Mexico
PAOK_FC,PAOK FC,Super League Greece,Super_League_Greece,Greece
US_Cremonese,US Cremonese,Serie B,Serie_B,Italy
Club_Necaxa,Club Necaxa,Liga MX,Liga_MX,Mexico
Quer%C3%A9taro_F.C.,Querétaro F.C.,Liga MX,Liga_MX,Mexico
CD_Castell%C3%B3n,CD Castellón,Segunda División,Segunda_Divisi%C3%B3n,Spain
AEL_Limassol,AEL Limassol,First Division,Cypriot_First_Division,Cyprus
Atlas_F.C.,Atlas F.C.,Liga MX,Liga_MX,Mexico
Tigres_UANL,Tigres UANL,Liga MX,Liga_MX,Mexico
Venados_F.C.,Venados F.C.,Liga de Expansión MX,Liga_de_Expansi%C3%B3n_MX,Mexico
Lobos_BUAP,Lobos BUAP,Liga MX,Liga_MX,Mexico
AEK_Athens_F.C.,AEK Athens F.C.,Super League Greece,Super_League_Greece,Greece
Club_Tijuana,Club Tijuana,Liga MX,Liga_MX,Mexico
C.F._Pachuca,C.F. Pachuca,Liga MX,Liga_MX,Mexico
Vit%C3%B3ria_S.C._B,Vitória S.C. B,Liga 3,Liga_3_(Portugal),Portugal
K.V.C._Westerlo,KVC Westerlo,Belgian Pro League,Belgian_Pro_League,Belgium
Hannover_96,Hannover 96,2. Bundesliga,2._Bundesliga,Germany
Philadelphia_Union_II,Philadelphia Union II,MLS Next Pro,MLS_Next_Pro,United States
FC_Tokyo,FC Tokyo,J1 League,J1_League,Japan
Kashima_Antlers,Kashima Antlers,J1 League,J1_League,Japan
FC_Rubin_Kazan,FC Rubin Kazan,Russian Premier League,Russian_Premier_League,Russia
Gimcheon_Sangmu_FC,Gimcheon Sangmu FC,K League 1,K_League_1,South Korea
FK_Austria_Wien,FK Austria Wien,Austrian Bundesliga,Austrian_Football_Bundesliga,Austria
1._FC_N%C3%BCrnberg_II,1. FC Nürnberg II,Regionalliga Bayern,Regionalliga_Bayern,Germany
H%C5%A0K_Zrinjski_Mostar,HŠK Zrinjski Mostar,Premier League BH,Premier_League_of_Bosnia_and_Herzegovina,Bosnia and Herzegovina
MKE_Ankarag%C3%BCc%C3%BC,MKE Ankaragücü,TFF 2. Lig,TFF_2._Lig,Turkey
Malm%C3%B6_FF,Malmö FF,Allsvenskan,Allsvenskan,Sweden
FC_St._Gallen,FC St. Gallen,Swiss Super League,Swiss_Super_League,Switzerland
GNK_Dinamo_Zagreb_Academy,GNK Dinamo Zagreb Academy,Druga HNL,Croatian_Second_Football_League,Croatia
Pafos_FC,Pafos FC,First Division,Cypriot_First_Division,Cyprus
Borussia_Dortmund_II,Borussia Dortmund II,Regionalliga West,Regionalliga_West,Germany
Karlsruher_SC,Karlsruher SC,2. Bundesliga,2._Bundesliga,Germany
Nashville_SC,Nashville SC,Major League Soccer,Major_League_Soccer,United States
G.D._Chaves,G.D. Chaves,Liga Portugal 2,Liga_Portugal_2,Portugal
F.C._Pa%C3%A7os_de_Ferreira,F.C. Paços de Ferreira,Liga 3,Liga_3_(Portugal),Portugal
Colorado_Rapids,Colorado Rapids,Major League Soccer,Major_League_Soccer,United States
Barnsley_F.C.,Barnsley F.C.,EFL League One,EFL_League_One,England
Rosenborg_BK,Rosenborg BK,Eliteserien,Eliteserien,Norway
Cultural_y_Deportiva_Leonesa,Cultural y Deportiva Leonesa,Segunda División,Segunda_Divisi%C3%B3n,Spain
SC_Freiburg_II,SC Freiburg II,Regionalliga Südwest,Regionalliga_S%C3%BCdwest,Germany
FC_Sion,FC Sion,Swiss Super League,Swiss_Super_League,Switzerland
Santos_FC,Santos FC,Campeonato Brasileiro Série A,Campeonato_Brasileiro_S%C3%A9rie_A,Brazil
Sport_Club_Corinthians_Paulista,SC Corinthians Paulista,Campeonato Brasileiro Série A,Campeonato_Brasileiro_S%C3%A9rie_A,Brazil
Oldham_Athletic_A.F.C.,Oldham Athletic A.F.C.,EFL League Two,EFL_League_Two,England
Cercle_Brugge_KSV,Cercle Brugge KSV,Belgian Pro League,Belgian_Pro_League,Belgium
New_York_Red_Bulls_II,New York Red Bulls II,MLS Next Pro,MLS_Next_Pro,United States
FC_Cincinnati,FC Cincinnati,Major League Soccer,Major_League_Soccer,United States
Stade_Lavallois,Stade Lavallois,Ligue 2,Ligue_2,France
Grenoble_Foot_38,Grenoble Foot 38,Ligue 2,Ligue_2,France
Maccabi_Haifa_F.C.,Maccabi Haifa F.C.,Israeli Premier League,Israeli_Premier_League,Israel
Hellas_Verona_FC,Hellas Verona FC,Serie B,Serie_B,Italy
Raja_CA,Raja CA,Botola Pro,Botola_Pro,Morocco
FC_Barcelona_Atl%C3%A8tic,FC Barcelona Atlètic,Segunda Federación,Segunda_Federaci%C3%B3n,Spain
Livingston_F.C.,Livingston F.C.,Scottish Championship,Scottish_Championship,Scotland
Milton_Keynes_Dons_F.C.,Milton Keynes Dons F.C.,EFL League One,EFL_League_One,England
Ross_County_F.C.,Ross County F.C.,Scottish League One,Scottish_League_One,Scotland
Central_Coast_Mariners_FC,Central Coast Mariners FC,A-League Men,A-League_Men,Australia
FC_Ingolstadt_04,FC Ingolstadt 04,3. Liga,3._Liga,Germany
Adelaide_United_FC,Adelaide United FC,A-League Men,A-League_Men,Australia
Paris_FC,Paris FC,Ligue 1,Ligue_1,France
Heracles_Almelo,Heracles Almelo,Eerste Divisie,Eerste_Divisie,Netherlands
Brisbane_Roar_FC,Brisbane Roar FC,A-League Men,A-League_Men,Australia
New_York_City_FC,New York City FC,Major League Soccer,Major_League_Soccer,United States
Club_Nacional,Club Nacional,División de Honor,APF_Divisi%C3%B3n_de_Honor,Paraguay
Newell%27s_Old_Boys,Newell's Old Boys,Primera División,Argentine_Primera_Divisi%C3%B3n,Argentina
Club_Atl%C3%A9tico_Hurac%C3%A1n,Club Atlético Huracán,Primera División,Argentine_Primera_Divisi%C3%B3n,Argentina
FC_Krasnodar,FC Krasnodar,Russian Premier League,Russian_Premier_League,Russia
Argentinos_Juniors,Argentinos Juniors,Liga Profesional de Fútbol,AFA_Liga_Profesional_de_F%C3%BAtbol,Argentina
Bolton_Wanderers_F.C.,Bolton Wanderers F.C.,EFL Championship,EFL_Championship,England
Paris_Saint-Germain_Academy,Paris Saint-Germain FC Youth Academy,Championnat National 3,Championnat_National_3,France
ADO_Den_Haag,ADO Den Haag,Eredivisie,Eredivisie,Netherlands
Al_Jazira_Club,Al Jazira Club,UAE Pro League,UAE_Pro_League,United Arab Emirates
Rosario_Central,Rosario Central,Primera División,Argentine_Primera_Divisi%C3%B3n,Argentina
Club_Le%C3%B3n,Club León,Liga MX,Liga_MX,Mexico
Royal_Antwerp_F.C.,Royal Antwerp FC,Belgian Pro League,Belgian_Pro_League,Belgium
Willem_II_(football_club),Willem II Tilburg,Eredivisie,Eredivisie,Netherlands
Sivasspor,Sivasspor,TFF 1. Lig,TFF_1._Lig,Turkey
RSCA_Futures,RSCA Futures,Challenger Pro League,Challenger_Pro_League,Belgium
ASEC_Mimosas,ASEC Mimosas,Ligue 1,Ligue_1_(Ivory_Coast),Ivory Coast
FC_Girondins_de_Bordeaux,FC Girondins de Bordeaux,Championnat National 2,Championnat_National_2,France
Al-Ettifaq_FC,Al-Ettifaq Club,Saudi Pro League,Saudi_Pro_League,Saudi Arabia
US_Monastir_(football),US Monastir (football),Tunisian Ligue Professionnelle 1,Tunisian_Ligue_Professionnelle_1,Tunisia
Arminia_Bielefeld,Arminia Bielefeld,2. Bundesliga,2._Bundesliga,Germany
C.S._Mar%C3%ADtimo,C.S. Marítimo,Primeira Liga,Primeira_Liga,Portugal
FC_Spartak_Moscow,FC Spartak Moscow,Russian Premier League,Russian_Premier_League,Russia
AIK_Fotboll,AIK Fotboll,Allsvenskan,Allsvenskan,Sweden
IF_Elfsborg,IF Elfsborg,Allsvenskan,Allsvenskan,Sweden
IFK_G%C3%B6teborg,IFK Göteborg,Allsvenskan,Allsvenskan,Sweden
IFK_Norrk%C3%B6ping,IFK Norrköping,Superettan,Superettan,Sweden
%C3%89toile_Sportive_du_Sahel,Étoile Sportive du Sahel,Tunisian Ligue Professionnelle 1,Tunisian_Ligue_Professionnelle_1,Tunisia
CS_Sfaxien,CS Sfaxien,Tunisian Ligue Professionnelle 1,Tunisian_Ligue_Professionnelle_1,Tunisia
Al-Muharraq_SC,Al-Muharraq SC,Premier League,Bahraini_Premier_League,Bahrain
Smouha_SC,Smouha SC,Egyptian Premier League,Egyptian_Premier_League,Egypt
Villarreal_CF_B,Villarreal CF B,Primera Federación,Primera_Federaci%C3%B3n,Spain
Real_Oviedo,Real Oviedo,Segunda División,Segunda_Divisi%C3%B3n,Spain
Foolad_F.C.,Foolad F.C.,Persian Gulf Pro League,Persian_Gulf_Pro_League,Iran
C.D._Santa_Clara,C.D. Santa Clara,Primeira Liga,Primeira_Liga,Portugal
Auckland_City_FC,Auckland City FC,Northern League,Northern_League_(New_Zealand),New Zealand
Al-Fateh_SC,Al Fateh SC,Saudi Pro League,Saudi_Pro_League,Saudi Arabia
CD_Basconia,CD Basconia,Segunda Federación,Segunda_Federaci%C3%B3n,Spain
Athletic_Bilbao_B,Athletic Bilbao B,Primera Federación,Primera_Federaci%C3%B3n,Spain
Athletic_Bilbao,Athletic Bilbao,La Liga,La_Liga,Spain
Atl%C3%A9tico_Junior,Atlético Junior,Categoría Primera A,Categor%C3%ADa_Primera_A,Colombia
Al-Zawraa,Al-Zawraa SC,Iraq Stars League,Iraq_Stars_League,Iraq
Al-Khor_SC,Al-Khor SC,Qatar Stars League,Qatar_Stars_League,Qatar
Erbil_SC,Erbil SC,Iraq Stars League,Iraq_Stars_League,Iraq
Al-Karkh_SC,Al-Karkh SC,Iraq Stars League,Iraq_Stars_League,Iraq
Sarpsborg_08_FF,Sarpsborg 08 FF,Eliteserien,Eliteserien,Norway
Diambars_FC,Diambars FC,Senegal Premier League,Senegal_Premier_League,Senegal
HNK_Gorica,HNK Gorica,Croatian Football League,Croatian_Football_League,Croatia
Millonarios_F.C.,Millonarios F.C.,Categoría Primera A,Categor%C3%ADa_Primera_A,Colombia
Am%C3%A9rica_de_Cali,América de Cali,Categoría Primera A,Categor%C3%ADa_Primera_A,Colombia
PFC_Lokomotiv_Tashkent,PFC Lokomotiv Tashkent,Uzbekistan Super League,Uzbekistan_Super_League,Uzbekistan
C.D._Plaza_Amador,C.D. Plaza Amador,Liga Panameña de Fútbol,Liga_Paname%C3%B1a_de_F%C3%BAtbol,Panama
SK_Sigma_Olomouc,SK Sigma Olomouc,Czech First League,Czech_First_League,Czech Republic
FK_Jablonec,FK Jablonec,Czech First League,Czech_First_League,Czech Republic
FK_Teplice,FK Teplice,Czech First League,Czech_First_League,Czech Republic
FK_Viktoria_%C5%BDi%C5%BEkov,FK Viktoria Žižkov,Czech National Football League,Czech_National_Football_League,Czech Republic
FC_Lokomotiv_Moscow,FC Lokomotiv Moscow,Russian Premier League,Russian_Premier_League,Russia
FK_Mlad%C3%A1_Boleslav,FK Mladá Boleslav,Czech First League,Czech_First_League,Czech Republic
SK_Dynamo_%C4%8Cesk%C3%A9_Bud%C4%9Bjovice,SK Dynamo České Budějovice,Bohemian Football League,Bohemian_Football_League,Czech Republic
Santos_Laguna,Santos Laguna,Liga MX,Liga_MX,Mexico
AC_Ajaccio,AC Ajaccio,Régional 1,R%C3%A9gional_1,France
Club_Puebla,Club Puebla,Liga MX,Liga_MX,Mexico
Mazatl%C3%A1n_F.C.,Mazatlán F.C.,Liga MX,Liga_MX,Mexico
TS_Galaxy_F.C.,TS Galaxy F.C.,South African Premiership,South_African_Premiership,South Africa
Stellenbosch_F.C.,Stellenbosch F.C.,South African Premiership,South_African_Premiership,South Africa
Lamontville_Golden_Arrows_F.C.,Lamontville Golden Arrows F.C.,South African Premiership,South_African_Premiership,South Africa
Al_Shabab_FC_(Riyadh),Al Shabab Club,Saudi Pro League,Saudi_Pro_League,Saudi Arabia
Gangwon_FC,Gangwon FC,K League 1,K_League_1,South Korea
CF_Peralada,CF Peralada,Tercera Federación,Tercera_Federaci%C3%B3n,Spain
Shonan_Bellmare,Shonan Bellmare,J2 League,J2_League,Japan
Busan_IPark,Busan IPark,K League 2,K_League_2,South Korea
Daejeon_Hana_Citizen,Daejeon Hana Citizen,K League 1,K_League_1,South Korea
Ulsan_HD_FC,Ulsan HD FC,K League 1,K_League_1,South Korea
1._FC_K%C3%B6ln_II,1. FC Köln II,Regionalliga West,Regionalliga_West,Germany
FK_Partizan,FK Partizan,Serbian SuperLiga,Serbian_SuperLiga,Serbia
Gaziantep_F.K.,Gaziantep F.K.,Süper Lig,S%C3%BCper_Lig,Turkey
Juventus_Next_Gen,Juventus Next Gen,Serie C,Serie_C,Italy
NK_Lokomotiva_Zagreb,NK Lokomotiva Zagreb,Croatian Football League,Croatian_Football_League,Croatia
Konyaspor,Konyaspor,Süper Lig,S%C3%BCper_Lig,Turkey
Plymouth_Argyle_F.C.,Plymouth Argyle F.C.,EFL League One,EFL_League_One,England
New_England_Revolution,New England Revolution,Major League Soccer,Major_League_Soccer,United States
Grasshopper_Club_Zurich,Grasshopper Club Zurich,Swiss Super League,Swiss_Super_League,Switzerland
S.C.U._Torreense,S.C.U. Torreense,Liga Portugal 2,Liga_Portugal_2,Portugal
Sigma_FC,Sigma FC,Ontario Premier League,Ontario_Premier_League,Canada
Charlton_Athletic_F.C.,Charlton Athletic F.C.,EFL Championship,EFL_Championship,England
Preston_North_End_F.C.,Preston North End F.C.,EFL Championship,EFL_Championship,England
Huddersfield_Town_A.F.C.,Huddersfield Town A.F.C.,EFL League One,EFL_League_One,England
Orlando_City_B,Orlando City B,MLS Next Pro,MLS_Next_Pro,United States
Al_Ahli_SC_(Doha),Al Ahli SC (Doha),Qatar Stars League,Qatar_Stars_League,Qatar
Al-Shamal_SC,Al-Shamal SC,Qatar Stars League,Qatar_Stars_League,Qatar
AS_Nancy_Lorraine,AS Nancy Lorraine,Ligue 2,Ligue_2,France
Al_Duhail_SC,Al Duhail SC,Qatar Stars League,Qatar_Stars_League,Qatar
Servette_FC,Servette FC,Swiss Super League,Swiss_Super_League,Switzerland
SC_Internacional,SC Internacional,Campeonato Brasileiro Série A,Campeonato_Brasileiro_S%C3%A9rie_A,Brazil
ES_Troyes_AC,ES Troyes AC,Ligue 1,Ligue_1,France
S%C3%A3o_Paulo_FC,São Paulo FC,Campeonato Brasileiro Série A,Campeonato_Brasileiro_S%C3%A9rie_A,Brazil
Gr%C3%AAmio_FBPA,Grêmio FBPA,Campeonato Brasileiro Série A,Campeonato_Brasileiro_S%C3%A9rie_A,Brazil
Botafogo_FR,Botafogo FR,Campeonato Brasileiro Série A,Campeonato_Brasileiro_S%C3%A9rie_A,Brazil
Cruzeiro_Esporte_Clube,Cruzeiro EC,Campeonato Brasileiro Série A,Campeonato_Brasileiro_S%C3%A9rie_A,Brazil
CR_Vasco_da_Gama,CR Vasco da Gama,Campeonato Brasileiro Série A,Campeonato_Brasileiro_S%C3%A9rie_A,Brazil
En_Avant_Guingamp,En Avant Guingamp,Ligue 2,Ligue_2,France
SC_Bastia,SC Bastia,Ligue 2,Ligue_2,France
Phoenix_Rising_FC,Phoenix Rising FC,USL Championship,USL_Championship,United States
Royal_Excel_Mouscron,Royal Excel Mouscron,Belgian Pro League,Belgian_Pro_League,Belgium
Wydad_AC,Wydad AC,Botola Pro,Botola_Pro,Morocco
Al_Fateh_SC,Al Fateh SC,Saudi Pro League,Saudi_Pro_League,Saudi Arabia
Al_Ain_FC,Al Ain FC,UAE Pro League,UAE_Pro_League,United Arab Emirates
RS_Berkane,RS Berkane,Botola Pro,Botola_Pro,Morocco
K.V._Mechelen,KV Mechelen,Belgian Pro League,Belgian_Pro_League,Belgium
Queen%27s_Park_F.C.,Queen's Park F.C.,Scottish Championship,Scottish_Championship,Scotland
Hibernian_F.C.,Hibernian F.C.,Scottish Premiership,Scottish_Premiership,Scotland
Queens_Park_Rangers_F.C.,Queens Park Rangers F.C.,EFL Championship,EFL_Championship,England
Motherwell_F.C.,Motherwell F.C.,Scottish Premiership,Scottish_Premiership,Scotland
Shrewsbury_Town_F.C.,Shrewsbury Town F.C.,EFL League Two,EFL_League_Two,England
Portsmouth_F.C.,Portsmouth F.C.,EFL Championship,EFL_Championship,England
Sheffield_Wednesday_F.C.,Sheffield Wednesday F.C.,EFL League One,EFL_League_One,England
Rotherham_United_F.C.,Rotherham United F.C.,EFL League Two,EFL_League_Two,England
K_Beerschot_VA,K Beerschot VA,Challenger Pro League,Challenger_Pro_League,Belgium
Levante_UD,Levante UD,La Liga,La_Liga,Spain
Parma_Calcio_1913,Parma Calcio 1913,Serie A,Serie_A,Italy
Melbourne_City_FC_Youth,Melbourne City FC Youth,Victoria Premier League 1,Victoria_Premier_League_1,Australia
Hertha_BSC_II,Hertha BSC II,Regionalliga Nordost,Regionalliga_Nordost,Germany
Sydney_FC,Sydney FC,A-League Men,A-League_Men,Australia
Newcastle_Jets_FC,Newcastle Jets FC,A-League Men,A-League_Men,Australia
Giresunspor,Giresunspor,Turkish Regional Amateur League,Turkish_Regional_Amateur_League,Turkey
Salford_City_F.C.,Salford City F.C.,EFL League Two,EFL_League_Two,England
Accrington_Stanley_F.C.,Accrington Stanley F.C.,EFL League Two,EFL_League_Two,England
Northampton_Town_F.C.,Northampton Town F.C.,EFL League Two,EFL_League_Two,England
Estudiantes_de_La_Plata,Estudiantes de La Plata,Primera División,Argentine_Primera_Divisi%C3%B3n,Argentina
San_Lorenzo_de_Almagro,San Lorenzo de Almagro,Primera División,Argentine_Primera_Divisi%C3%B3n,Argentina
Godoy_Cruz_Antonio_Tomba,Godoy Cruz Antonio Tomba,Primera Nacional,Primera_Nacional,Argentina
Real_Salt_Lake,Real Salt Lake,Major League Soccer,Major_League_Soccer,United States
Club_Atl%C3%A9tico_Independiente,Club Atlético Independiente,Primera División,Argentine_Primera_Divisi%C3%B3n,Argentina
Alanyaspor,Alanyaspor,Süper Lig,S%C3%BCper_Lig,Turkey
Gen%C3%A7lerbirli%C4%9Fi_S.K.,Gençlerbirliği S.K.,Süper Lig,S%C3%BCper_Lig,Turkey
SK_Rapid_Wien,SK Rapid Wien,Austrian Bundesliga,Austrian_Football_Bundesliga,Austria
Charlotte_FC,Charlotte FC,Major League Soccer,Major_League_Soccer,United States
VVV-Venlo,VVV-Venlo,Eerste Divisie,Eerste_Divisie,Netherlands
Antalyaspor,Antalyaspor,TFF 1. Lig,TFF_1._Lig,Turkey
Jong_FC_Twente,Jong FC Twente,Eerste Divisie,Eerste_Divisie,Netherlands
FC_Volendam,FC Volendam,Eerste Divisie,Eerste_Divisie,Netherlands
VfL_Bochum,VfL Bochum,2. Bundesliga,2._Bundesliga,Germany
SC_Telstar,SC Telstar,Eredivisie,Eredivisie,Netherlands
C.D._Nacional,C.D. Nacional,Primeira Liga,Primeira_Liga,Portugal
Umm_Salal_SC,Umm Salal SC,Qatar Stars League,Qatar_Stars_League,Qatar
Luton_Town_F.C.,Luton Town F.C.,EFL League One,EFL_League_One,England
C.D._Independiente_Juniors,C.D. Independiente Juniors,Serie B,Ecuadorian_Serie_B,Ecuador
Real_Sociedad_B,Real Sociedad B,Segunda División,Segunda_Divisi%C3%B3n,Spain
CD_Legan%C3%A9s,CD Leganés,Segunda División,Segunda_Divisi%C3%B3n,Spain
SV_Werder_Bremen_II,SV Werder Bremen II,Regionalliga Nord,Regionalliga_Nord,Germany
C.D._Mafra,C.D. Mafra,Liga 3,Liga_3_(Portugal),Portugal
Kawasaki_Frontale,Kawasaki Frontale,J1 League,J1_League,Japan
J%C3%BAbilo_Iwata,Júbilo Iwata,J2 League,J2_League,Japan
Jong_AZ,Jong AZ,Eerste Divisie,Eerste_Divisie,Netherlands
Derby_County_F.C.,Derby County F.C.,EFL Championship,EFL_Championship,England
Halmstads_BK,Halmstads BK,Allsvenskan,Allsvenskan,Sweden
Mj%C3%A4llby_AIF,Mjällby AIF,Allsvenskan,Allsvenskan,Sweden
Troms%C3%B8_IL,Tromsø IL,Eliteserien,Eliteserien,Norway
Silkeborg_IF,Silkeborg IF,Superliga,Danish_Superliga,Denmark
Vejle_Boldklub,Vejle Boldklub,Superliga,Danish_Superliga,Denmark
Club_Africain,Club Africain,Tunisian Ligue Professionnelle 1,Tunisian_Ligue_Professionnelle_1,Tunisia
Stade_Tunisien,Stade Tunisien,Tunisian Ligue Professionnelle 1,Tunisian_Ligue_Professionnelle_1,Tunisia
Ranheim_Fotball,Ranheim Fotball,1. divisjon,1._divisjon,Norway
Haras_El_Hodoud_SC,Haras El Hodoud SC,Egyptian Premier League,Egyptian_Premier_League,Egypt
ZED_FC,ZED FC,Egyptian Premier League,Egyptian_Premier_League,Egypt
Lierse_S.K._(1906),Lierse SK (1906),Proximus League,Proximus_League,Belgium
Al_Ittihad_Alexandria_Club,Al Ittihad Alexandria Club,Egyptian Premier League,Egyptian_Premier_League,Egypt
Kalba_FC,Kalba FC,UAE Pro League,UAE_Pro_League,United Arab Emirates
Al-Nasr_SC_(Dubai),Al-Nasr SC (Dubai),UAE Pro League,UAE_Pro_League,United Arab Emirates
Portimonense_S.C.,Portimonense S.C.,Liga Portugal 2,Liga_Portugal_2,Portugal
S.C._Beira-Mar,S.C. Beira-Mar,Campeonato de Portugal,Campeonato_de_Portugal_(league),Portugal
Saipa_F.C.,Saipa F.C.,Azadegan League,Azadegan_League,Iran
Celta_de_Vigo_B,RC Celta Fortuna,Primera Federación,Primera_Federaci%C3%B3n,Spain
Millwall_F.C.,Millwall F.C.,EFL Championship,EFL_Championship,England
FC_Helsing%C3%B8r,FC Helsingør,2nd Division,Danish_2nd_Division,Denmark
Lower_Hutt_City_AFC,Lower Hutt City AFC,Central League 2,Central_League_2_(New_Zealand),New Zealand
AS_Tren%C4%8D%C3%ADn,AS Trenčín,Slovak First Football League,Slovak_First_Football_League,Slovakia
C.D._Feirense,C.D. Feirense,Liga Portugal 2,Liga_Portugal_2,Portugal
Anadia_F.C.,Anadia F.C.,Campeonato de Portugal,Campeonato_de_Portugal_(league),Portugal
San_Jose_Earthquakes,San Jose Earthquakes,Major League Soccer,Major_League_Soccer,United States
Fortuna_Sittard,Fortuna Sittard,Eredivisie,Eredivisie,Netherlands
Al-Faisaly_FC,Al Faisaly FC,First Division League,Saudi_First_Division_League,Saudi Arabia
Fatih_Karag%C3%BCmr%C3%BCk_S.K.,Fatih Karagümrük S.K.,TFF 1. Lig,TFF_1._Lig,Turkey
Valenciennes_FC,Valenciennes FC,Ligue 3,Ligue_3,France
Al-Wehda_Club_(Mecca),Al Wehda FC,First Division League,Saudi_First_Division_League,Saudi Arabia
Villarreal_CF_C,Villarreal CF C,Tercera Federación,Tercera_Federaci%C3%B3n,Spain
Liverpool_F.C._(Montevideo),Liverpool F.C. (Montevideo),Liga AUF Uruguaya,Liga_AUF_Uruguaya,Uruguay
Defensor_Sporting,Defensor Sporting,Liga AUF Uruguaya,Liga_AUF_Uruguaya,Uruguay
Naft_Al-Wasat,Naft Al-Wasat SC,Iraqi Premier Division League,Iraqi_Premier_Division_League,Iraq
Al-Naft_SC,Al-Naft SC,Iraq Stars League,Iraq_Stars_League,Iraq
Dibba_FC,Dibba FC,UAE Pro League,UAE_Pro_League,United Arab Emirates
Spezia_Calcio,Spezia Calcio,Serie C,Serie_C,Italy
Rodez_AF,Rodez AF,Ligue 2,Ligue_2,France
USM_Alger,USM Alger,Ligue 1,Algerian_Ligue_Professionnelle_1,Algeria
Club_Atl%C3%A9tico_V%C3%A9lez_Sarsfield,Club Atlético Vélez Sarsfield,Primera División,Argentine_Primera_Divisi%C3%B3n,Argentina
FC_Augsburg_II,FC Augsburg II,Regionalliga Bayern,Regionalliga_Bayern,Germany
Al-Faisaly_SC_(Amman),Al-Faisaly SC,Jordanian Pro League,Jordanian_Pro_League,Jordan
Al-Ahli_SC_(Amman),Al Ahli SC (Amman),Jordanian First Division League,Jordanian_First_Division_League,Jordan
Deportivo_Cali,Deportivo Cali,Categoría Primera A,Categor%C3%ADa_Primera_A,Colombia
PFC_CSKA_Moscow,PFC CSKA Moscow,Russian Premier League,Russian_Premier_League,Russia
Independiente_Santa_Fe,Independiente Santa Fe,Categoría Primera A,Categor%C3%ADa_Primera_A,Colombia
Bunyodkor,FC Bunyodkor,Uzbekistan Super League,Uzbekistan_Super_League,Uzbekistan
FC_AGMK,FC AGMK,Uzbekistan Super League,Uzbekistan_Super_League,Uzbekistan
NK_Istra_1961,NK Istra 1961,Croatian Football League,Croatian_Football_League,Croatia
NK_Inter_Zapre%C5%A1i%C4%87,NK Inter Zaprešić,Croatian Football League,Croatian_Football_League,Croatia
Monagas_S.C.,Monagas S.C.,Liga FUTVE,Liga_FUTVE,Venezuela
SFC_Opava,SFC Opava,Czech National Football League,Czech_National_Football_League,Czech Republic
SK_Slavia_Prague_B,SK Slavia Prague B,Czech National Football League,Czech_National_Football_League,Czech Republic
FC_Zbrojovka_Brno,FC Zbrojovka Brno,Czech National Football League,Czech_National_Football_League,Czech Republic
FK_Ban%C3%ADk_Sokolov,FK Baník Sokolov,Czech Fourth Division,Czech_Fourth_Division,Czech Republic
Aris_Thessaloniki_F.C.,Aris Thessaloniki F.C.,Super League Greece,Super_League_Greece,Greece
Bohemians_1905,Bohemians 1905,Czech First League,Czech_First_League,Czech Republic
1._FC_Slov%C3%A1cko,1. FC Slovácko,Czech First League,Czech_First_League,Czech Republic
FC_Vyso%C4%8Dina_Jihlava,FC Vysočina Jihlava,Czech National Football League,Czech_National_Football_League,Czech Republic
Hyde_United_F.C.,Hyde United F.C.,Northern Premier League,Northern_Premier_League,England
MFK_Karvin%C3%A1,MFK Karviná,Czech First League,Czech_First_League,Czech Republic
Toluca_FC,Toluca FC,Liga MX,Liga_MX,Mexico
M%C3%A1laga_CF,Málaga CF,Segunda División,Segunda_Divisi%C3%B3n,Spain
Al_Qadsiah_FC,Al Qadsiah FC,Saudi Pro League,Saudi_Pro_League,Saudi Arabia
Seattle_Sounders_FC,Seattle Sounders FC,Major League Soccer,Major_League_Soccer,United States
Atl%C3%A9tico_Zacatepec,Zacatepec F.C.,Liga Premier,Liga_Premier_de_M%C3%A9xico,Mexico
Mineros_de_Zacatecas,Mineros de Zacatecas,Liga de Expansión MX,Liga_de_Expansi%C3%B3n_MX,Mexico
Celaya_F.C.,Celaya F.C.,Liga Premier,Liga_Premier_de_M%C3%A9xico,Mexico
Mamelodi_Sundowns,Mamelodi Sundowns F.C.,South African Premiership,South_African_Premiership,South Africa
Polokwane_City_F.C.,Polokwane City F.C.,South African Premiership,South_African_Premiership,South Africa
Mpumalanga_Black_Aces_F.C.,Mpumalanga Black Aces F.C.,National First Division,National_First_Division,South Africa
JDR_Stars_F.C.,JDR Stars F.C.,National First Division,National_First_Division,South Africa
Orlando_Pirates,Orlando Pirates F.C.,South African Premiership,South_African_Premiership,South Africa
C.D._Tondela,C.D. Tondela,Liga Portugal 2,Liga_Portugal_2,Portugal
Ulsan_Hyundai_FC,Ulsan HD FC,K League 1,K_League_1,South Korea
Kashiwa_Reysol,Kashiwa Reysol,J1 League,J1_League,Japan
Beijing_Guoan_F.C.,Beijing Guoan F.C.,Chinese Super League,Chinese_Super_League,China
Vegalta_Sendai,Vegalta Sendai,J2 League,J2_League,Japan
Sagan_Tosu,Sagan Tosu,J2 League,J2_League,Japan
Hamburger_SV_II,Hamburger SV II,Regionalliga Nord,Regionalliga_Nord,Germany
FC_Anyang,FC Anyang,K League 1,K_League_1,South Korea
Valencia_CF_Mestalla,Valencia CF Mestalla,Segunda Federación,Segunda_Federaci%C3%B3n,Spain
Gwangju_FC,Gwangju FC,K League 1,K_League_1,South Korea
FC_Hansa_Rostock,FC Hansa Rostock,3. Liga,3._Liga,Germany
SK_Beveren,SK Beveren,Belgian Pro League,Belgian_Pro_League,Belgium
Ey%C3%BCpspor,Eyüpspor,Süper Lig,S%C3%BCper_Lig,Turkey
Trelleborgs_FF,Trelleborgs FF,Ettan,Ettan_(football),Sweden
Vasalunds_IF,Vasalund IF,Ettan Norra,Ettan_Fotboll,Sweden
Helsingborgs_IF,Helsingborgs IF,Superettan,Superettan,Sweden
Odense_Boldklub,Odense Boldklub,Superliga,Danish_Superliga,Denmark
FK_%C5%BDeljezni%C4%8Dar_Sarajevo,FK Željezničar Sarajevo,Premier League BH,Premier_League_of_Bosnia_and_Herzegovina,Bosnia and Herzegovina
FK_Borac_Banja_Luka,FK Borac Banja Luka,Premier League BH,Premier_League_of_Bosnia_and_Herzegovina,Bosnia and Herzegovina
FC_Orenburg,FC Orenburg,Russian Premier League,Russian_Premier_League,Russia
NK_Lokomotiva,NK Lokomotiva Zagreb,Croatian Football League,Croatian_Football_League,Croatia
1._FC_Heidenheim,1. FC Heidenheim,2. Bundesliga,2._Bundesliga,Germany
NK_%C5%A0iroki_Brijeg,NK Široki Brijeg,Premier League BH,Premier_League_of_Bosnia_and_Herzegovina,Bosnia and Herzegovina
FC_Sheriff_Tiraspol,FC Sheriff Tiraspol,Liga,Moldovan_Liga,Moldova
FC_Wil,FC Wil,Swiss Challenge League,Swiss_Challenge_League,Switzerland
Vaughan_Azzurri,Vaughan Azzurri,Ontario Premier League,Ontario_Premier_League,Canada
Forward_Madison_FC,Forward Madison FC,USL League One,USL_League_One,United States
San_Antonio_FC,San Antonio FC,USL Championship,USL_Championship,United States
F.C.V._Dender_E.H.,FCV Dender EH,Challenger Pro League,Challenger_Pro_League,Belgium
Minnesota_United_FC_2,Minnesota United FC 2,MLS Next Pro,MLS_Next_Pro,United States
Toronto_FC_III,Toronto FC Academy,MLS Next,MLS_Next,United States
Toronto_FC_II,Toronto FC II,MLS Next Pro,MLS_Next_Pro,United States
CS_St-Hubert,CS St-Hubert,Ligue1 Québec,Ligue1_Qu%C3%A9bec,Canada
Vancouver_Whitecaps,Vancouver Whitecaps FC,Major League Soccer,Major_League_Soccer,United States
Portland_Timbers,Portland Timbers,Major League Soccer,Major_League_Soccer,United States
Colchester_United_F.C.,Colchester United F.C.,EFL League Two,EFL_League_Two,England
AFC_Wimbledon,AFC Wimbledon,EFL League One,EFL_League_One,England
Austin_FC,Austin FC,Major League Soccer,Major_League_Soccer,United States
S.C._Farense,S.C. Farense,Liga Portugal 2,Liga_Portugal_2,Portugal
Coritiba_Foot_Ball_Club,Coritiba Foot Ball Club,Campeonato Brasileiro Série A,Campeonato_Brasileiro_S%C3%A9rie_A,Brazil
El_Jaish_SC,El Jaish SC,Qatar Stars League,Qatar_Stars_League,Qatar
LASK_Linz,LASK,Austrian Bundesliga,Austrian_Football_Bundesliga,Austria
FC_Pasching,FC Juniors OÖ,Regionalliga Central,Austrian_Regionalliga_Central,Austria
AD_Alcorc%C3%B3n_B,AD Alcorcón B,Tercera Federación,Tercera_Federaci%C3%B3n,Spain
Al-Markhiya_SC,Al-Markhiya SC,Qatari Second Division,Qatari_Second_Division,Qatar
FC_Stade_Lausanne_Ouchy,FC Stade Lausanne Ouchy,Swiss Challenge League,Swiss_Challenge_League,Switzerland
Desportivo_Brasil,Desportivo Brasil,Campeonato Paulista Série A3,Campeonato_Paulista_S%C3%A9rie_A3,Brazil
SC_Corinthians_Paulista,SC Corinthians Paulista,Campeonato Brasileiro Série A,Campeonato_Brasileiro_S%C3%A9rie_A,Brazil
Deportivo_Maldonado,Deportivo Maldonado,Liga AUF Uruguaya,Liga_AUF_Uruguaya,Uruguay
Clube_N%C3%A1utico_Capibaribe,Clube Náutico Capibaribe,Campeonato Brasileiro Série B,Campeonato_Brasileiro_S%C3%A9rie_B,Brazil
Al_Ahli_Saudi_FC,Al-Ahli Saudi FC,Saudi Pro League,Saudi_Pro_League,Saudi Arabia
PFC_Ludogorets_Razgrad,PFC Ludogorets Razgrad,First League,First_Professional_Football_League_(Bulgaria),Bulgaria
Don_Bosco_FC,Don Bosco FC,Ligue Haïtienne,Ligue_Ha%C3%AFtienne,Haiti
S.D._Aucas,S.D. Aucas,Ecuadorian Serie A,Ecuadorian_Serie_A,Ecuador
Violette_AC,Violette AC,Ligue Haïtienne,Ligue_Ha%C3%AFtienne,Haiti
North_Texas_SC,North Texas SC,MLS Next Pro,MLS_Next_Pro,United States
Atlanta_United_2,Atlanta United 2,MLS Next Pro,MLS_Next_Pro,United States
US_Avranches,US Avranches,Championnat National 2,Championnat_National_2,France
SO_Cholet,SO Cholet,Régional 3,R%C3%A9gional_3,France
PFC_CSKA_Sofia,PFC CSKA Sofia,First League,First_Professional_Football_League,Bulgaria
Hobro_IK,Hobro IK,Danish 1st Division,Danish_1st_Division,Denmark
Colorado_Springs_Switchbacks_FC,Colorado Springs Switchbacks FC,USL Championship,USL_Championship,United States
US_Boulogne,US Boulogne,Ligue 2,Ligue_2,France
F.C._Vizela,F.C. Vizela,Liga Portugal 2,Liga_Portugal_2,Portugal
K.V._Kortrijk,KV Kortrijk,Challenger Pro League,Challenger_Pro_League,Belgium
SKN_St._P%C3%B6lten,SKN St. Pölten,2. Liga,2._Liga_(Austria),Austria
UD_Melilla,UD Melilla,Segunda Federación,Segunda_Federaci%C3%B3n,Spain
Hatayspor,Hatayspor,TFF 2. Lig,TFF_2._Lig,Turkey
Al_Wehda_FC,Al Wehda FC,First Division League,Saudi_First_Division_League,Saudi Arabia
USL_Dunkerque,USL Dunkerque,Ligue 2,Ligue_2,France
Bologna_F.C._1909,Bologna FC 1909,Serie A,Serie_A,Italy
Alloa_Athletic_F.C.,Alloa Athletic F.C.,Scottish League One,Scottish_League_One,Scotland
Sunderland_A.F.C,Sunderland A.F.C.,Premier League,Premier_League,England
Wrexham_A.F.C.,Wrexham A.F.C.,EFL Championship,EFL_Championship,England
Oud-Heverlee_Leuven,Oud-Heverlee Leuven,Belgian Pro League,Belgian_Pro_League,Belgium
Ayr_United_F.C.,Ayr United F.C.,Scottish Championship,Scottish_Championship,Scotland
UD_Las_Palmas,UD Las Palmas,Segunda División,Segunda_Divisi%C3%B3n,Spain
TSV_1860_Munich,TSV 1860 Munich,3. Liga,3._Liga,Germany
Al-Hilal_FC,Al Hilal SFC,Saudi Pro League,Saudi_Pro_League,Saudi Arabia
FK_TSC,FK TSC,Serbian First League,Serbian_First_League,Serbia
APOEL_FC,APOEL FC,First Division,Cypriot_First_Division,Cyprus
FFA_Centre_of_Excellence,FFA Centre of Excellence,National Youth League,National_Youth_League_(Australia),Australia
Perth_Glory_FC,Perth Glory FC,A-League Men,A-League_Men,Australia
Grazer_AK,Grazer AK,Austrian Bundesliga,Austrian_Football_Bundesliga,Austria
FSV_Frankfurt,FSV Frankfurt,Regionalliga Südwest,Regionalliga_S%C3%BCdwest,Germany
Adelaide_United_FC_Youth,Adelaide United FC Youth,NPL South Australia,National_Premier_Leagues_South_Australia,Australia
Randers_FC,Randers FC,Superliga,Danish_Superliga,Denmark
Hellas_Verona_F.C.,Hellas Verona FC,Serie B,Serie_B,Italy
C%C3%A1diz_CF,Cádiz CF,Segunda División,Segunda_Divisi%C3%B3n,Spain
Xanthi_F.C.,Xanthi F.C.,Gamma Ethniki,Gamma_Ethniki,Greece
Fleetwood_Town_F.C.,Fleetwood Town F.C.,EFL League Two,EFL_League_Two,England
Central_Coast_Mariners_Academy,Central Coast Mariners Academy,NSW League One,National_Premier_Leagues_NSW_2,Australia
Scunthorpe_United_F.C.,Scunthorpe United F.C.,National League,National_League_(division),England
FC_Machida_Zelvia,FC Machida Zelvia,J1 League,J1_League,Japan
Esporte_Clube_Vit%C3%B3ria,Esporte Clube Vitória,Campeonato Brasileiro Série A,Campeonato_Brasileiro_S%C3%A9rie_A,Brazil
Botafogo_de_Futebol_e_Regatas,Botafogo FR,Campeonato Brasileiro Série A,Campeonato_Brasileiro_S%C3%A9rie_A,Brazil
Sportivo_Luque%C3%B1o,Sportivo Luqueño,División de Honor,APF_Divisi%C3%B3n_de_Honor,Paraguay
Club_Sol_de_Am%C3%A9rica,Club Sol de América,División Intermedia,Paraguayan_Divisi%C3%B3n_Intermedia,Paraguay
FC_Ju%C3%A1rez,FC Juárez,Liga MX,Liga_MX,Mexico
Club_de_Gimnasia_y_Esgrima_La_Plata,Club de Gimnasia y Esgrima La Plata,Primera División,Argentine_Primera_Divisi%C3%B3n,Argentina
Club_Rubio_%C3%91u,Club Rubio Ñu,Primera División,Paraguayan_Primera_Divisi%C3%B3n,Paraguay
Celta_de_Vigo,RC Celta de Vigo,La Liga,La_Liga,Spain
Sociedade_Esportiva_Palmeiras,SE Palmeiras,Campeonato Brasileiro Série A,Campeonato_Brasileiro_S%C3%A9rie_A,Brazil
Sport_Club_Internacional,SC Internacional,Campeonato Brasileiro Série A,Campeonato_Brasileiro_S%C3%A9rie_A,Brazil
Delfino_Pescara_1936,Delfino Pescara 1936,Serie C,Serie_C,Italy
Sportivo_Ameliano,Sportivo Ameliano,División de Honor,APF_Divisi%C3%B3n_de_Honor,Paraguay
Club_Atl%C3%A9tico_River_Plate_(Montevideo),Club Atlético River Plate (Montevideo),Uruguayan Segunda División,Uruguayan_Segunda_Divisi%C3%B3n,Uruguay
SD_Huesca,SD Huesca,Segunda División,Segunda_Divisi%C3%B3n,Spain
Red_Bull_Bragantino,Red Bull Bragantino,Campeonato Brasileiro Série A,Campeonato_Brasileiro_S%C3%A9rie_A,Brazil
Karacabey_Belediyespor,Karacabey Belediyespor,TFF 2. Lig,TFF_2._Lig,Turkey
Samsunspor,Samsunspor,Süper Lig,S%C3%BCper_Lig,Turkey
Charleston_Battery,Charleston Battery,USL Championship,USL_Championship,United States
Miami_FC,Miami FC,USL Championship,USL_Championship,United States
Al-Hazem_F.C.,Al-Hazem FC,Saudi Pro League,Saudi_Pro_League,Saudi Arabia
Abha_Club,Abha Club,Saudi First Division League,Saudi_First_Division_League,Saudi Arabia
Roda_JC_Kerkrade,Roda JC Kerkrade,Eerste Divisie,Eerste_Divisie,Netherlands
TOP_Oss,TOP Oss,Eerste Divisie,Eerste_Divisie,Netherlands
SD_Amorebieta,SD Amorebieta,Segunda Federación,Segunda_Federaci%C3%B3n,Spain
I%C4%9Fd%C4%B1r_F.K.,Iğdır F.K.,TFF 1. Lig,TFF_1._Lig,Turkey
FC_Emmen,FC Emmen,Eerste Divisie,Eerste_Divisie,Netherlands
Moreirense_F.C.,Moreirense F.C.,Primeira Liga,Primeira_Liga,Portugal
A.E._Kifisia_F.C.,A.E. Kifisia F.C.,Super League Greece,Super_League_Greece,Greece
Al-Nasr_Dubai_SC,Al-Nasr SC (Dubai),UAE Pro League,UAE_Pro_League,United Arab Emirates
1._FC_Kaiserslautern,1. FC Kaiserslautern,2. Bundesliga,2._Bundesliga,Germany
NAC_Breda,NAC Breda,Eerste Divisie,Eerste_Divisie,Netherlands
Persib_Bandung,Persib Bandung,Super League,Super_League_(Indonesia),Indonesia
Jong_FC_Utrecht,Jong FC Utrecht,Eerste Divisie,Eerste_Divisie,Netherlands
SC_Cambuur,SC Cambuur,Eredivisie,Eredivisie,Netherlands
Royal_Antwerp_FC,Royal Antwerp FC,Belgian Pro League,Belgian_Pro_League,Belgium
VfL_Wolfsburg_II,VfL Wolfsburg II,Regionalliga Nord,Regionalliga_Nord,Germany
MSV_Duisburg,MSV Duisburg,3. Liga,3._Liga,Germany
Venezia_FC,Venezia FC,Serie A,Serie_A,Italy
Racing_de_Santander,Racing de Santander,Segunda División,Segunda_Divisi%C3%B3n,Spain
SV_Elversberg,SV Elversberg,Bundesliga,Bundesliga,Germany
SpVgg_Greuther_F%C3%BCrth_II,SpVgg Greuther Fürth II,Regionalliga Bayern,Regionalliga_Bayern,Germany
Al-Orobah_FC,Al-Orobah FC,Saudi First Division,Saudi_First_Division_League,Saudi Arabia
NK_Maribor,NK Maribor,Slovenian PrvaLiga,Slovenian_PrvaLiga,Slovenia
AC_Cesena,AC Cesena,Serie A,Serie_A,Italy
Atalanta_B.C.,Atalanta BC,Serie A,Serie_A,Italy
Royal_Charleroi_S.C.,Royal Charleroi SC,Belgian Pro League,Belgian_Pro_League,Belgium
Nagoya_Grampus,Nagoya Grampus,J1 League,J1_League,Japan
Sint-Truidense_VV,Sint-Truidense VV,Belgian Pro League,Belgian_Pro_League,Belgium
J.League_U-22_Selection,J.League U-22 Selection,J3 League,J3_League,Japan
FC_Tokyo_U-23,FC Tokyo U-23,J3 League,J3_League,Japan
Gamba_Osaka,Gamba Osaka,J1 League,J1_League,Japan
Mito_HollyHock,Mito HollyHock,J1 League,J1_League,Japan
FC_Juniors_O%C3%96,FC Juniors OÖ,Regionalliga Central,Austrian_Regionalliga_Central,Austria
Ventforet_Kofu,Ventforet Kofu,J2 League,J2_League,Japan
Sollentuna_FK,Sollentuna FK,Ettan,Ettan_Fotboll,Sweden
V%C3%A4ster%C3%A5s_SK_Fotboll,Västerås SK Fotboll,Allsvenskan,Allsvenskan,Sweden
Alfreton_Town_F.C.,Alfreton Town F.C.,Northern Premier League,Northern_Premier_League,England
IF_Sylvia,IF Sylvia,Division 2,Division_2_(Swedish_football),Sweden
Ljungskile_SK,Ljungskile SK,Superettan,Superettan,Sweden
%C3%96stersunds_FK,Östersunds FK,Superettan,Superettan,Sweden
IK_Frej,IK Frej,Division 3,Division_3_(Swedish_football),Sweden
BK_H%C3%A4cken,BK Häcken,Allsvenskan,Allsvenskan,Sweden
%C3%96rebro_SK,Örebro SK,Superettan,Superettan,Sweden
ES_M%C3%A9tlaoui,ES Métlaoui,Tunisian Ligue Professionnelle 1,Tunisian_Ligue_Professionnelle_1,Tunisia
Viborg_FF,Viborg FF,Danish Superliga,Danish_Superliga,Denmark
FC_St._Pauli_II,FC St. Pauli,2. Bundesliga,2._Bundesliga,Germany
Ismaily_SC,Ismaily SC,Egyptian Premier League,Egyptian_Premier_League,Egypt
FK_Haugesund,FK Haugesund,1. divisjon,1._divisjon,Norway
KV_Oostende,KV Oostende,Belgian Pro League,Belgian_Pro_League,Belgium
Lommel_S.K.,Lommel SK,Belgian Pro League,Belgian_Pro_League,Belgium
Empoli_FC,Empoli FC,Serie B,Serie_B,Italy
Tala%27ea_El_Gaish_SC,Tala'ea El Gaish SC,Egyptian Premier League,Egyptian_Premier_League,Egypt
Ghazl_El_Mahalla_SC,Ghazl El Mahalla SC,Egyptian Premier League,Egyptian_Premier_League,Egypt
Al_Mokawloon_Al_Arab_SC,Al Mokawloon Al Arab SC,Egyptian Premier League,Egyptian_Premier_League,Egypt
CD_Mirand%C3%A9s,CD Mirandés,Segunda División,Segunda_Divisi%C3%B3n,Spain
ENPPI_Club,ENPPI SC,Egyptian Premier League,Egyptian_Premier_League,Egypt
Petrojet_FC,Petrojet SC,Egyptian Premier League,Egyptian_Premier_League,Egypt
AC_Omonia,AC Omonia,First Division,Cypriot_First_Division,Cyprus
Wadi_Degla_SC,Wadi Degla SC,Egyptian Premier League,Egyptian_Premier_League,Egypt
Al-Najma_SC_(Saudi_Arabia),Al-Najma SC (Saudi Arabia),Saudi Pro League,Saudi_Pro_League,Saudi Arabia
Rah_Ahan_Tehran_F.C.,Rah Ahan Tehran F.C.,Tehran Province league,Tehran_Province_league,Iran
FC_Anzhi_Makhachkala,FC Anzhi Makhachkala,Russian Premier League,Russian_Premier_League,Russia
Shabab_Al_Ahli_Club,Shabab Al Ahli Club,UAE Pro League,UAE_Pro_League,United Arab Emirates
Shahin_Bushehr_F.C.,Shahin Bushehr F.C.,League 2 (Iran),League_2_(Iran),Iran
F.C._Iranjavan_Bushehr,F.C. Iranjavan Bushehr,League 2,League_2_(Iran),Iran
F.C._Nassaji_Mazandaran,F.C. Nassaji Mazandaran,Azadegan League,Azadegan_League,Iran
Paykan_F.C.,Paykan F.C.,Persian Gulf Pro League,Persian_Gulf_Pro_League,Iran
Syrianska_FC,Syrianska FC,Division 2,Division_2_(Swedish_football),Sweden
Amiens_SC,Amiens SC,Ligue 3,Ligue_3,France
Saba_Qom_F.C.,Saba Qom F.C.,Persian Gulf Pro League,Persian_Gulf_Pro_League,Iran
Oxford_United_F.C.,Oxford United F.C.,EFL League One,EFL_League_One,England
Southport_F.C.,Southport F.C.,National League North,National_League_North,England
Carlisle_United_F.C.,Carlisle United F.C.,National League,National_League_(division),England
Grimsby_Town_F.C.,Grimsby Town F.C.,EFL League Two,EFL_League_Two,England
FC_Noah,FC Noah,Armenian Premier League,Armenian_Premier_League,Armenia
Team_Wellington,Team Wellington FC,New Zealand Football Championship,New_Zealand_Football_Championship,New Zealand
HB_K%C3%B8ge,HB Køge,1st Division,Danish_1st_Division,Denmark
Bristol_City_F.C.,Bristol City F.C.,EFL Championship,EFL_Championship,England
Empoli_F.C.,Empoli FC,Serie B,Serie_B,Italy
Tasman_United,Tasman United,ISPS Handa Premiership,New_Zealand_Football_Championship,New Zealand
Almere_City,Almere City FC,Eerste Divisie,Eerste_Divisie,Netherlands
Stevenage_F.C.,Stevenage F.C.,EFL League One,EFL_League_One,England
Batuque_FC,Batuque FC,São Vicente Island League,S%C3%A3o_Vicente_Island_League,Cape Verde
Sporting_Clube_da_Praia,Sporting Clube da Praia,Santiago Island League (South),Santiago_Island_League_(South),Cape Verde
Al_Bataeh_Club,Al Bataeh Club,UAE Pro League,UAE_Pro_League,United Arab Emirates
C.F._Estrela_da_Amadora,C.F. Estrela da Amadora,Primeira Liga,Primeira_Liga,Portugal
FC_Akron_Tolyatti,FC Akron Tolyatti,Russian Premier League,Russian_Premier_League,Russia
PFC_Levski_Sofia,PFC Levski Sofia,First League,First_Professional_Football_League_(Bulgaria),Bulgaria
FC_Viktoria_K%C3%B6ln,FC Viktoria Köln,3. Liga,3._Liga,Germany
C.S._Mar%C3%ADtimo_B,C.S. Marítimo B,AF Madeira 1ª Divisão,Madeira_Football_Association,Portugal
C.F._Uni%C3%A3o,C.F. União,Primeira Liga,Primeira_Liga,Portugal
K.S.V._Roeselare,KSV Roeselare,Belgian First Division B,Belgian_First_Division_B,Belgium
Sharjah_FC,Sharjah FC,UAE Pro League,UAE_Pro_League,United Arab Emirates
San_Diego_FC,San Diego FC,Major League Soccer,Major_League_Soccer,United States
S.U._Sintrense,S.U. Sintrense,Campeonato de Portugal,Campeonato_de_Portugal_(league),Portugal
Khaleej_FC,Al-Khaleej FC,Saudi Pro League,Saudi_Pro_League,Saudi Arabia
Al-Raed_FC,Al Raed S.FC,Saudi First Division,Saudi_First_Division_League,Saudi Arabia
Al-Ittihad_(Jeddah),Al-Ittihad Club (Jeddah),Saudi Pro League,Saudi_Pro_League,Saudi Arabia
Al-Taawoun_FC,Al Taawoun FC,Saudi Pro League,Saudi_Pro_League,Saudi Arabia
Najran_SC,Najran S.FC,Second Division,Saudi_Second_Division,Saudi Arabia
Ettifaq_FC,Al-Ettifaq Club,Saudi Pro League,Saudi_Pro_League,Saudi Arabia
SD_Eibar,SD Eibar,Segunda División,Segunda_Divisi%C3%B3n,Spain
Club_Plaza_Colonia_de_Deportes,Club Plaza Colonia de Deportes,Uruguayan Segunda División,Uruguayan_Segunda_Divisi%C3%B3n,Uruguay
Montevideo_Wanderers_F.C.,Montevideo Wanderers F.C.,Liga AUF Uruguaya,Liga_AUF_Uruguaya,Uruguay
AS_Monaco,AS Monaco FC,Ligue 1,Ligue_1,France
Dijon_FCO,Dijon FCO,Ligue 2,Ligue_2,France
Sanat_Naft_Abadan_F.C.,Sanat Naft Abadan F.C.,Azadegan League,Azadegan_League,Iran
FC_Schaffhausen,FC Schaffhausen,Promotion League,Promotion_League,Switzerland
Port_F.C.,Port F.C.,Thai League,Thai_League_1,Thailand
Al-Najaf_SC,Al-Najaf SC,Iraqi Premier Division League,Iraqi_Premier_Division_League,Iraq
Al-Talaba,Al-Talaba SC,Iraq Stars League,Iraq_Stars_League,Iraq
Wycombe_Wanderers_F.C.,Wycombe Wanderers F.C.,EFL League One,EFL_League_One,England
Al-Kahrabaa_SC,Al-Kahrabaa SC,Iraq Stars League,Iraq_Stars_League,Iraq
Aarhus_Gymnastikforening,Aarhus Gymnastikforening,Superliga,Danish_Superliga,Denmark
Str%C3%B8msgodset_Toppfotball,Strømsgodset Toppfotball,1. divisjon,1._divisjon,Norway
Newroz_SC,Newroz SC,Iraq Stars League,Iraq_Stars_League,Iraq
IL_H%C3%B8dd,IL Hødd,OBOS-ligaen,1._divisjon,Norway
Stab%C3%A6k_Fotball,Stabæk Fotball,Norwegian First Division,Norwegian_First_Division,Norway
Sandnes_Ulf,Sandnes Ulf,1. divisjon,1._divisjon,Norway
Sandefjord_Fotball,Sandefjord Fotball,Eliteserien,Eliteserien,Norway
R.W.D._Molenbeek_(2015),RWDM Brussels,Belgian Division 1,Belgian_Division_1,Belgium
Casa_Sports,Casa Sports,Senegal Premier League,Senegal_Premier_League,Senegal
Betis_Deportivo_Balompi%C3%A9,Betis Deportivo,Primera Federación,Primera_Federaci%C3%B3n,Spain
Shanghai_Port_F.C.,Shanghai Port F.C.,Chinese Super League,Chinese_Super_League,China
Clermont_Foot,Clermont Foot 63,Ligue 2,Ligue_2,France
NA_Hussein_Dey,NA Hussein Dey,Ligue 2,Algerian_Ligue_2,Algeria
JS_Kabylie,JS Kabylie,Ligue 1,Algerian_Ligue_Professionnelle_1,Algeria
Club_Atl%C3%A9tico_Banfield,Club Atlético Banfield,Primera División,Argentine_Primera_Divisi%C3%B3n,Argentina
FC_Admira_Wacker_M%C3%B6dling,Admira Wacker,2. Liga,2._Liga_(Austria),Austria
Al-Baqa%27a_SC,Al-Baqa'a SC,Jordanian Pro League,Jordanian_Pro_League,Jordan
Al-Salt_SC,Al-Salt SC,Jordanian Pro League,Jordanian_Pro_League,Jordan
Al-Jazeera_SC_(Amman),Al-Jazeera SC (Amman),Jordanian Pro League,Jordanian_Pro_League,Jordan
Sahab_SC,Sahab SC,Jordanian Third Division League,Jordanian_Third_Division_League,Jordan
Shabab_Al-Ordon_SC,Shabab Al-Ordon SC,Jordanian Pro League,Jordanian_Pro_League,Jordan
Al-Khaldiya_SC,Al-Khaldiya SC,Premier League,Bahraini_Premier_League,Bahrain
%C3%81guilas_Doradas,Águilas Doradas,Categoría Primera A,Categor%C3%ADa_Primera_A,Colombia
La_Equidad,La Equidad,Categoría Primera A,Categor%C3%ADa_Primera_A,Colombia
Barranquilla_F.C.,Barranquilla F.C.,Categoría Primera B,Categor%C3%ADa_Primera_B,Colombia
Envigado_F.C.,Envigado F.C.,Categoría Primera B,Categor%C3%ADa_Primera_B,Colombia
Llaneros_F.C.,Llaneros F.C.,Categoría Primera A,Categor%C3%ADa_Primera_A,Colombia
Cagliari_Calcio,Cagliari Calcio,Serie A,Serie_A,Italy
Independiente_Medell%C3%ADn,Independiente Medellín,Categoría Primera A,Categor%C3%ADa_Primera_A,Colombia
Deportes_Tolima,Deportes Tolima,Categoría Primera A,Categor%C3%ADa_Primera_A,Colombia
Athlitiki_Enosi_Larissa_F.C.,Athlitiki Enosi Larissa F.C.,Super League Greece 2,Super_League_Greece_2,Greece
F.C._Arouca,F.C. Arouca,Primeira Liga,Primeira_Liga,Portugal
Hatta_Club,Hatta Club,UAE Division One,UAE_Division_One,United Arab Emirates
Baniyas_Club,Baniyas Club,UAE Pro League,UAE_Pro_League,United Arab Emirates
FK_Mash%27al_Mubarek,FC Mash'al,Uzbekistan Super League,Uzbekistan_Super_League,Uzbekistan
Shabab_Al-Ahli_Club,Shabab Al Ahli Club,UAE Pro League,UAE_Pro_League,United Arab Emirates
FK_Olympic_Tashkent,FC Olympic Tashkent,Uzbekistan Super League,Uzbekistan_Super_League,Uzbekistan
FC_Pari_Nizhny_Novgorod,FC Pari Nizhny Novgorod,Russian First League,Russian_First_League,Russia
Khor_Fakkan_Club,Khor Fakkan Club,UAE Pro League,UAE_Pro_League,United Arab Emirates
FC_Bukhara,FC Bukhara,Uzbekistan Pro League,Uzbekistan_Pro_League,Uzbekistan
NK_Zagreb,NK Zagreb,4. NL Središte Zagreb podskupina A,Croatian_football_league_system,Croatia
RNK_Split,RNK Split,1. ŽNL,First_County_Football_League_(Croatia),Croatia
Darlington_F.C.,Darlington F.C.,National League North,National_League_North,England
Bristol_Rovers_F.C.,Bristol Rovers F.C.,EFL League Two,EFL_League_Two,England
West_African_Football_Academy,West African Football Academy,Ghana Premier League,Ghana_Premier_League,Ghana
Chorrillo_F.C.,Club Deportivo Universitario,Liga Panameña de Fútbol,Liga_Paname%C3%B1a_de_F%C3%BAtbol,Panama
FC_DAC_1904_Dunajsk%C3%A1_Streda,FC DAC 1904 Dunajská Streda,Slovak First Football League,Slovak_First_Football_League,Slovakia
Deportivo_Saprissa,Deportivo Saprissa,Liga Promerica,Liga_FPD,Costa Rica
Club_Deportivo_Universitario,Club Deportivo Universitario,Liga Panameña de Fútbol,Liga_Paname%C3%B1a_de_F%C3%BAtbol,Panama
Uni%C3%B3n_Deportivo_Universitario,Club Deportivo Universitario,Liga Panameña de Fútbol,Liga_Paname%C3%B1a_de_F%C3%BAtbol,Panama
FC_Cartagena,FC Cartagena,Primera Federación,Primera_Federaci%C3%B3n,Spain
Alianza_F.C._(Panama),Alianza F.C. (Panama),Liga Panameña de Fútbol,Liga_Paname%C3%B1a_de_F%C3%BAtbol,Panama
Chepo_F.C.,Chepo F.C.,Liga Panameña de Fútbol,Liga_Paname%C3%B1a_de_F%C3%BAtbol,Panama
Deportivo_La_Guaira_F.C.,Deportivo La Guaira F.C.,Liga FUTVE,Liga_FUTVE,Venezuela
Club_Alianza_Lima,Alianza Lima,Liga 1,Peruvian_Primera_Divisi%C3%B3n,Peru
D.C._United,D.C. United,Major League Soccer,Major_League_Soccer,United States
C.D._Cobresal,Cobresal,Liga de Primera,Liga_de_Primera,Chile
Swindon_Town_F.C.,Swindon Town F.C.,EFL League Two,EFL_League_Two,England
Torino_F.C.,Torino FC,Serie A,Serie_A,Italy
MFK_Tatran_Liptovsk%C3%BD_Mikul%C3%A1%C5%A1,MFK Tatran Liptovský Mikuláš,2. Liga,2._Liga_(Slovakia),Slovakia
FC_Hlu%C4%8D%C3%ADn,FC Hlučín,Moravian-Silesian Football League,Moravian-Silesian_Football_League,Czech Republic
SK_Slavia_Praha,SK Slavia Prague,Czech First League,Czech_First_League,Czech Republic
1._SK_Prost%C4%9Bjov,1. SK Prostějov,Czech National Football League,Czech_National_Football_League,Czech Republic
HFK_T%C5%99eb%C3%AD%C4%8D,HFK Třebíč,Czech National Football League,Czech_National_Football_League,Czech Republic
FK_Dukla_Prague,FK Dukla Prague,Czech First League,Czech_First_League,Czech Republic
FC_Silon_T%C3%A1borsko,FC Silon Táborsko,Czech National Football League,Czech_National_Football_League,Czech Republic
AC_Sparta_Prague_B,AC Sparta Prague B,Czech National Football League,Czech_National_Football_League,Czech Republic
FC_Sellier_%26_Bellot_Vla%C5%A1im,FC Sellier & Bellot Vlašim,Czech National Football League,Czech_National_Football_League,Czech Republic
Cimarrones_de_Sonora,Cimarrones de Sonora,Liga Premier,Liga_Premier_de_M%C3%A9xico,Mexico
Quer%C3%A9taro_F.C._Premier,Querétaro F.C. Premier,Liga Premier,Liga_Premier_de_M%C3%A9xico,Mexico
CF_Rayo_Majadahonda,CF Rayo Majadahonda,Segunda Federación,Segunda_Federaci%C3%B3n,Spain
Tigres_UANL_Premier,Tigres UANL Premier,Liga Premier,Liga_Premier_de_M%C3%A9xico,Mexico
San_Luis_F.C.,San Luis F.C.,Liga MX,Liga_MX,Mexico
AVS_Futebol_SAD,AVS Futebol SAD,Liga Portugal 2,Liga_Portugal_2,Portugal
Tacoma_Defiance,Tacoma Defiance,MLS Next Pro,MLS_Next_Pro,United States
Monarcas_Morelia,Atlético Morelia,Liga de Expansión MX,Liga_de_Expansi%C3%B3n_MX,Mexico
Coras_de_Nayarit_F.C.,Coras FC,Liga Premier,Liga_Premier_de_M%C3%A9xico,Mexico
Cafetaleros_de_Chiapas,Cafetaleros de Chiapas,Liga Premier,Liga_Premier_de_M%C3%A9xico,Mexico
Highlands_Park_F.C.,Highlands Park F.C.,SAFA Second Division Gauteng Stream,SAFA_Second_Division,South Africa
Cape_Town_City_F.C._(2016),Cape Town City F.C. (2016),National First Division,National_First_Division,South Africa
University_of_Pretoria_F.C.,University of Pretoria F.C.,National First Division,National_First_Division,South Africa
Pretoria_Callies_F.C.,Pretoria Callies F.C.,National First Division,National_First_Division,South Africa
Bizana_Pondo_Chiefs_F.C.,Bizana Pondo Chiefs F.C.,SAFA Second Division,SAFA_Second_Division,South Africa
AmaZulu_F.C.,AmaZulu F.C.,South African Premiership,South_African_Premiership,South Africa
Cercle_Brugge,Cercle Brugge KSV,Belgian Pro League,Belgian_Pro_League,Belgium
B-SAD,B-SAD,Liga Portugal 2,Liga_Portugal_2,Portugal
Santos_F.C._(South_Africa),Santos F.C. (South Africa),ABC Motsepe League,ABC_Motsepe_League,South Africa
Bloemfontein_Celtic_F.C.,Bloemfontein Celtic F.C.,SAFA Second Division,SAFA_Second_Division,South Africa
Royal_AM_F.C.,Royal AM F.C.,Premiership,South_African_Premiership,South Africa
Chippa_United_F.C.,Chippa United F.C.,South African Premiership,South_African_Premiership,South Africa
Baroka_F.C.,Baroka F.C.,First Division,National_First_Division,South Africa
Magesi_F.C.,Magesi F.C.,South African Premiership,South_African_Premiership,South Africa
Black_Leopards_F.C.,Black Leopards F.C.,National First Division,National_First_Division,South Africa
Real_Kings_F.C.,Royal AM F.C.,Premiership,South_African_Premiership,South Africa
Bidvest_Wits_F.C.,Bidvest Wits F.C.,Premiership,South_African_Premiership,South Africa
Maritzburg_United_F.C.,Durban City F.C. (2024),South African Premiership,South_African_Premiership,South Africa
Kaizer_Chiefs_F.C.,Kaizer Chiefs F.C.,South African Premiership,South_African_Premiership,South Africa
Vissel_Kobe,Vissel Kobe,J1 League,J1_League,Japan
Suwon_FC,Suwon FC,K League 2,K_League_2,South Korea
Jeju_United_FC,Jeju SK FC,K League 1,K_League_1,South Korea
Gyeongju_Korea_Hydro_%26_Nuclear_Power_FC,Gyeongju Korea Hydro & Nuclear Power FC,K3 League,K3_League,South Korea
Daejeon_Citizen_FC,Daejeon Hana Citizen,K League 1,K_League_1,South Korea
Seoul_E-Land_FC,Seoul E-Land FC,K League 2,K_League_2,South Korea
Daejeon_Citizen,Daejeon Hana Citizen,K League 1,K_League_1,South Korea
Asan_Mugunghwa,Asan Mugunghwa FC,K League 2,K_League_2,South Korea
SV_Darmstadt_98,SV Darmstadt 98,2. Bundesliga,2._Bundesliga,Germany
Pohang_Steelers,Pohang Steelers,K League 1,K_League_1,South Korea
Daejeon_Korail_FC,Daejeon Korail FC,K3 League,K3_League,South Korea
Ansan_Greeners_FC,Ansan Greeners FC,K League 2,K_League_2,South Korea
Zhejiang_Professional_F.C.,Zhejiang Professional F.C.,Chinese Super League,Chinese_Super_League,China
Suwon_Samsung_Bluewings,Suwon Samsung Bluewings,K League 2,K_League_2,South Korea
Daegu_FC,Daegu FC,K League 2,K_League_2,South Korea
FK_Igman_Konjic,FK Igman Konjic,First League of FBiH,First_League_of_the_Federation_of_Bosnia_and_Herzegovina,Bosnia and Herzegovina
HNK_Branitelj,HNK Branitelj,League of Hercegovina-Neretva Canton,League_of_Hercegovina-Neretva_Canton,Bosnia and Herzegovina
FC_Zorya_Luhansk,FC Zorya Luhansk,Ukrainian Premier League,Ukrainian_Premier_League,Ukraine
FK_Sarajevo,FK Sarajevo,Premier League BH,Premier_League_of_Bosnia_and_Herzegovina,Bosnia and Herzegovina
KV_Kortrijk,KV Kortrijk,Challenger Pro League,Challenger_Pro_League,Belgium
Jagiellonia_Bia%C5%82ystok,Jagiellonia Białystok,Ekstraklasa,Ekstraklasa,Poland
Jagiellonia_Bia%C5%82ystok_II,Jagiellonia Białystok II,"III liga, group I",III_liga,Poland
RB_Leipzig_affiliated_teams#Reserve_team,RB Leipzig affiliated teams,Regionalliga Nordost,Regionalliga_Nordost,Germany
FK_Viagem_%C3%9Ast%C3%AD_nad_Labem,FK Viagem Ústí nad Labem,Czech National Football League,Czech_National_Football_League,Czech Republic
FC_Astana,FC Astana,Premier League,Kazakhstan_Premier_League,Kazakhstan
FK_Radnik_Had%C5%BEi%C4%87i,FK Radnik Hadžići,First League of FBiH,First_League_of_the_Federation_of_Bosnia_and_Herzegovina,Bosnia and Herzegovina
NK_Bravo,NK Bravo,Slovenian PrvaLiga,Slovenian_PrvaLiga,Slovenia
Dynamo_Dresden,Dynamo Dresden,2. Bundesliga,2._Bundesliga,Germany
NK_Neretvanac_Opuzen,NK Neretvanac Opuzen,3. NL – South,Third_Football_League_(Croatia),Croatia
NK_Slaven_Belupo,NK Slaven Belupo,Croatian Football League,Croatian_Football_League,Croatia
New_England_Revolution_II,New England Revolution II,MLS Next Pro,MLS_Next_Pro,United States
NK_Osijek,NK Osijek,Croatian Football League,Croatian_Football_League,Croatia
Debreceni_VSC,Debreceni VSC,NB I,Nemzeti_Bajnoks%C3%A1g_I,Hungary
Di%C3%B3sgy%C5%91ri_VTK,Diósgyőri VTK,NB I,Nemzeti_Bajnoks%C3%A1g_I,Hungary
SC_Austria_Lustenau,SC Austria Lustenau,2. Liga (Austria),2._Liga_(Austria),Austria
SV_Ried,SV Ried,Austrian Bundesliga,Austrian_Football_Bundesliga,Austria
FK_Sloga_Doboj,FK Sloga Doboj,Premier League BH,Premier_League_of_Bosnia_and_Herzegovina,Bosnia and Herzegovina
FK_Krupa,FK Krupa,Premier League of Bosnia and Herzegovina,Premier_League_of_Bosnia_and_Herzegovina,Bosnia and Herzegovina
NK_Zvijezda_Grada%C4%8Dac,NK Zvijezda Gradačac,Second League of FBiH,Second_League_of_the_Federation_of_Bosnia_and_Herzegovina,Bosnia and Herzegovina
CS_Universitatea_Craiova,CS Universitatea Craiova,Liga I,Liga_I,Romania
FC_Universitatea_Cluj,FC Universitatea Cluj,Liga I,Liga_I,Romania
SV_Lafnitz,SV Lafnitz,Regionalliga Central,Austrian_Regionalliga_Central,Austria
K-W_United_FC,K–W United FC,Premier Development League,Premier_Development_League,United States
New_York_Red_Bulls_U-23,New York Red Bulls U-23,USL League Two,USL_League_Two,United States
Gillingham_F.C.,Gillingham F.C.,EFL League Two,EFL_League_Two,England
Kitsap_Pumas,Kitsap Pumas,USL League Two,USL_League_Two,United States
TSS_FC_Rovers,TSS FC Rovers,British Columbia Premier League,British_Columbia_Premier_League,Canada
Calgary_Foothills_FC,Calgary Foothills FC,Alberta Premier League,Alberta_Premier_League,Canada
Cavalry_FC,Cavalry FC,Canadian Premier League,Canadian_Premier_League,Canada
Leix%C3%B5es_S.C.,Leixões S.C.,Liga Portugal 2,Liga_Portugal_2,Portugal
F.C._Basel,FC Basel,Swiss Super League,Swiss_Super_League,Switzerland
Manhattan_SC,Manhattan SC,USL League Two,USL_League_Two,United States
New_York_Pancyprian-Freedoms,New York Pancyprian-Freedoms,Eastern Premier Soccer League,Eastern_Premier_Soccer_League,United States
VfB_L%C3%BCbeck,VfB Lübeck,Regionalliga Nord,Regionalliga_Nord,Germany
VfR_Neum%C3%BCnster,VfR Neumünster,Oberliga Schleswig-Holstein,Oberliga_Schleswig-Holstein,Germany
FK_Javor_Ivanjica,FK Javor Ivanjica,Serbian First League,Serbian_First_League,Serbia
Panetolikos_F.C.,Panetolikos F.C.,Super League Greece,Super_League_Greece,Greece
Black_Rock_FC,Black Rock FC,USL League Two,USL_League_Two,United States
Seacoast_United_Phantoms,Seacoast United Phantoms,USL League Two,USL_League_Two,United States
Colorado_Rapids_2,Colorado Rapids 2,MLS Next Pro,MLS_Next_Pro,United States
FC_Montreal,FC Montreal,USL Championship,USL_Championship,United States
Ottawa_Fury_FC,Ottawa Fury FC,NASL,North_American_Soccer_League_(2011%E2%80%932017),United States
Los_Angeles_FC_2,Los Angeles FC 2,MLS Next Pro,MLS_Next_Pro,United States
SC_Toronto,SC Toronto,Canadian Soccer League,Canadian_Soccer_League,Canada
NK_Trnje,NK Trnje,Second League,Second_Football_League_(Croatia),Croatia
Valletta_F.C.,Valletta F.C.,Maltese Premier League,Maltese_Premier_League,Malta
Sirens_F.C.,Sirens F.C.,Maltese Challenge League,Maltese_Challenge_League,Malta
N%C3%B5mme_Kalju_FC_U21,Nõmme Kalju FC U21,Esiliiga,Esiliiga,Estonia
N%C3%B5mme_Kalju_FC,Nõmme Kalju FC,Meistriliiga,Meistriliiga,Estonia
CF_Montr%C3%A9al_U23,CF Montréal U23,Ligue1 Québec,Ligue1_Qu%C3%A9bec,Canada
SSV_Ulm_1846,SSV Ulm 1846,3. Liga,3._Liga,Germany
S.C._Mineiro_Aljustrelense,S.C. Mineiro Aljustrelense,Beja FA,Beja_Football_Association,Portugal
Lusail_SC,Lusail SC,Qatari Stars League,Qatari_Stars_League,Qatar
Al-Gharafa_Sports_Club,Al-Gharafa SC,Qatar Stars League,Qatar_Stars_League,Qatar
Al-Ahli_(Doha),Al Ahli SC (Doha),Qatar Stars League,Qatar_Stars_League,Qatar
Al-Sadd_Sports_Club,Al Sadd SC,Qatar Stars League,Qatar_Stars_League,Qatar
Al-Sadd_SC,Al Sadd SC,Qatar Stars League,Qatar_Stars_League,Qatar
Al-Wakra_Sports_Club,Al-Wakrah SC,Qatar Stars League,Qatar_Stars_League,Qatar
CD_Calahorra_B,CD Calahorra B,Regional Preferente,Regional_Preferente_de_La_Rioja,Spain
FC_Aarau,FC Aarau,Swiss Challenge League,Swiss_Challenge_League,Switzerland
FC_Tuggen,FC Tuggen,1. Liga Classic,1._Liga_Classic,Switzerland
FC_Thun,FC Thun,Swiss Super League,Swiss_Super_League,Switzerland
Pisa_SC,Pisa SC,Serie B,Serie_B,Italy
%C3%89toile_Carouge_FC,Étoile Carouge FC,Swiss Challenge League,Swiss_Challenge_League,Switzerland
Cruzeiro_EC,Cruzeiro EC,Campeonato Brasileiro Série A,Campeonato_Brasileiro_S%C3%A9rie_A,Brazil
Fortaleza_EC,Fortaleza Esporte Clube,Campeonato Brasileiro Série B,Campeonato_Brasileiro_S%C3%A9rie_B,Brazil
Ava%C3%AD_FC,Avaí FC,Campeonato Brasileiro Série B,Campeonato_Brasileiro_S%C3%A9rie_B,Brazil
Gr%C3%AAmio_Osasco_Audax_Esporte_Clube,Grêmio Osasco Audax Esporte Clube,Campeonato Paulista Segunda Divisão,Campeonato_Paulista_Segunda_Divis%C3%A3o,Brazil
Clube_do_Remo,Clube do Remo,Campeonato Brasileiro Série A,Campeonato_Brasileiro_S%C3%A9rie_A,Brazil
Oeste_Futebol_Clube,Osasco Sporting,Campeonato Paulista Série A2,Campeonato_Paulista_S%C3%A9rie_A2,Brazil
Am%C3%A9rica_Futebol_Clube_(RN),América Futebol Clube (RN),Campeonato Brasileiro Série D,Campeonato_Brasileiro_S%C3%A9rie_D,Brazil
Botafogo_Futebol_Clube_(SP),Botafogo Futebol Clube (SP),Campeonato Brasileiro Série B,Campeonato_Brasileiro_S%C3%A9rie_B,Brazil
Associa%C3%A7%C3%A3o_Portuguesa_de_Desportos,Associação Portuguesa de Desportos,Campeonato Brasileiro Série D,Campeonato_Brasileiro_S%C3%A9rie_D,Brazil
Am%C3%A9rica_Futebol_Clube_(MG),América Futebol Clube (MG),Campeonato Brasileiro Série B,Campeonato_Brasileiro_S%C3%A9rie_B,Brazil
Clube_Atl%C3%A9tico_Paranaense,Club Athletico Paranaense,Campeonato Brasileiro Série A,Campeonato_Brasileiro_S%C3%A9rie_A,Brazil
Guaratinguet%C3%A1_Futebol,Guaratinguetá Futebol,Campeonato Paulista Série A2,Campeonato_Paulista_S%C3%A9rie_A2,Brazil
Pitua%C3%A7u_Futebol_Clube_Cajazeiras,Jacobinense Esporte Clube,Campeonato Brasileiro Série D,Campeonato_Brasileiro_S%C3%A9rie_D,Brazil
Ituano_FC,Ituano FC,Campeonato Brasileiro Série C,Campeonato_Brasileiro_S%C3%A9rie_C,Brazil
G.D._Ribeir%C3%A3o,G.D. Ribeirão,Portuguese Second Division,Portuguese_Second_Division,Portugal
Club_Sportivo_Sergipe,Club Sportivo Sergipe,Campeonato Brasileiro Série D,Campeonato_Brasileiro_S%C3%A9rie_D,Brazil
PFC_Ludogorets_Razgrad_II,PFC Ludogorets Razgrad II,Second League,Second_Professional_Football_League_(Bulgaria),Bulgaria
FC_Tsarsko_Selo_Sofia,FC Tsarsko Selo Sofia,First Professional Football League,First_Professional_Football_League_(Bulgaria),Bulgaria
Racing_CH,Racing CH,Ligue Haïtienne,Ligue_Ha%C3%AFtienne,Haiti
Baltimore_SC,Baltimore SC,Ligue Haïtienne,Ligue_Ha%C3%AFtienne,Haiti
Miami_United,Miami United FC,United Premier Soccer League,United_Premier_Soccer_League,United States
Santiago_Morning,Santiago Morning,Segunda División Profesional,Segunda_Divisi%C3%B3n_Profesional_de_Chile,Chile
Deportes_Magallanes,Deportes Magallanes,Primera B,Primera_B_de_Chile,Chile
Mushuc_Runa_S.C.,Mushuc Runa,Ecuadorian Serie A,Ecuadorian_Serie_A,Ecuador
New_Mexico_United,New Mexico United,USL Championship,USL_Championship,United States
El_Paso_Locomotive_FC,El Paso Locomotive FC,USL Championship,USL_Championship,United States
US_Chang%C3%A9,US Changé,Régional 1,R%C3%A9gional_1,France
Olympique_Saint-Quentin,Olympique Saint-Quentin,National 2,Championnat_National_2,France
Kerala_Blasters_FC,Kerala Blasters FC,Indian Super League,Indian_Super_League,India
US_Quevilly-Rouen,US Quevilly-Rouen Métropole,Ligue 3,Ligue_3,France
FC_Annecy,FC Annecy,Ligue 2,Ligue_2,France
Ocean_City_Nor%27easters,Ocean City Nor'easters,USL League Two,USL_League_Two,United States
Indy_Eleven,Indy Eleven,USL Championship,USL_Championship,United States
Orange_County_SC,Orange County SC,USL Championship,USL_Championship,United States
Reno_1868_FC,Reno 1868 FC,USL Championship,USL_Championship,United States
Charlotte_Independence,Charlotte Independence,USL League One,USL_League_One,United States
Sacramento_Republic_FC,Sacramento Republic FC,USL Championship,USL_Championship,United States
CS_Fabrose,FC Laval,Ligue1 Québec,Ligue1_Qu%C3%A9bec,Canada
AS_Blainville,A.S. Blainville,Ligue1 Québec,Ligue1_Qu%C3%A9bec,Canada
Forge_FC,Forge FC,Canadian Premier League,Canadian_Premier_League,Canada
A.S._Roma,AS Roma,Serie A,Serie_A,Italy
TSV_Hartberg,TSV Hartberg,Austrian Bundesliga,Austrian_Football_Bundesliga,Austria
Le_Puy_Foot_43_Auvergne,Le Puy Foot 43 Auvergne,Ligue 3,Ligue_3,France
Ferencv%C3%A1rosi_TC,Ferencvárosi TC,NB I,Nemzeti_Bajnoks%C3%A1g_I,Hungary
FC_Bastia-Borgo,FC Borgo,Championnat National 1,Championnat_National_1,France
FC_Polissya_Zhytomyr,FC Polissya Zhytomyr,Ukrainian Premier League,Ukrainian_Premier_League,Ukraine
US_Quevilly-Rouen_M%C3%A9tropole,US Quevilly-Rouen Métropole,Ligue 3,Ligue_3,France
Reading_United_AC,Reading United AC,USL League Two,USL_League_Two,United States
Stade_Brestois_29,Stade Brestois 29,Ligue 1,Ligue_1,France
Vit%C3%B3ria_F.C.,Vitória F.C.,Liga Portugal 2,Liga_Portugal_2,Portugal
Uni%C3%A3o_Santar%C3%A9m,União de Santarém,Liga 3,Liga_3_(Portugal),Portugal
FC_Cosmos_Koblenz,FC Cosmos Koblenz,Oberliga Rheinland-Pfalz/Saar,Oberliga_Rheinland-Pfalz/Saar,Germany
Akritas_Chlorakas,Akritas Chlorakas,Second Division,Cypriot_Second_Division,Cyprus
FK_Auda,FK Auda,Virslīga,Latvian_Higher_League,Latvia
FCM_Aubervilliers,FCM Aubervilliers,National 1,Championnat_National_1,France
SD_Navarro_CF,SD Navarro CF,Tercera Federación,Tercera_Federaci%C3%B3n,Spain
Paide_Linnameeskond_U21,Paide Linnameeskond U21,II liiga,II_liiga,Estonia
Paide_Linnameeskond,Paide Linnameeskond,Meistriliiga,Meistriliiga,Estonia
FC_Dinamo_Tbilisi,FC Dinamo Tbilisi,Erovnuli Liga,Erovnuli_Liga,Georgia
1._FC_Tatran_Pre%C5%A1ov,1. FC Tatran Prešov,2. Liga,2._Liga_(Slovakia),Slovakia
Real_Hope_FA,Real Hope FA,Ligue Haïtienne,Ligue_Ha%C3%AFtienne,Haiti
Paris_Saint-Germain,Paris Saint-Germain FC,Ligue 1,Ligue_1,France
FUS_de_Rabat,Fath Union Sport,Botola Pro,Botola_Pro,Morocco
Club_Brugge,Club Brugge KV,Belgian Pro League,Belgian_Pro_League,Belgium
RC_Strasbourg_Alsace_Academy,RC Strasbourg Alsace Academy,Championnat National 3,Championnat_National_3,France
%C3%89toile_de_Casablanca,EJS Casablanca,Amateurs I,Amateur_National,Morocco
AD_Ceuta_B,AD Ceuta B,Segunda Federación,Segunda_Federaci%C3%B3n,Spain
UD_Almer%C3%ADa_B,UD Almería B,Segunda Federación,Segunda_Federaci%C3%B3n,Spain
UD_Melilla_B,UD Melilla B,Tercera Federación,Tercera_Federaci%C3%B3n,Spain
CD_Numancia,CD Numancia,Segunda Federación,Segunda_Federaci%C3%B3n,Spain
RWDM47,RWDM Brussels,Belgian Division 1,Belgian_Division_1,Belgium
FC_Istres,Istres FC,National 1,Championnat_National_1,France
Olympique_Al%C3%A8s,Olympique Alès,National 3,Championnat_National_3,France
FC_S%C3%A8te_34,SC Sète,Régional 2,French_football_league_system#Regional_leagues,France
CE_Sabadell_FC,CE Sabadell FC,Primera Federación,Primera_Federaci%C3%B3n,Spain
Fath_Union_Sport,Fath Union Sport,Botola Pro,Botola_Pro,Morocco
Racing_de_Casablanca,Racing de Casablanca,Botola Pro 2,Botola_Pro_2,Morocco
Hebei_F.C.,Hebei F.C.,Chinese Super League,Chinese_Super_League,China
SpVgg_Erkenschwick,SpVgg Erkenschwick,Oberliga Westfalen,Oberliga_Westfalen,Germany
IR_Tanger,IR Tangier,Botola Pro,Botola_Pro,Morocco
Maghreb_de_F%C3%A8s,Maghreb of Fez,Botola Pro,Botola_Pro,Morocco
MA_T%C3%A9touan,MA Tétouan,Botola Pro 2,Botola_Pro_2,Morocco
AS_FAR,AS FAR,Botola Pro,Botola_Pro,Morocco
AS_Nancy-Lorraine,AS Nancy Lorraine,Ligue 2,Ligue_2,France
Helmond_Sport,Helmond Sport,Eerste Divisie,Eerste_Divisie,Netherlands
Mudgeeraba_S.C.,Mudgeeraba S.C.,Football Queensland Premier League,Football_Queensland_Premier_League,Australia
Merrimac_FC,Merrimac F.C.,Football Queensland Premier League,Football_Queensland_Premier_League,Australia
Queen_of_the_South_F.C.,Queen of the South F.C.,Scottish League One,Scottish_League_One,Scotland
Redlands_United_FC,Redlands United FC,FQPL,Football_Queensland_Premier_League,Australia
Palm_Beach_SC,Palm Beach SC,FQPL 3 − South Coast,Football_Queensland_Premier_League_3_%E2%88%92_South_Coast,Australia
Surfers_Paradise_Apollo_SC,Surfers Paradise Apollo S.C.,FQLD 3 – South Coast,Football_Queensland_Premier_League_3_%E2%88%92_South_Coast,Australia
Oadby_Town_F.C.,GNG Oadby Town F.C.,Midland League,Midland_Football_League,England
Ilkeston_F.C.,Ilkeston F.C.,Northern Premier League,Northern_Premier_League,England
Inverness_Caledonian_Thistle_F.C.,Inverness Caledonian Thistle F.C.,Scottish Championship,Scottish_Championship,Scotland
Partick_Thistle_F.C.,Partick Thistle F.C.,Scottish Championship,Scottish_Championship,Scotland
Dundee_F.C.,Dundee F.C.,Scottish Premiership,Scottish_Premiership,Scotland
K.V._Oostende,KV Oostende,Belgian Pro League,Belgian_Pro_League,Belgium
U.S._Cremonese,US Cremonese,Serie B,Serie_B,Italy
Al-Ettifaq_Club,Al-Ettifaq Club,Saudi Pro League,Saudi_Pro_League,Saudi Arabia
Ardeer_Thistle_F.C.,Ardeer Thistle F.C.,West of Scotland League Second Division,West_of_Scotland_Football_League#Second_Division,Scotland
Kilwinning_Rangers_F.C.,Kilwinning Rangers F.C.,Lowland League West,Lowland_Football_League#Lowland_League_West,Scotland
Albion_Rovers_F.C.,Albion Rovers F.C.,Lowland League West,Lowland_Football_League#Lowland_League_West,Scotland
Hemel_Hempstead_Town_F.C.,Hemel Hempstead Town F.C.,National League South,National_League_South,England
Basingstoke_Town_F.C.,Basingstoke Town F.C.,Southern League,Southern_Football_League,England
Dagenham_%26_Redbridge_F.C.,Dagenham & Redbridge F.C.,National League South,National_League_South,England
Aldershot_Town_F.C.,Aldershot Town F.C.,National League,National_League_(division),England
Hamilton_Academical_F.C.,Hamilton Academical F.C.,Scottish League One,Scottish_League_One,Scotland
Dunfermline_Athletic_F.C.,Dunfermline Athletic F.C.,Scottish Championship,Scottish_Championship,Scotland
Greenock_Morton_F.C.,Greenock Morton F.C.,Scottish Championship,Scottish_Championship,Scotland
Cowdenbeath_F.C.,Cowdenbeath F.C.,Lowland League East,Lowland_Football_League#Lowland_League_East,Scotland
Arbroath_F.C.,Arbroath F.C.,Scottish Championship,Scottish_Championship,Scotland
St_Johnstone_F.C.,St Johnstone F.C.,Scottish Premiership,Scottish_Premiership,Scotland
Blacktown_City_FC,Blacktown City FC,NPL NSW,National_Premier_Leagues_NSW,Australia
Perth_Glory_FC_Youth,Perth Glory FC Youth,NPL Western Australia,National_Premier_Leagues_Western_Australia,Australia
Perth_Glory_FC_NPL,Perth Glory FC Youth,NPL Western Australia,National_Premier_Leagues_Western_Australia,Australia
JEF_United_Chiba,JEF United Chiba,J1 League,J1_League,Japan
Albirex_Niigata,Albirex Niigata,J2 League,J2_League,Japan
Bulleen_Lions,FC Bulleen Lions,Victoria Premier League 1,Victoria_Premier_League_1,Australia
Adelaide_United,Adelaide United FC,A-League Men,A-League_Men,Australia
FSV_Frankfurt_II,FSV Frankfurt II,Regionalliga Südwest,Regionalliga_S%C3%BCdwest,Germany
Campbelltown_City_SC,Campbelltown City SC,NPL South Australia,National_Premier_Leagues_South_Australia,Australia
Esbjerg_fB,Esbjerg fB,1st Division,Danish_1st_Division,Denmark
Sutherland_Sharks_FC,Sutherland Sharks FC,NPL NSW,National_Premier_Leagues_NSW,Australia
Western_Sydney_Wanderers_FC_Youth,Western Sydney Wanderers FC Youth,National Premier Leagues NSW,National_Premier_Leagues_NSW,Australia
Sydney_FC_Youth,Sydney FC Youth,National Premier Leagues NSW,National_Premier_Leagues_NSW,Australia
Brisbane_Roar_FC_NPL,Brisbane Roar FC Youth,NPL Queensland,National_Premier_Leagues_Queensland,Australia
Green_Gully,Green Gully SC,NPL Victoria,National_Premier_Leagues_Victoria,Australia
Hume_City_FC,Hume City FC,NPL Victoria,National_Premier_Leagues_Victoria,Australia
Al_Nassr,Al-Nassr FC,Saudi Pro League,Saudi_Pro_League,Saudi Arabia
Cheltenham_Town_F.C.,Cheltenham Town F.C.,EFL League Two,EFL_League_Two,England
Bury_F.C.,Bury F.C.,Northern Premier League,Northern_Premier_League,England
Frankston_Pines_FC,Frankston Pines SC,State League Division 4-South,Victorian_State_League_Division_4,Australia
Melbourne_Victory_FC_Youth,Melbourne Victory FC Youth,NPL Victoria,National_Premier_Leagues_Victoria,Australia
Brisbane_Roar_FC_Youth,Brisbane Roar FC Youth,NPL Queensland,National_Premier_Leagues_Queensland,Australia
Adelaide_Comets_FC,Adelaide Comets FC,NPL South Australia,National_Premier_Leagues_South_Australia,Australia
Newcastle_Jets_FC_NPL,Newcastle Jets FC Youth,NSW League One,National_Premier_Leagues_NSW_2,Australia
Vaasan_Palloseura,Vaasan Palloseura,Veikkausliiga,Veikkausliiga,Finland
Kuopion_Palloseura,Kuopion Palloseura,Veikkausliiga,Veikkausliiga,Finland
Figueirense_FC,Figueirense FC,Campeonato Brasileiro Série C,Campeonato_Brasileiro_S%C3%A9rie_C,Brazil
Club_Cerro_Porte%C3%B1o_(Presidente_Franco),Club Cerro Porteño (Presidente Franco),Primera B Nacional,Paraguayan_Tercera_Divisi%C3%B3n,Paraguay
Club_River_Plate_(Asunci%C3%B3n),Club River Plate (Asunción),Primera B Metropolitana,Primera_Divisi%C3%B3n_B_Metropolitana,Paraguay
Club_Sportivo_San_Lorenzo,Club Sportivo San Lorenzo,Primera División,Paraguayan_Primera_Divisi%C3%B3n,Paraguay
N%C3%AEmes_Olympique,Nîmes Olympique,Championnat National 1,Championnat_National_1,France
A.C._Milan,AC Milan,Serie A,Serie_A,Italy
Al_Taawoun_FC,Al Taawoun FC,Saudi Pro League,Saudi_Pro_League,Saudi Arabia
Independiente_Rivadavia,Independiente Rivadavia,Primera División,Argentine_Primera_Divisi%C3%B3n,Argentina
LDU_Quito,LDU Quito,Ecuadorian Serie A,Ecuadorian_Serie_A,Ecuador
Club_Atl%C3%A9tico_Tembetary,Club Atlético Tembetary,División Intermedia,Paraguayan_Divisi%C3%B3n_Intermedia,Paraguay
Defensores_de_Cambaceres,Defensores de Cambaceres,Primera C,Primera_C,Argentina
Club_Atl%C3%A9tico_Tigre,Club Atlético Tigre,Primera División,Argentine_Primera_Divisi%C3%B3n,Argentina
Gimnasia_y_Esgrima_de_La_Plata,Club de Gimnasia y Esgrima La Plata,Primera División,Argentine_Primera_Divisi%C3%B3n,Argentina
Independiente_F.B.C.,Independiente F.B.C.,División Intermedia,Paraguayan_Divisi%C3%B3n_Intermedia,Paraguay
Club_General_D%C3%ADaz_(Luque),Club General Díaz (Luque),Primera B,Primera_Divisi%C3%B3n_B_Metropolitana,Paraguay
Deportes_Concepci%C3%B3n_(Chile),Deportes Concepción (Chile),Liga de Primera,Liga_de_Primera,Chile
Crucero_del_Norte,Crucero del Norte,Torneo Federal A,Torneo_Federal_A,Argentina
Club_Atl%C3%A9tico_Nueva_Chicago,Club Atlético Nueva Chicago,Primera Nacional,Primera_Nacional,Argentina
Club_Atl%C3%A9tico_Patronato,Club Atlético Patronato,Primera Nacional,Primera_Nacional,Argentina
Deportivo_Capiat%C3%A1,Club Deportivo Capiatá,División Intermedia,Paraguayan_Divisi%C3%B3n_Intermedia,Paraguay
G.D._Santa_Cruz_de_Alvarenga,G.D. Santa Cruz de Alvarenga,Portuguese District Championships,Portuguese_District_Championships,Portugal
Deportivo_Santan%C3%AD,Deportivo Santaní,División Intermedia,Paraguayan_Divisi%C3%B3n_Intermedia,Paraguay
Esporte_Clube_Juventude,Esporte Clube Juventude,Campeonato Brasileiro Série B,Campeonato_Brasileiro_S%C3%A9rie_B,Brazil
Cuiab%C3%A1_Esporte_Clube,Cuiabá Esporte Clube,Campeonato Brasileiro Série B,Campeonato_Brasileiro_S%C3%A9rie_B,Brazil
Club_Guaran%C3%AD,Club Guaraní,División de Honor,APF_Divisi%C3%B3n_de_Honor,Paraguay
Atyr%C3%A1_F.C.,Atyrá F.C.,Primera B Nacional,Paraguayan_Primera_Divisi%C3%B3n_B_Nacional,Paraguay
Resistencia_S.C.,Resistencia S.C.,División Intermedia,Paraguayan_Divisi%C3%B3n_Intermedia,Paraguay
Karacabey_Birlikspor,Karacabey Belediyespor,TFF 2. Lig,TFF_2._Lig,Turkey
%C4%B0stanbulspor,İstanbulspor,TFF 1. Lig,TFF_1._Lig,Turkey
A.C._Alcanenense,A.C. Alcanenense,Portuguese District Championships,Portuguese_District_Championships,Portugal
Alt%C4%B1nordu_F.K.,Altınordu F.K.,TFF 2. Lig,TFF_2._Lig,Turkey
BB_Bodrumspor,Bodrum F.K.,TFF 1. Lig,TFF_1._Lig,Turkey
24_Erzincanspor,24 Erzincanspor,TFF 2. Lig,TFF_2._Lig,Turkey
Hammarby_Talang_FF,Hammarby Talang FF,Ettan,Ettan_Fotboll,Sweden
Silivrispor,Silivrispor,TFF Third League,TFF_Third_League,Turkey
1922_Konyaspor,1922 Konyaspor,TFF Third League,TFF_Third_League,Turkey
Denizlispor,Denizlispor,Denizli Super Amateur League,Super_Amateur_Leagues,Turkey
Altay_S.K.,Altay S.K.,TFF 3. Lig,TFF_3._Lig,Turkey
G%C3%B6lc%C3%BCkspor,Gölcükspor,TFF 3. Lig,TFF_3._Lig,Turkey
Bal%C4%B1kesirspor,Balıkesirspor,TFF Third League,TFF_Third_League,Turkey
Hacettepe_S.K.,Hacettepe S.K.,Ankara Amateur First Division,Amateur_First_Division,Turkey
Ankara_Demirspor,Ankara Demirspor,TFF 2. Lig,TFF_2._Lig,Turkey
Ankara_Ke%C3%A7i%C3%B6reng%C3%BCc%C3%BC,Ankara Keçiörengücü S.K.,TFF 1. Lig,TFF_1._Lig,Turkey
U.S._Sassuolo_Calcio,US Sassuolo Calcio,Serie A,Serie_A,Italy
1461_Trabzon,1461 Trabzon,Turkish Regional Amateur League,Turkish_Regional_Amateur_League,Turkey
Bucaspor,Bucaspor,TFF 1. Lig,TFF_1._Lig,Turkey
Bucaspor_1928,Bucaspor 1928,TFF 3. Lig,TFF_3._Lig,Turkey
Arsinspor,Arsinspor,Regional Amateur League,Turkish_Regional_Amateur_League,Turkey
Sancaktepe_FK,Sancaktepe FK,Turkish Regional Amateur League,Turkish_Regional_Amateur_League,Turkey
%C5%9Eanl%C4%B1urfaspor,Şanlıurfaspor,TFF 2. Lig,TFF_2._Lig,Turkey
Ankara_Ke%C3%A7i%C3%B6reng%C3%BCc%C3%BC_S.K.,Ankara Keçiörengücü S.K.,TFF 1. Lig,TFF_1._Lig,Turkey
Jersey_Express_S.C.,Jersey Express S.C.,Premier Development League,Premier_Development_League,United States
Richmond_Kickers,Richmond Kickers,USL League One,USL_League_One,United States
Boston_Bolts_(USL),Boston Bolts (USL),USL League Two,USL_League_Two,United States
Chicago_Fire_Premier,Chicago Fire U-23,Premier Development League,Premier_Development_League,United States
Washington_Crossfire,Crossfire Redmond,NPSL,National_Premier_Soccer_League,United States
Seattle_Sounders_FC_2,Tacoma Defiance,MLS Next Pro,MLS_Next_Pro,United States
San_Jose_Earthquakes_II,San Jose Earthquakes II,MLS Next Pro,MLS_Next_Pro,United States
Columbus_Crew_2,Columbus Crew 2,MLS Next Pro,MLS_Next_Pro,United States
New_York_Cosmos_(2013%E2%80%932020),New York Cosmos (2013–2020),North American Soccer League (2011–2017),North_American_Soccer_League_(2011%E2%80%932017),United States
SV_Sandhausen,SV Sandhausen,Regionalliga Südwest,Regionalliga_S%C3%BCdwest,Germany
S%C3%B8nderjyske_Fodbold,Sønderjyske Fodbold,Superliga,Danish_Superliga,Denmark
Bethlehem_Steel_FC,Philadelphia Union II,MLS Next Pro,MLS_Next_Pro,United States
Chicago_Fire_FC_II,Chicago Fire FC II,MLS Next Pro,MLS_Next_Pro,United States
Go_Ahead_Eagles,Go Ahead Eagles,Eredivisie,Eredivisie,Netherlands
VV_Smitshoek,VV Smitshoek,Vierde Divisie,Vierde_Divisie,Netherlands
Kozakken_Boys,Kozakken Boys,Tweede Divisie,Tweede_Divisie,Netherlands
SC_Preu%C3%9Fen_M%C3%BCnster,SC Preußen Münster,3. Liga,3._Liga,Germany
Willem_II_Tilburg,Willem II Tilburg,Eredivisie,Eredivisie,Netherlands
Hapoel_Tel_Aviv_F.C.,Hapoel Tel Aviv F.C.,Israeli Premier League,Israeli_Premier_League,Israel
Al-Wehda_FC,Al Wehda FC,First Division League,Saudi_First_Division_League,Saudi Arabia
Brighton_and_Hove_Albion_F.C.,Brighton & Hove Albion F.C.,Premier League,Premier_League,England
Cangzhou_Mighty_Lions_F.C.,Cangzhou Mighty Lions F.C.,Chinese Super League,Chinese_Super_League,China
CF_Intercity,CF Intercity,Segunda Federación,Segunda_Federaci%C3%B3n,Spain
Cardiff_City_F.C.,Cardiff City F.C.,EFL Championship,EFL_Championship,England
Band%C4%B1rmaspor,Bandırmaspor,TFF 1. Lig,TFF_1._Lig,Turkey
Rotherham_United,Rotherham United F.C.,EFL League Two,EFL_League_Two,England
VV_Hoogeveen,VV Hoogeveen,Derde Divisie,Derde_Divisie,Netherlands
Sabah_FC_(Azerbaijan),Sabah FK (Azerbaijan),Azerbaijan Premier League,Azerbaijan_Premier_League,Azerbaijan
SBV_Excelsior,Excelsior Rotterdam,Eredivisie,Eredivisie,Netherlands
FC_Eindhoven,FC Eindhoven,Eerste Divisie,Eerste_Divisie,Netherlands
1._FC_Kaiserslautern_II,1. FC Kaiserslautern II,Regionalliga Südwest,Regionalliga_S%C3%BCdwest,Germany
Persis_Solo,Persis Solo,Championship,Championship_(Indonesia),Indonesia
Terengganu_FC,Terengganu FC,Malaysia Super League,Malaysia_Super_League,Malaysia
FC_Den_Bosch,FC Den Bosch,Eerste Divisie,Eerste_Divisie,Netherlands
USV_Hercules,USV Hercules,Derde Divisie,Derde_Divisie,Netherlands
IJsselmeervogels,IJsselmeervogels,Tweede Divisie,Tweede_Divisie,Netherlands
Quilmes_Atl%C3%A9tico_Club,Quilmes Atlético Club,Primera Nacional,Primera_Nacional,Argentina
Rangers_de_Talca,Rangers de Talca,Primera B,Primera_B_de_Chile,Chile
Club_Universidad_de_Chile,Club Universidad de Chile,Liga de Primera,Liga_de_Primera,Chile
LDU_Portoviejo,L.D.U. Portoviejo,Serie B,Ecuadorian_Serie_B,Ecuador
Barcelona_S.C.,Barcelona S.C.,Ecuadorian Serie A,Ecuadorian_Serie_A,Ecuador
Granada_CF_B,Recreativo Granada,Tercera Federación,Tercera_Federaci%C3%B3n,Spain
%C5%9Al%C4%85sk_Wroc%C5%82aw,Śląsk Wrocław,Ekstraklasa,Ekstraklasa,Poland
Rak%C3%B3w_Cz%C4%99stochowa,Raków Częstochowa,Ekstraklasa,Ekstraklasa,Poland
Imbabura_S.C.,Imbabura Sporting Club,Ecuadorian Serie A,Ecuadorian_Serie_A,Ecuador
C.S._Emelec,Club Sport Emelec,Ecuadorian Serie A,Ecuadorian_Serie_A,Ecuador
Cercle_Brugge_K.S.V.,Cercle Brugge KSV,Belgian Pro League,Belgian_Pro_League,Belgium
C.D._El_Nacional,Club Deportivo El Nacional,Serie B,Ecuadorian_Serie_B,Ecuador
Alianza_Cotopaxi_S.C.,C.D. Independiente Juniors,Serie B,Ecuadorian_Serie_B,Ecuador
FC_Shakhtar_Donetsk,FC Shakhtar Donetsk,Ukrainian Premier League,Ukrainian_Premier_League,Ukraine
Guayaquil_City_F.C.,Guayaquil City F.C.,LigaPro Serie A,LigaPro_Serie_A,Ecuador
Rayo_Cantabria,Rayo Cantabria,Segunda Federación,Segunda_Federaci%C3%B3n,Spain
Manta_F.C.,Manta F.C.,Serie A,Ecuadorian_Serie_A,Ecuador
Hannover_96_II,Hannover 96 II,Regionalliga Nord,Regionalliga_Nord,Germany
Karlsruher_SC_II,Karlsruher SC II,Oberliga Baden-Württemberg,Oberliga_Baden-W%C3%BCrttemberg,Germany
FC_Ingolstadt_04_II,FC Ingolstadt 04 II,Bayernliga Nord,Bayernliga_Nord,Germany
SC_Paderborn_07,SC Paderborn 07,Bundesliga,Bundesliga,Germany
TSV_Havelse,TSV Havelse,3. Liga,3._Liga,Germany
Eintracht_Braunschweig_II,Eintracht Braunschweig II,Landesliga Braunschweig,Landesliga_Braunschweig,Germany
SV_Meppen,SV Meppen,Regionalliga Nord,Regionalliga_Nord,Germany
Burgos_CF,Burgos CF,Segunda División,Segunda_Divisi%C3%B3n,Spain
F.C._Porto_B,FC Porto B,Liga Portugal 2,Liga_Portugal_2,Portugal
Stella_Club_d%27Adjam%C3%A9,Stella Club d'Adjamé,Ligue 1,Ligue_1_(Ivory_Coast),Ivory Coast
CD_Legan%C3%A9s_B,CD Leganés B,Tercera Federación,Tercera_Federaci%C3%B3n,Spain
Montpellier_HSC_II,Montpellier HSC,Ligue 2,Ligue_2,France
Poitiers_FC,Stade Poitevin FC,National 3,Championnat_National_3,France
US_Orl%C3%A9ans,US Orléans,Ligue 3,Ligue_3,France
Africa_Sports_d%27Abidjan,Africa Sports d'Abidjan,Ligue 2,Ligue_2_(Ivory_Coast),Ivory Coast
Beitar_Tel_Aviv_Bat_Yam_F.C.,Beitar Tel Aviv Holon F.C.,Israeli Premier League,Israeli_Premier_League,Israel
Maccabi_Netanya_F.C.,Maccabi Netanya F.C.,Israeli Premier League,Israeli_Premier_League,Israel
Urawa_Red_Diamonds,Urawa Red Diamonds,J1 League,J1_League,Japan
Giravanz_Kitakyushu,Giravanz Kitakyushu,J3 League,J3_League,Japan
Matsumoto_Yamaga,Matsumoto Yamaga FC,J3 League,J3_League,Japan
Sanfrecce_Hiroshima,Sanfrecce Hiroshima,J1 League,J1_League,Japan
Gamba_Osaka_U-23,Gamba Osaka U-23,J3 League,J3_League,Japan
Shimizu_S-Pulse,Shimizu S-Pulse,J1 League,J1_League,Japan
Yokohama_FC,Yokohama FC,J2 League,J2_League,Japan
Cerezo_Osaka_U-23,Cerezo Osaka U-23,J3 League,J3_League,Japan
Cerezo_Osaka,Cerezo Osaka,J1 League,J1_League,Japan
Avispa_Fukuoka,Avispa Fukuoka,J1 League,J1_League,Japan
Excelsior_Rotterdam,Excelsior Rotterdam,Eredivisie,Eredivisie,Netherlands
Alemannia_Aachen,Alemannia Aachen,3. Liga,3._Liga,Germany
IFK_Liding%C3%B6_Fotboll,IFK Lidingö Fotboll,Division 3,Division_3_(Swedish_football),Sweden
Degerfors_IF,Degerfors IF,Allsvenskan,Allsvenskan,Sweden
Friska_Viljor_FC,Friska Viljor FC,Ettan Norra,Division_1_(Swedish_football),Sweden
Sandvikens_IF,Sandvikens IF,Superettan,Superettan,Sweden
Assyriska_FF,Assyriska FF,Ettan Fotboll,Ettan_Fotboll,Sweden
IK_Sirius_Fotboll,IK Sirius Fotboll,Allsvenskan,Allsvenskan,Sweden
Lech_Pozna%C5%84,Lech Poznań,Ekstraklasa,Ekstraklasa,Poland
Jonsereds_IF,Jonsereds IF,Division 3,Swedish_Division_3,Sweden
S%C3%A4vedalens_IF,Sävedalens IF,Division 2 Norra Götaland,Swedish_Football_Division_2,Sweden
%C3%96rgryte_IS,Örgryte IS,Allsvenskan,Allsvenskan,Sweden
IK_Oddevold,IK Oddevold,Superettan,Superettan,Sweden
Falkenbergs_FF,Falkenbergs FF,Superettan,Superettan,Sweden
SV_Wehen_Wiesbaden,SV Wehen Wiesbaden,3. Liga,3._Liga,Germany
Sundbybergs_IK,Sundbybergs IK,Division 3 Norra Svealand,Swedish_football_Division_3,Sweden
IFK_Stocksund,IFK Stocksund,Ettan Fotboll,Ettan_Fotboll,Sweden
V%C3%A4ster%C3%A5s_SK_FK,Västerås SK Fotboll,Allsvenskan,Allsvenskan,Sweden
CO_M%C3%A9denine,CO Médenine,Tunisian Ligue Professionnelle 1,Tunisian_Ligue_Professionnelle_1,Tunisia
JS_Kairouan,JS Kairouan,Tunisian Ligue Professionnelle 1,Tunisian_Ligue_Professionnelle_1,Tunisia
Benevento_Calcio,Benevento Calcio,Serie C,Serie_C,Italy
AS_Cannes,AS Cannes,Ligue 1,Ligue_1,France
Chamois_Niortais_F.C.,Chamois Niortais FC,Ligue 1,Ligue_1,France
C.D._Trofense,C.D. Trofense,Liga 3,Liga_3_(Portugal),Portugal
HSV_Barmbek-Uhlenhorst,HSV Barmbek-Uhlenhorst,Landesliga Hamburg-Hammonia,Landesliga_Hamburg-Hammonia,Germany
FC_Eintracht_Norderstedt_03,FC Eintracht Norderstedt 03,Regionalliga Nord,Regionalliga_Nord,Germany
Degache,Degache,Tunisian Ligue Professionnelle 2,Tunisian_Ligue_Professionnelle_2,Tunisia
Tozeur,Tozeur,Tunisian Ligue Professionnelle 2,Tunisian_Ligue_Professionnelle_2,Tunisia
Al-Najaf_FC,Al-Najaf SC,Iraqi Premier Division League,Iraqi_Premier_Division_League,Iraq
FC_Dynamo_Makhachkala,FC Dynamo Makhachkala,Russian Premier League,Russian_Premier_League,Russia
CA_Bizertin,CA Bizertin,Tunisian Ligue Professionnelle 1,Tunisian_Ligue_Professionnelle_1,Tunisia
RB_Leipzig_II,RB Leipzig affiliated teams,Regionalliga Nordost,Regionalliga_Nordost,Germany
Whitecaps_FC_Academy,Whitecaps FC Academy,British Columbia Premier League,British_Columbia_Premier_League,Canada
Olympique_B%C3%A9ja,Olympique Béja,Tunisian Ligue Professionnelle 1,Tunisian_Ligue_Professionnelle_1,Tunisia
AS_Soliman,AS Soliman,Tunisian Ligue Professionnelle 2,Tunisian_Ligue_Professionnelle_2,Tunisia
CS_Hammam-Lif,CS Hammam-Lif,Ligue 2,Tunisian_Ligue_Professionnelle_2,Tunisia
Knattspyrnuf%C3%A9lag_Reykjav%C3%ADkur,Knattspyrnufélag Reykjavíkur,Besta deild karla,Besta_deild_karla,Iceland
ES_Hammam_Sousse,ES Hammam Sousse,Ligue 2,Tunisian_Ligue_Professionnelle_2,Tunisia
Akademisk_Boldklub,Akademisk Boldklub,Danish 2nd Division,Danish_2nd_Division,Denmark
Tromsdalen_UIL,Tromsdalen UIL,2. divisjon,Norwegian_Second_Division,Norway
Celtic_FC,Celtic F.C.,Scottish Premiership,Scottish_Premiership,Scotland
KVC_Westerlo,KVC Westerlo,Belgian Pro League,Belgian_Pro_League,Belgium
Tianjin_Quanjian_F.C.,Tianjin Tianhai F.C.,Chinese Super League,Chinese_Super_League,China
Jong_Genk,KRC Genk,Belgian Pro League,Belgian_Pro_League,Belgium
Royal_Excelsior_Virton,Royal Excelsior Virton,Belgian Division 1,Belgian_Division_1,Belgium
Juventus_FC_Under-23,Juventus Next Gen,Serie C,Serie_C,Italy
Lommel_SK,Lommel SK,Belgian Pro League,Belgian_Pro_League,Belgium
KSC_Lokeren_Oost-Vlaanderen,KSC Lokeren Oost-Vlaanderen,Belgian Pro League,Belgian_Pro_League,Belgium
Petrojet_SC,Petrojet SC,Egyptian Premier League,Egyptian_Premier_League,Egypt
El_Mansoura_SC,El Mansoura SC,Egyptian Second Division B,Egyptian_Second_Division_B,Egypt
Sporting_Clube_de_Portugal,Sporting CP,Primeira Liga,Primeira_Liga,Portugal
Sporting_Clube_de_Portugal_B,Sporting CP B,Liga Portugal 2,Liga_Portugal_2,Portugal
Future_FC,Modern Sport FC,Egyptian Premier League,Egyptian_Premier_League,Egypt
Gomhoriat_Shebin_SC,Gomhoriat Shebin SC,Egyptian Second Division,Egyptian_Second_Division,Egypt
ENPPI_SC,ENPPI SC,Egyptian Premier League,Egyptian_Premier_League,Egypt
Ala%27ab_Damanhour_SC,Ala'ab Damanhour SC,Egyptian Third Division,Egyptian_Third_Division,Egypt
Yeni_Malatyaspor,Yeni Malatyaspor,TFF 3. Lig,TFF_3._Lig,Turkey
Smouha_Sporting_Club,Smouha SC,Egyptian Premier League,Egyptian_Premier_League,Egypt
Modern_Future_FC,Modern Sport FC,Egyptian Premier League,Egyptian_Premier_League,Egypt
Nogoom_FC,Nogoom FC,Egyptian Third Division,Egyptian_Third_Division,Egypt
El_Qanah_FC,El Qanah FC,Egyptian Second Division A,Egyptian_Second_Division_A,Egypt
El_Gouna_FC,El Gouna FC,Egyptian Premier League,Egyptian_Premier_League,Egypt
Naft_Tehran,Naft Tehran F.C.,League 3,League_3_(Iran),Iran
Panionios_F.C.,Panionios F.C.,Super League Greece 2,Super_League_Greece_2,Greece
Mes_Rafsanjan_F.C.,Mes Rafsanjan F.C.,Persian Gulf Pro League,Persian_Gulf_Pro_League,Iran
Mes_Kerman_F.C.,Sanat Mes Kerman F.C.,Azadegan League,Azadegan_League,Iran
Sepahan_Isfahan_F.C.,Sepahan S.C.,Persian Gulf Pro League,Persian_Gulf_Pro_League,Iran
FC_Akhmat_Grozny,FC Akhmat Grozny,Russian Premier League,Russian_Premier_League,Russia
Atl%C3%A9tico_Madrid_C,Atlético Madrid C,Tercera Federación,Tercera_Federaci%C3%B3n,Spain
FC_Amkar_Perm,FC Amkar Perm,Russian Second League,Russian_Second_League,Russia
Damash_Tehran_F.C.,Damash Tehran,Tehran Province League,Tehran_Province_League,Iran
S.C._Damash_Gilan,S.C. Damash Gilan,Azadegan League,Azadegan_League,Iran
N.E.C._(football_club),NEC Nijmegen,Eredivisie,Eredivisie,Netherlands
Sang_Ahan_Bafq_F.C.,Yazd Louleh F.C.,Azadegan League,Azadegan_League,Iran
Machine_Sazi_F.C.,Machine Sazi F.C.,League 3 (Iran),League_3_(Iran),Iran
IF_Limhamn_Bunkeflo_(men),IF Limhamn Bunkeflo (men),Division 2 Västra Götaland,Swedish_Division_2,Sweden
Sepahan_F.C.,Sepahan S.C.,Persian Gulf Pro League,Persian_Gulf_Pro_League,Iran
Padideh_Khorasan_FC,Shahr Khodro F.C.,Persian Gulf Pro League,Persian_Gulf_Pro_League,Iran
Al_Wahda_FC,Al Wahda FC,UAE Pro League,UAE_Pro_League,United Arab Emirates
Bargh_Shiraz,Bargh Shiraz F.C.,League 2 (Iran),League_2_(Iran),Iran
Rah_Ahan_F.C.,Rah Ahan Tehran F.C.,Tehran Province league,Tehran_Province_league,Iran
Al-Shahania_SC,Al Shahaniya SC,Qatar Stars League,Qatar_Stars_League,Qatar
S.B.V._Excelsior,Excelsior Rotterdam,Eredivisie,Eredivisie,Netherlands
Zob_Ahan_Esfahan_F.C.,Zob Ahan Esfahan F.C.,Persian Gulf Pro League,Persian_Gulf_Pro_League,Iran
KIA_Football_Academy,KIA Football Academy,League 2 (Iran),League_2_(Iran),Iran
Gol_Gohar_Sirjan_F.C.,Gol Gohar Sirjan F.C.,Persian Gulf Pro League,Persian_Gulf_Pro_League,Iran
Buckingham_Town_F.C.,Buckingham Town F.C.,Southern Football League,Southern_Football_League,England
Banbury_United_F.C.,Banbury United F.C.,Southern League,Southern_Football_League,England
Nuneaton_Borough_F.C.,Nuneaton Town F.C.,Northern Premier League,Northern_Premier_League,England
Barnet_F.C.,Barnet F.C.,EFL League Two,EFL_League_Two,England
Brisbane_Roar_F.C.,Brisbane Roar FC,A-League Men,A-League_Men,Australia
Waitakere_United,Waitakere United,ISPS Handa Premiership,New_Zealand_Football_Championship,New Zealand
Portland_Timbers_2,Portland Timbers 2,MLS Next Pro,MLS_Next_Pro,United States
Canterbury_United_FC,Canterbury United Dragons,ISPS Handa Premiership,New_Zealand_Football_Championship,New Zealand
Michigan_Bucks,Flint City Bucks,USL League Two,USL_League_Two,United States
Nyk%C3%B6pings_BIS,Nyköpings BIS,Division 2,Division_2_(Swedish_football),Sweden
IFK_V%C3%A4rnamo,IFK Värnamo,Superettan,Superettan,Sweden
Ellerslie_AFC,Ellerslie AFC,NRFL Championship,NRFL_Championship,New Zealand
Central_United_F.C.,Central United F.C.,NRFL Northern Conference,NRFL_Conference,New Zealand
Vancouver_Whitecaps_FC_U-23,Vancouver Whitecaps FC U-23,Premier Development League,Premier_Development_League,United States
Oakleigh_Cannons_FC,Oakleigh Cannons FC,NPL Victoria,National_Premier_Leagues_Victoria,Australia
Charlottesville_Alliance_FC,Charlottesville Alliance FC,NPSL,National_Premier_Soccer_League,United States
Wanderers_SC,Wanderers Special Club,ASB Premiership,New_Zealand_Football_Championship,New Zealand
FC_Carl_Zeiss_Jena,FC Carl Zeiss Jena,Regionalliga Nordost,Regionalliga_Nordost,Germany
Helsingin_Jalkapalloklubi,Helsingin Jalkapalloklubi,Veikkausliiga,Veikkausliiga,Finland
Klubi_04,Klubi 04,Ykkösliiga,Ykk%C3%B6sliiga,Finland
FC_Haka,FC Haka,Ykkösliiga,Ykk%C3%B6sliiga,Finland
Cambridge_FC,Cambridge FC,NRFL Championship,NRFL_Championship,New Zealand
Hamilton_Wanderers_AFC,Hamilton Wanderers AFC,NRFL Championship,NRFL_Championship,New Zealand
WaiBOP_United,WaiBOP United,ASB Premiership,ASB_Premiership,New Zealand
SSV_Jahn_Regensburg,SSV Jahn Regensburg,3. Liga,3._Liga,Germany
U.D._Leiria,U.D. Leiria,Liga Portugal 2,Liga_Portugal_2,Portugal
Wellington_Phoenix_F.C.,Wellington Phoenix FC,A-League Men,A-League_Men,Australia
AC_Horsens,AC Horsens,Danish Superliga,Danish_Superliga,Denmark
Wellington_United,Wellington United AFC,ASB Premiership,ASB_Premiership,New Zealand
Lechia_Gda%C5%84sk,Lechia Gdańsk,I liga,I_liga,Poland
YoungHeart_Manawatu,Manawatu United,ASB Premiership,ASB_Premiership,New Zealand
Wairarapa_United,Wairarapa United,ASB Premiership,ASB_Premiership,New Zealand
Ngongotaha_AFC,Ngongotaha AFC,NRFL Southern Conference,NRFL_Conference,New Zealand
Torslanda_IK,Torslanda IK,Ettan Södra,Ettan_Fotboll,Sweden
Sligo_Rovers_F.C.,Sligo Rovers F.C.,League of Ireland Premier Division,League_of_Ireland_Premier_Division,Ireland
Auckland_FC_Reserves,Auckland FC Reserves,Northern League,Northern_League_(New_Zealand),New Zealand
Selwyn_United,Selwyn United FC,Canterbury Premiership League,Canterbury_Premiership_League,New Zealand
Macarthur_Rams,Macarthur Rams FC,NSW League One,National_Premier_Leagues_NSW_2,Australia
Alania_Vladikavkaz,FC Alania Vladikavkaz (2019),Russian Second League,Russian_Second_League,Russia
Western_Sydney_Wanderers_FC,Western Sydney Wanderers FC,A-League Men,A-League_Men,Australia
Mansfield_Town_F.C.,Mansfield Town F.C.,EFL League One,EFL_League_One,England
Port_Vale_F.C.,Port Vale F.C.,EFL League Two,EFL_League_Two,England
Island_Bay_United,Island Bay United AFC,Central League,Central_League_(New_Zealand),New Zealand
North_Wellington_AFC,North Wellington AFC,Central League 2,Central_League_2_(New_Zealand),New Zealand
Hawke%27s_Bay_United_FC,Hawke's Bay United FC,ISPS Handa Premiership,New_Zealand_Football_Championship,New Zealand
Wellington_Olympic_AFC,Wellington Olympic AFC,Central League,Central_League_(New_Zealand),New Zealand
Kyoto_Sanga_FC,Kyoto Sanga FC,J1 League,J1_League,Japan
Melville_United,Melville United AFC,Northern League,Northern_League_(New_Zealand),New Zealand
Waikato_FC,WaiBOP United,ASB Premiership,ASB_Premiership,New Zealand
Macarthur_FC,Macarthur FC,A-League Men,A-League_Men,Australia
Braintree_Town_F.C.,Braintree Town F.C.,National League South,National_League_South,England
CS_Mindelense,CS Mindelense,Cape Verdean football Championships,Cape_Verdean_football_Championships,Cape Verde
Progresso_Associa%C3%A7%C3%A3o_do_Sambizanga,Progresso Associação do Sambizanga,Segundona,Segundona,Angola
FC_Zimbru_Chi%C8%99in%C4%83u,FC Zimbru Chișinău,Liga,Moldovan_Liga,Moldova
Deportivo_de_La_Coru%C3%B1a_B,Deportivo Fabril,Segunda Federación,Segunda_Federaci%C3%B3n,Spain
Videoton_FC_Feh%C3%A9rv%C3%A1r,Videoton FC Fehérvár,NB II,Nemzeti_Bajnoks%C3%A1g_II,Hungary
ASFAR_(football_club),AS FAR,Botola Pro,Botola_Pro,Morocco
Bohemian_F.C.,Bohemian F.C.,League of Ireland Premier Division,League_of_Ireland_Premier_Division,Ireland
Shamrock_Rovers_F.C.,Shamrock Rovers F.C.,League of Ireland Premier Division,League_of_Ireland_Premier_Division,Ireland
Le_Mans_FC,Le Mans FC,Ligue 1,Ligue_1,France
U.D._Oliveirense,U.D. Oliveirense,Liga 3,Liga_3_(Portugal),Portugal
Sertanense_F.C.,Sertanense F.C.,Campeonato de Portugal,Campeonato_de_Portugal_(league),Portugal
SC_Maria_da_Fonte,SC Maria da Fonte,Terceira Divisão,Terceira_Divis%C3%A3o,Portugal
Le%C3%A7a_F.C.,Leça F.C.,Liga 3,Liga_3_(Portugal),Portugal
ASC_O%C8%9Belul_Gala%C8%9Bi,ASC Oțelul Galați,Liga I,Liga_I,Romania
FCSB,FCSB,Liga I,Liga_I,Romania
XerxesDZB,XerxesDZB,Vierde Divisie,Vierde_Divisie,Netherlands
Apollon_Limassol_FC,Apollon Limassol FC,First Division,Cypriot_First_Division,Cyprus
C.D.C._Montalegre,C.D.C. Montalegre,Campeonato de Portugal,Campeonato_de_Portugal_(league),Portugal
C.D._Cova_da_Piedade,C.D. Cova da Piedade,Liga Portugal 2,Liga_Portugal_2,Portugal
Real_S.C.,Real Sport Clube,Campeonato de Portugal,Campeonato_de_Portugal_(league),Portugal
U.D._Vilafranquense,U.D. Vilafranquense,Liga Portugal 2,Liga_Portugal_2,Portugal
FC_Hebar_Pazardzhik,FC Hebar Pazardzhik,Second League,Second_Professional_Football_League_(Bulgaria),Bulgaria
PFC_Montana,PFC Montana,Second League,Second_Professional_Football_League_(Bulgaria),Bulgaria
FC_Rot-Wei%C3%9F_Erfurt,FC Rot-Weiß Erfurt,Regionalliga Nordost,Regionalliga_Nordost,Germany
Pusk%C3%A1s_Akad%C3%A9mia_FC,Puskás Akadémia FC,NB I,Nemzeti_Bajnoks%C3%A1g_I,Hungary
S.C._Salgueiros,S.C. Salgueiros,Campeonato de Portugal,Campeonato_de_Portugal_(league),Portugal
Vilaverdense_FC,Vilaverdense F.C.,Campeonato de Portugal,Campeonato_de_Portugal_(league),Portugal
Alki_Oroklini,Alki Oroklini,Cypriot First Division,Cypriot_First_Division,Cyprus
FC_Politehnica_Ia%C8%99i_(2010),FC Politehnica Iași (2010),Liga II,Liga_II,Romania
MVV_Maastricht,MVV Maastricht,Eerste Divisie,Eerste_Divisie,Netherlands
Casa_Pia_A.C.,Casa Pia A.C.,Primeira Liga,Primeira_Liga,Portugal
Nottingham_Forest,Nottingham Forest F.C.,Premier League,Premier_League,England
Kocaelispor,Kocaelispor,Süper Lig,S%C3%BCper_Lig,Turkey
Aubagne_FC,SC Aubagne Air Bel,Ligue 3,Ligue_3,France
Inter_Miami_CF_II,Inter Miami CF II,MLS Next Pro,MLS_Next_Pro,United States
C.F._Os_Belenenses,C.F. Os Belenenses,Liga 3,Liga_3_(Portugal),Portugal
Sein%C3%A4joen_Jalkapallokerho,Seinäjoen Jalkapallokerho,Veikkausliiga,Veikkausliiga,Finland
Amora_F.C.,Amora F.C.,Liga 3,Liga_3_(Portugal),Portugal
Al-Tai_FC,Al-Tai FC,First Division League,Saudi_First_Division_League,Saudi Arabia
Al_Faisaly_FC,Al Faisaly FC,First Division League,Saudi_First_Division_League,Saudi Arabia
Al_Hilal_FC,Al Hilal SFC,Saudi Pro League,Saudi_Pro_League,Saudi Arabia
Al-Ahli_(Jeddah),Al-Ahli Saudi FC,Saudi Pro League,Saudi_Pro_League,Saudi Arabia
Neom_SC,Neom SC,Saudi Pro League,Saudi_Pro_League,Saudi Arabia
Al-Ahli_SC_(Jeddah),Al-Ahli Saudi FC,Saudi Pro League,Saudi_Pro_League,Saudi Arabia
Al-Ula_FC,Al-Ula FC,First Division League,Saudi_First_Division_League,Saudi Arabia
Atl%C3%A9tico_Levante_UD,Atlético Levante UD,Tercera Federación,Tercera_Federaci%C3%B3n,Spain
CA_Osasuna_B,CA Osasuna B,Primera Federación,Primera_Federaci%C3%B3n,Spain
Real_Betis_B,Betis Deportivo,Primera Federación,Primera_Federaci%C3%B3n,Spain
RCD_Espanyol_B,RCD Espanyol B,Segunda Federación,Segunda_Federaci%C3%B3n,Spain
Real_Sociedad_C,Real Sociedad C,Tercera Federación,Tercera_Federaci%C3%B3n,Spain
RSC_Internacional_FC,RSC Internacional FC,Tercera Federación,Tercera_Federaci%C3%B3n,Spain
Danubio_F.C.,Danubio F.C.,Liga AUF Uruguaya,Liga_AUF_Uruguaya,Uruguay
C.A._Rentistas,C.A. Rentistas,Segunda División,Uruguayan_Segunda_Divisi%C3%B3n,Uruguay
Boston_River,Boston River,Liga AUF Uruguaya,Liga_AUF_Uruguaya,Uruguay
Deportivo_La_Coru%C3%B1a,Deportivo de La Coruña,Segunda División,Segunda_Divisi%C3%B3n,Spain
Osmanl%C4%B1spor,Ankaraspor,TFF 2. Lig,TFF_2._Lig,Turkey
Lleida_Esportiu,Lleida CF,Tercera Federación,Tercera_Federaci%C3%B3n,Spain
Uni%C3%B3n_de_Santa_Fe,Unión de Santa Fe,Primera División,Argentine_Primera_Divisi%C3%B3n,Argentina
Clube_de_Regatas_do_Flamengo,CR Flamengo,Campeonato Brasileiro Série A,Campeonato_Brasileiro_S%C3%A9rie_A,Brazil
Atenas_de_San_Carlos,Atenas de San Carlos,Segunda División,Uruguayan_Segunda_Divisi%C3%B3n,Uruguay
Albacete_Balompi%C3%A9,Albacete Balompié,Segunda División,Segunda_Divisi%C3%B3n,Spain
A.C._Perugia_Calcio,AC Perugia Calcio,Serie C,Serie_C,Italy
Club_America,Club América,Liga MX,Liga_MX,Mexico
Deportivo_Toluca_F.C.,Toluca FC,Liga MX,Liga_MX,Mexico
Juventud_de_Las_Piedras,Juventud de Las Piedras,Liga AUF Uruguaya,Liga_AUF_Uruguaya,Uruguay
Atl%C3%A9tico_San_Luis,Atlético San Luis,Liga MX,Liga_MX,Mexico
Atl%C3%A9tico_Malague%C3%B1o,Atlético Malagueño,Segunda Federación,Segunda_Federaci%C3%B3n,Spain
Korona_Kielce,Korona Kielce,Ekstraklasa,Ekstraklasa,Poland
Korona_Kielce_II,Korona Kielce II,"III liga, group IV","III_liga,_group_IV",Poland
AS_Nancy,AS Nancy Lorraine,Ligue 2,Ligue_2,France
FC_Girondins_de_Bordeaux_II,FC Girondins de Bordeaux,Championnat National 2,Championnat_National_2,France
AS_Monaco_FC_II,AS Monaco FC,Ligue 1,Ligue_1,France
Toulouse_FC_II,Toulouse FC,Ligue 1,Ligue_1,France
FC_Sochaux-Montb%C3%A9liard_II,FC Sochaux-Montbéliard,Ligue 2,Ligue_2,France
Paris_Saint-Germain_B,Paris Saint-Germain FC Youth Academy,Championnat National 3,Championnat_National_3,France
Olympique_Lyonnais_II,Olympique Lyonnais Reserves and Academy,Championnat National 3,Championnat_National_3,France
RC_Strasbourg,RC Strasbourg Alsace,Ligue 1,Ligue_1,France
Red_Star_FC,Red Star FC,Ligue 2,Ligue_2,France
Al_Talaba_SC,Al-Talaba SC,Iraq Stars League,Iraq_Stars_League,Iraq
Eskilstuna_City_FK,Eskilstuna City FK,Division 4 Sörmland,Swedish_Football_Division_4,Sweden
Dalkurd_FF,Dalkurd FF,Allsvenskan,Allsvenskan,Sweden
AFC_United,AFC Eskilstuna,Ettan Norra,Ettan_Fotboll,Sweden
Elverum_Fotball,Elverum Fotball,3. divisjon,3._divisjon,Norway
Al-Markhiya_Sports_Club,Al-Markhiya SC,Qatari Second Division,Qatari_Second_Division,Qatar
Al-Shahania_Sports_Club,Al Shahaniya SC,Qatar Stars League,Qatar_Stars_League,Qatar
FK_Radni%C4%8Dki_Ni%C5%A1,FK Radnički Niš,Serbian SuperLiga,Serbian_SuperLiga,Serbia
FC_Arda_Kardzhali,FC Arda Kardzhali,First League,First_Professional_Football_League_(Bulgaria),Bulgaria
Levski_Sofia,PFC Levski Sofia,First League,First_Professional_Football_League_(Bulgaria),Bulgaria
Buriram_United_F.C.,Buriram United F.C.,Thai League,Thai_League_1,Thailand
Brommapojkarna,IF Brommapojkarna,Allsvenskan,Allsvenskan,Sweden
Pogo%C5%84_Szczecin,Pogoń Szczecin,Ekstraklasa,Ekstraklasa,Poland
Al_Quwa_Al_Jawiya,Al-Quwa Al-Jawiya,Iraq Stars League,Iraq_Stars_League,Iraq
Salahaddin_FC,Salahaddin SC,Iraqi Third Division League,Iraqi_Third_Division_League,Iraq
Eintracht_Braunschweig,Eintracht Braunschweig,2. Bundesliga,2._Bundesliga,Germany
AEK_Larnaca_FC,AEK Larnaca FC,First Division,Cypriot_First_Division,Cyprus
Al-Sinaa_SC,Al-Sinaa SC,Iraqi First Division League,Iraqi_First_Division_League,Iraq
Zakho_FC,Zakho SC,Iraq Stars League,Iraq_Stars_League,Iraq
Al-Riyadh_SC,Al-Riyadh SC,Saudi Pro League,Saudi_Pro_League,Saudi Arabia
Al_Dhafra_FC,Al Dhafra FC,UAE Pro League,UAE_Pro_League,United Arab Emirates
Bromley_F.C.,Bromley F.C.,EFL League One,EFL_League_One,England
Al-Kahrabaa_FC,Al-Kahrabaa SC,Iraq Stars League,Iraq_Stars_League,Iraq
Motala_AIF,Motala AIF,Division 1 Södra,Division_1_(Swedish_football),Sweden
Karbalaa_FC,Karbala SC,Iraqi Premier Division League,Iraqi_Premier_Division_League,Iraq
Amanat_Baghdad_SC,Amanat Baghdad SC,Iraq Stars League,Iraq_Stars_League,Iraq
Al-Shorta,Al-Shorta SC,Iraq Stars League,Iraq_Stars_League,Iraq
Naft_Al-Wasat_SC,Naft Al-Wasat SC,Iraqi Premier Division League,Iraqi_Premier_Division_League,Iraq
Baghdad_FC,Amanat Baghdad SC,Iraq Stars League,Iraq_Stars_League,Iraq
Husqvarna_FF,Husqvarna FF,Ettan Södra,Ettan_Fotboll,Sweden
J%C3%B6nk%C3%B6pings_S%C3%B6dra_IF,Jönköpings Södra IF,Ettan,Ettan_(football),Sweden
KS_Cracovia,KS Cracovia,Ekstraklasa,Ekstraklasa,Poland
Duhok_SC,Duhok SC,Iraq Stars League,Iraq_Stars_League,Iraq
Utsiktens_BK,Utsiktens BK,Ettan,Ettan_(football),Sweden
FK_Jerv_2,Norwegian reserve football teams,Norwegian Second Division,Norwegian_Second_Division,Norway
Str%C3%B8msgodset_Toppfotball_2,Norwegian reserve football teams,Norwegian Second Division,Norwegian_Second_Division,Norway
Al-Taji_SC,Al-Taji SC,Iraqi First Division League,Iraqi_First_Division_League,Iraq
Al-Oloom_wal-Technologia_SC,Al-Oloom wal-Technologia SC,Iraqi Third Division League,Iraqi_Third_Division_League,Iraq
1._FC_Germania_Egestorf/Langreder,1. FC Germania Egestorf/Langreder,Oberliga Niedersachsen,Oberliga_Niedersachsen,Germany
FC_Wacker_Innsbruck_(2002),FC Wacker Innsbruck (2002),Austrian Regionalliga West,Austrian_Regionalliga_West,Austria
Diyala_SC,Diyala SC,Iraq Stars League,Iraq_Stars_League,Iraq
Al-Talaba_SC,Al-Talaba SC,Iraq Stars League,Iraq_Stars_League,Iraq
FC_Fredericia,FC Fredericia,Superliga,Danish_Superliga,Denmark
Lillestr%C3%B8m_SK,Lillestrøm SK,Eliteserien,Eliteserien,Norway
IK_Start,IK Start,Eliteserien,Eliteserien,Norway
Bergen_Nord_FK,FK Bergen Nord,Norwegian Third Division,Norwegian_Third_Division,Norway
SK_Brann,SK Brann,Eliteserien,Eliteserien,Norway
%C3%85sane_Fotball,Åsane Fotball,1. divisjon,1._divisjon,Norway
Rosenborg_BK_2,Norwegian reserve football teams,Norwegian Second Division,Norwegian_Second_Division,Norway
Asker_Fotball,Asker Fotball,2. divisjon,2._divisjon,Norway
V%C3%A5lerenga_Fotball,Vålerenga Fotball,Eliteserien,Eliteserien,Norway
Bryne_FK_2,Norwegian reserve football teams,Norwegian Third Division,Norwegian_Third_Division,Norway
Bryne_FK,Bryne FK,1. divisjon,1._divisjon,Norway
Molde_FK_2,Molde FK 2,Norwegian Third Division,Norwegian_Third_Division,Norway
Nest-Sotra_Fotball,Nest-Sotra Fotball,Norwegian First Division,Norwegian_First_Division,Norway
Odds_BK,Odds BK,1. divisjon,1._divisjon,Norway
Bologna_FC,Bologna FC 1909,Serie A,Serie_A,Italy
Aalesunds_FK,Aalesunds FK,Eliteserien,Eliteserien,Norway
Namsos_IL,Namsos IL,Norwegian Third Division,Norwegian_Third_Division,Norway
IL_Stj%C3%B8rdals-Blink,IL Stjørdals-Blink,2. divisjon,2._divisjon,Norway
Sandefjord_Fotball_2,Norwegian reserve football teams,Norwegian Third Division,Norwegian_Third_Division,Norway
FK_%C3%98rn_Horten,FK Ørn Horten,3. divisjon,3._divisjon,Norway
FK_%C3%98rn_Horten_2,Norwegian reserve football teams,Norwegian Third Division,Norwegian_Third_Division,Norway
Egersunds_IK,Egersunds IK,OBOS-ligaen,1._divisjon,Norway
Troyes_AC,ES Troyes AC,Ligue 1,Ligue_1,France
Stade_de_Mbour,Stade de Mbour,Senegal Premier League,Senegal_Premier_League,Senegal
Mbour_Petite-C%C3%B4te_FC,Mbour Petite-Côte FC,Senegal Premier League,Senegal_Premier_League,Senegal
H%C3%B8nefoss_BK,Hønefoss BK,2. divisjon,2._divisjon,Norway
CF_Fuenlabrada,CF Fuenlabrada,Segunda Federación,Segunda_Federaci%C3%B3n,Spain
G%C3%A9n%C3%A9ration_Foot,Génération Foot,Senegal Premier League,Senegal_Premier_League,Senegal
FC_Metz#Youth_academy,FC Metz,Ligue 2,Ligue_2,France
Waasland-Beveren,SK Beveren,Belgian Pro League,Belgian_Pro_League,Belgium
G%C3%B6ztepe_S.K.,Göztepe S.K.,Süper Lig,S%C3%BCper_Lig,Turkey
AS_Cherbourg_Football,AS Cherbourg Football,Régional 3,French_football_league_system,France
Olympique_de_Marseille_II,Olympique de Marseille,Ligue 1,Ligue_1,France
PFC_Lokomotiv_Plovdiv,PFC Lokomotiv Plovdiv,First League,First_Professional_Football_League_(Bulgaria),Bulgaria
FC_United_Z%C3%BCrich,FC United Zürich,2. Liga Interregional,2._Liga_Interregional,Switzerland
FC_Echichens,FC Echichens,2. Liga Interregional,2._Liga_Interregional,Switzerland
FC_Echallens,FC Echallens,1. Liga Classic,1._Liga_Classic,Switzerland
FC_Biel-Bienne,FC Biel-Bienne,Promotion League,Swiss_Promotion_League,Switzerland
FC_Stade_Nyonnais,FC Stade Nyonnais,Challenge League,Challenge_League_(Switzerland),Switzerland
MC_El_Eulma,MC El Eulma,Interregional League,Interregional_League,Algeria
ASO_Chlef,ASO Chlef,Ligue 1,Algerian_Ligue_Professionnelle_1,Algeria
Quimper_Kerfeunteun_F.C.,Quimper Kerfeunteun FC,Brittany Football League,R%C3%A9gional_1,France
Olympic_Charleroi,Olympic Charleroi,Challenger Pro League,Challenger_Pro_League,Belgium
K._Patro_Eisden_Maasmechelen,Patro Eisden Maasmechelen,Challenger Pro League,Challenger_Pro_League,Belgium
Gy%C5%91ri_ETO_FC,Győri ETO FC,NB I,Nemzeti_Bajnoks%C3%A1g_I,Hungary
US_Chaouia,US Chaouia,Ligue 2,Algerian_Ligue_2,Algeria
USM_Bel_Abb%C3%A8s,USM Bel Abbès,Inter-Régions Division,Inter-R%C3%A9gions_Division,Algeria
DRB_Tadjenanet,DRB Tadjenanet,Algerian Ligue Professionnelle 1,Algerian_Ligue_Professionnelle_1,Algeria
AS_A%C3%AFn_M%27lila,AS Aïn M'lila,Interregional League,Interregional_League,Algeria
ES_S%C3%A9tif,ES Sétif,Ligue 1,Algerian_Ligue_Professionnelle_1,Algeria
Racing_Santander,Racing de Santander,Segunda División,Segunda_Divisi%C3%B3n,Spain
%C3%89vreux_FC_27,Évreux FC 27,Championnat National 3,Championnat_National_3,France
Vannes_OC,Vannes OC,National 3,Championnat_National_3,France
FC_Rouen,FC Rouen,Ligue 3,Ligue_3,France
Frosinone_Calcio,Frosinone Calcio,Serie A,Serie_A,Italy
Real_Murcia,Real Murcia CF,Primera Federación,Primera_Federaci%C3%B3n,Spain
AC_ChievoVerona,AC ChievoVerona,Serie C,Serie_C,Italy
FC_Barcelona_C,FC Barcelona C,3ª – Group 5,Tercera_Divisi%C3%B3n_Groups_1-9,Spain
Manchester_City,Manchester City F.C.,Premier League,Premier_League,England
Club_Atl%C3%A9tico_Belgrano,Club Atlético Belgrano,Primera División,Argentine_Primera_Divisi%C3%B3n,Argentina
SV_Gr%C3%B6dig,SV Grödig,Regionalliga Salzburg,Regionalliga_Salzburg,Austria
Floridsdorfer_AC,Floridsdorfer AC,2. Liga,2._Liga_(Austria),Austria
FC_Admira_Wacker_M%C3%B6dling_Amateure,FCM Traiskirchen,Regionalliga East,Austrian_Regionalliga_East,Austria
FK_Austria_Wien_II,FK Austria Wien,Austrian Bundesliga,Austrian_Football_Bundesliga,Austria
SC_Braga,S.C. Braga,Primeira Liga,Primeira_Liga,Portugal
Kapfenberger_SV,Kapfenberger SV,2. Liga,2._Liga_(Austria),Austria
DSV_Leoben,DSV Leoben,Landesliga Steiermark,Landesliga_Steiermark,Austria
SK_Rapid_Wien_II,SK Rapid Wien,Austrian Bundesliga,Austrian_Football_Bundesliga,Austria
Real_Madrid_C,Real Madrid C,Segunda Federación,Segunda_Federaci%C3%B3n,Spain
SC_Wiener_Neustadt,1. Wiener Neustädter SC,1. Landesliga,1._Nieder%C3%B6sterreichische_Landesliga,Austria
SV_Schwechat,SV Schwechat,Wiener Stadtliga,Wiener_Stadtliga,Austria
WSG_Swarovski_Tirol,WSG Tirol,Austrian Bundesliga,Austrian_Football_Bundesliga,Austria
Venezia_F.C.,Venezia FC,Serie A,Serie_A,Italy
Shabab_Al-Ordon,Shabab Al-Ordon SC,Jordanian Pro League,Jordanian_Pro_League,Jordan
Al-Jabalain_FC,Al-Jabalain Club,Saudi First Division League,Saudi_First_Division_League,Saudi Arabia
Al_Ahed_FC,Al Ahed FC,Lebanese Premier League,Lebanese_Premier_League,Lebanon
Zakho_SC,Zakho SC,Iraq Stars League,Iraq_Stars_League,Iraq
That_Ras_SC,That Ras SC,Jordanian Pro League,Jordanian_Pro_League,Jordan
Al-Jazeera_(Amman),Al-Jazeera SC (Amman),Jordanian Pro League,Jordanian_Pro_League,Jordan
Al-Wehdat,Al-Wehdat SC,Jordanian Pro League,Jordanian_Pro_League,Jordan
Muaither_SC,Muaither SC,Qatari Second Division,Qatari_Second_Division,Qatar
Al_Ahli_SC_(Tripoli),Al Ahli SC (Tripoli),Libyan Premier League,Libyan_Premier_League,Libya
Al_Wehdat_SC,Al-Wehdat SC,Jordanian Pro League,Jordanian_Pro_League,Jordan
Shabab_Al-Ordon_Club,Shabab Al-Ordon SC,Jordanian Pro League,Jordanian_Pro_League,Jordan
OH_Leuven,Oud-Heverlee Leuven,Belgian Pro League,Belgian_Pro_League,Belgium
Amman_FC,Amman FC,Jordanian First Division League,Jordanian_First_Division_League,Jordan
Shabab_Al-Aqaba_Club,Shabab Al-Aqaba SC,Jordanian First Division League,Jordanian_First_Division_League,Jordan
Ittihad_Al-Zarqa,Ittihad Al-Zarqa SC,Jordanian Pro League,Jordanian_Pro_League,Jordan
Al-Sheikh_Hussein_FC,Al-Sheikh Hussein SC,Jordanian Third Division League,Jordanian_Third_Division_League,Jordan
Ittihad_Al-Ramtha,Ittihad Al-Ramtha SC,Jordanian First Division League,Jordanian_First_Division_League,Jordan
Al-Arabi_SC_(Kuwait),Al-Arabi SC (Kuwait),Kuwait Premier League,Kuwait_Premier_League,Kuwait
Oman_Club,Oman Club,Oman Elite League,Oman_Professional_League,Oman
Al-Salt,As-Salt,Jordanian Pro League,Jordanian_Pro_League,Jordan
Kedah_Darul_Aman_F.C.,Kedah Darul Aman F.C.,Malaysia A2 Amateur League,Malaysia_A2_Amateur_League,Malaysia
Qadsia_SC,Qadsia SC,Kuwait Premier League,Kuwait_Premier_League,Kuwait
Ratchaburi_Mitr_Phol_F.C.,Ratchaburi F.C.,Thai League 1,Thai_League_1,Thailand
Mesaimeer_SC,Mesaimeer SC,Qatari Second Division,Qatari_Second_Division,Qatar
Swope_Park_Rangers,Sporting Kansas City II,MLS Next Pro,MLS_Next_Pro,United States
Sporting_Kansas_City_II,Sporting Kansas City II,MLS Next Pro,MLS_Next_Pro,United States
Sporting_Kansas_City,Sporting Kansas City,Major League Soccer,Major_League_Soccer,United States
Al-Qasim_SC,Al-Qasim SC,Iraqi Premier Division League,Iraqi_Premier_Division_League,Iraq
FC_Corvinul_Hunedoara,FC Corvinul Hunedoara,Liga I,Liga_I,Romania
Al-Arabi_SC_(Irbid),Al-Arabi SC (Irbid),Jordanian Pro League,Jordanian_Pro_League,Jordan
Al-Sareeh_SC,Al-Sareeh SC,Jordanian First Division League,Jordanian_First_Division_League,Jordan
Mansheyat_Bani_Hasan,Mansheyat Bani Hasan SC,Jordanian Pro League,Jordanian_Pro_League,Jordan
Ma%27an_SC,Ma'an SC,Jordanian First Division League,Jordanian_First_Division_League,Jordan
Emirates_Club,Emirates Club,First Division League,UAE_First_Division_League,United Arab Emirates
Qatar_SC,Qatar SC,Qatar Stars League,Qatar_Stars_League,Qatar
Al-Ain_FC_(Saudi_Arabia),Al-Ain FC (Saudi Arabia),Saudi Second Division League,Saudi_Second_Division_League,Saudi Arabia
Al-Arabi_(Irbid),Al-Arabi SC (Irbid),Jordanian Pro League,Jordanian_Pro_League,Jordan
Kazma_SC,Kazma SC,Kuwait Premier League,Kuwait_Premier_League,Kuwait
Al_Shabab_Club,Al Shabab Club,Saudi Pro League,Saudi_Pro_League,Saudi Arabia
Hidd_SCC,Hidd SCC,Second Division,Bahraini_Second_Division,Bahrain
Al_Ahli_SC_(Amman),Al Ahli SC (Amman),Jordanian First Division League,Jordanian_First_Division_League,Jordan
Shabab_Al-Aqaba_SC,Shabab Al-Aqaba SC,Jordanian First Division League,Jordanian_First_Division_League,Jordan
S.S.C._Napoli,SSC Napoli,Serie A,Serie_A,Italy
Esporte_Clube_Bahia,Esporte Clube Bahia,Campeonato Brasileiro Série A,Campeonato_Brasileiro_S%C3%A9rie_A,Brazil
Guarani_FC,Guarani FC,Campeonato Brasileiro Série C,Campeonato_Brasileiro_S%C3%A9rie_C,Brazil
Sevilla_Atl%C3%A9tico,Sevilla Atlético,Primera Federación,Primera_Federaci%C3%B3n,Spain
FC_Karpaty_Lviv,FC Karpaty Lviv,Ukrainian Premier League,Ukrainian_Premier_League,Ukraine
Chiapas_F.C.,Jaguares F.C.,Liga Premier,Liga_Premier_de_M%C3%A9xico,Mexico
Dorados_de_Sinaloa,Dorados de Sinaloa,Liga de Expansión MX,Liga_de_Expansi%C3%B3n_MX,Mexico
Patriotas_Boyac%C3%A1,Patriotas Boyacá,Categoría Primera B,Categor%C3%ADa_Primera_B,Colombia
Deportivo_Pasto,Deportivo Pasto,Categoría Primera A,Categor%C3%ADa_Primera_A,Colombia
Bogot%C3%A1_F.C.,Bogotá F.C.,Categoría Primera B,Categor%C3%ADa_Primera_B,Colombia
Universitario_Popay%C3%A1n,Universitario Popayán,Categoría Primera B,Categor%C3%ADa_Primera_B,Colombia
Jacksonville_Armada_FC,Jacksonville Armada FC,MLS Next Pro,MLS_Next_Pro,United States
Deportes_Melipilla,Deportes Melipilla,Segunda División Profesional de Chile,Segunda_Divisi%C3%B3n_Profesional_de_Chile,Chile
Alianza_Petrolera_F.C.,Alianza Petrolera F.C.,Categoría Primera A,Categor%C3%ADa_Primera_A,Colombia
Atl%C3%A9tico_Huila,Atlético Huila,Categoría Primera B,Categor%C3%ADa_Primera_B,Colombia
Academia_F.C.,Academia F.C.,Categoría Primera B,Categor%C3%ADa_Primera_B,Colombia
Deportivo_Pereira,Deportivo Pereira,Categoría Primera A,Categor%C3%ADa_Primera_A,Colombia
Envigado_F%C3%BAtbol_Club,Envigado F.C.,Categoría Primera B,Categor%C3%ADa_Primera_B,Colombia
Shenzhen_F.C.,Shenzhen F.C.,Chinese Super League,Chinese_Super_League,China
Alianza_Petrolera,Alianza Petrolera F.C.,Categoría Primera A,Categor%C3%ADa_Primera_A,Colombia
Associa%C3%A7%C3%A3o_Desportiva_S%C3%A3o_Caetano,São Caetano Futebol,Campeonato Paulista Série A4,Campeonato_Paulista_S%C3%A9rie_A4,Brazil
C%C3%BAcuta_Deportivo,Cúcuta Deportivo,Categoría Primera A,Categor%C3%ADa_Primera_A,Colombia
Leones_F.C._(Colombia),Itagüí Leones F.C.,Categoría Primera B,Categor%C3%ADa_Primera_B,Colombia
Club_Recreativo_Granada,Recreativo Granada,Tercera Federación,Tercera_Federaci%C3%B3n,Spain
Real_Valladolid_Promesas,Real Valladolid Promesas,Segunda Federación,Segunda_Federaci%C3%B3n,Spain
Gimn%C3%A0stic_de_Tarragona,Gimnàstic de Tarragona,Primera Federación,Primera_Federaci%C3%B3n,Spain
FK_Inter_Bratislava,FK Inter Bratislava,2. Liga,2._Liga_(Slovakia),Slovakia
Wis%C5%82a_P%C5%82ock,Wisła Płock,Ekstraklasa,Ekstraklasa,Poland
Legia_Warsaw,Legia Warsaw,Ekstraklasa,Ekstraklasa,Poland
Legia_Warsaw_II,Legia Warsaw II,II liga,II_liga,Poland
Widzew_%C5%81%C3%B3d%C5%BA,Widzew Łódź,Ekstraklasa,Ekstraklasa,Poland
Atromitos_F.C.,Atromitos F.C.,Super League Greece,Super_League_Greece,Greece
S.C._Freamunde,S.C. Freamunde,District Championship,Portuguese_District_Championships,Portugal
S.C._Ideal,S.C. Ideal,Portuguese District Championships,Portuguese_District_Championships,Portugal
L%C3%A4nk_FC_Vilaverdense,Vilaverdense F.C.,Campeonato de Portugal,Campeonato_de_Portugal_(league),Portugal
Hebei_China_Fortune,Hebei F.C.,Chinese Super League,Chinese_Super_League,China
Deportivo_de_La_Coru%C3%B1a,Deportivo de La Coruña,Segunda División,Segunda_Divisi%C3%B3n,Spain
Sakaryaspor,Sakaryaspor,TFF 2. Lig,TFF_2._Lig,Turkey
CS_Don_Bosco,CS Don Bosco,Linafoot,Linafoot,DR Congo
TP_Mazembe,TP Mazembe,Linafoot,Linafoot,DR Congo
Hartlepool_United_F.C.,Hartlepool United F.C.,National League,National_League_(division),England
Waasland_Beveren,SK Beveren,Belgian Pro League,Belgian_Pro_League,Belgium
C.D._Aves,C.D. Aves,Primeira Liga,Primeira_Liga,Portugal
PAS_Lamia_1964,PAS Lamia 1964,Gamma Ethniki,Gamma_Ethniki,Greece
Levadiakos_F.C.,Levadiakos F.C.,Super League Greece,Super_League_Greece,Greece
Beijing_Guoan,Beijing Guoan F.C.,Chinese Super League,Chinese_Super_League,China
Neuch%C3%A2tel_Xamax_FCS,Neuchâtel Xamax FCS,Swiss Challenge League,Swiss_Challenge_League,Switzerland
AS_Simba,AS Simba,Ilicocash Ligue 1,Linafoot,DR Congo
AS_Vita_Club,AS Vita Club,Linafoot,Linafoot,DR Congo
Young_Africans_S.C.,Young Africans S.C.,Tanzanian Premier League,Tanzanian_Premier_League,United Republic of Tanzania
AS_B%C3%A9ziers_(2007),AS Béziers (2007),Régional 1,R%C3%A9gional_1,France
Union_Titus_P%C3%A9tange,Union Titus Pétange,BGL Ligue,Luxembourg_National_Division,Luxembourg
Football_Bourg-en-Bresse_P%C3%A9ronnas_01,Football Bourg-en-Bresse Péronnas 01,Ligue 3,Ligue_3,France
Aris_Limassol_FC,Aris Limassol FC,First Division,Cypriot_First_Division,Cyprus
C.D._F%C3%A1tima,C.D. Fátima,Campeonato de Portugal,Campeonato_de_Portugal_(league),Portugal
G.D.U._Ericeirense,G.D.U. Ericeirense,Lisbon FA 2nd Division,Lisbon_Football_Association,Portugal
Novara_Calcio,Novara FC,Serie C,Serie_C,Italy
FC_Mash%27al,FC Mash'al,Uzbekistan Super League,Uzbekistan_Super_League,Uzbekistan
FC_Kokand_1912,FC Kokand 1912,Uzbekistan Pro League,Uzbekistan_Pro_League,Uzbekistan
FC_Navbahor,PFC Navbahor Namangan,Uzbekistan Super League,Uzbekistan_Super_League,Uzbekistan
FC_Energetik-BGU_Minsk,FC SKA-1938 Minsk,Belarusian First League,Belarusian_First_League,Belarus
FC_Navbahor_Namangan,PFC Navbahor Namangan,Uzbekistan Super League,Uzbekistan_Super_League,Uzbekistan
FK_Buxoro,FC Bukhara,Uzbekistan Pro League,Uzbekistan_Pro_League,Uzbekistan
FK_Samarqand-Dinamo,FC Dinamo Samarqand,Uzbekistan Super League,Uzbekistan_Super_League,Uzbekistan
Seongnam_FC,Seongnam FC,K League 2,K_League_2,South Korea
Navbahor_Namangan,PFC Navbahor Namangan,Uzbekistan Super League,Uzbekistan_Super_League,Uzbekistan
FC_Ufa,FC Ufa,Russian First League,Russian_First_League,Russia
FC_Ural_Yekaterinburg,FC Ural Yekaterinburg,Russian First League,Russian_First_League,Russia
FC_Shurtan_Guzar,FC Shurtan,Uzbekistan Super League,Uzbekistan_Super_League,Uzbekistan
FC_Pakhtakor_Tashkent,Pakhtakor FC,Uzbekistan Super League,Uzbekistan_Super_League,Uzbekistan
FC_Dinamo_Samarqand,FC Dinamo Samarqand,Uzbekistan Super League,Uzbekistan_Super_League,Uzbekistan
FK_Kokand_1912,FC Kokand 1912,Uzbekistan Pro League,Uzbekistan_Pro_League,Uzbekistan
Sementchi,PFC Sementchi,Uzbekistan First League,Uzbekistan_Pro_League,Uzbekistan
FC_Buxoro,FC Bukhara,Uzbekistan Pro League,Uzbekistan_Pro_League,Uzbekistan
Al_Dhafra_Club,Al Dhafra FC,UAE Pro League,UAE_Pro_League,United Arab Emirates
FC_Aktobe,FC Aktobe,Kazakhstan Premier League,Kazakhstan_Premier_League,Kazakhstan
FC_Tobol,FC Tobol,Kazakhstan Premier League,Kazakhstan_Premier_League,Kazakhstan
BG_Pathum_United_F.C.,BG Pathum United F.C.,Thai League 1,Thai_League_1,Thailand
FK_Andijon,FC Andijon,Uzbekistan Super League,Uzbekistan_Super_League,Uzbekistan
FC_Dynamo_Brest,FC Dynamo Brest,Belarusian Premier League,Belarusian_Premier_League,Belarus
FC_Olympic_Tashkent,FC Olympic Tashkent,Uzbekistan Super League,Uzbekistan_Super_League,Uzbekistan
FC_Surkhon,FC Surkhon,Uzbekistan Super League,Uzbekistan_Super_League,Uzbekistan
Dinamo_Samarqand,FC Dinamo Samarqand,Uzbekistan Super League,Uzbekistan_Super_League,Uzbekistan
TSV_1860_Munich_II,TSV 1860 Munich II,Bayernliga Süd,Bayernliga_S%C3%BCd,Germany
US_Lecce,US Lecce,Serie A,Serie_A,Italy
HNK_%C5%A0ibenik,HNK Šibenik,Croatian Football League,Croatian_Football_League,Croatia
GNK_Dinamo_Zagreb_II,GNK Dinamo Zagreb Academy,Druga HNL,Croatian_Second_Football_League,Croatia
FC_Crotone,FC Crotone,Serie C,Serie_C,Italy
NK_Dubrava,NK Dubrava,First League,First_Football_League_(Croatia),Croatia
Radomiak_Radom,Radomiak Radom,Ekstraklasa,Ekstraklasa,Poland
FC_S%C3%BCdtirol,FC Südtirol,Serie B,Serie_B,Italy
Bradford_City_A.F.C.,Bradford City A.F.C.,EFL League One,EFL_League_One,England
Leyton_Orient_F.C.,Leyton Orient F.C.,EFL League One,EFL_League_One,England
Stockport_County_F.C.,Stockport County F.C.,EFL League One,EFL_League_One,England
Yeovil_Town_F.C.,Yeovil Town F.C.,National League,National_League_(division),England
Lincoln_City_F.C.,Lincoln City F.C.,EFL Championship,EFL_Championship,England
Blackpool_F.C.,Blackpool F.C.,EFL League One,EFL_League_One,England
Exeter_City_F.C.,Exeter City F.C.,EFL League Two,EFL_League_Two,England
Weston-super-Mare_A.F.C.,Weston-super-Mare A.F.C.,National League South,National_League_South,England
Peterborough_United_F.C.,Peterborough United F.C.,EFL League One,EFL_League_One,England
Steadfast_F.C.,Steadfast F.C.,"Division One League, Ghana","Division_One_League,_Ghana",Ghana
Dreams_F.C._(Ghana),Dreams F.C.,Ghana Premier League,Ghana_Premier_League,Ghana
FC_Urartu,FC Urartu,Armenian Premier League,Armenian_Premier_League,Armenia
KF_Sk%C3%ABnderbeu_Kor%C3%A7%C3%AB,KF Skënderbeu,Kategoria Superiore,Kategoria_Superiore,Albania
UD_Ibiza,UD Ibiza,Primera Federación,Primera_Federaci%C3%B3n,Spain
Sutton_United_F.C.,Sutton United F.C.,National League,National_League_(division),England
Oxford_City_F.C.,Oxford City F.C.,National League North,National_League_North,England
Ebbsfleet_United_F.C.,Ebbsfleet United F.C.,National League South,National_League_South,England
Highworth_Town_F.C.,Highworth Town F.C.,Hellenic League,Hellenic_Football_League,England
Bath_City_F.C.,Bath City F.C.,Southern League,Southern_Football_League,England
Newport_County_A.F.C.,Newport County A.F.C.,EFL League Two,EFL_League_Two,England
St_Patrick%27s_Athletic_F.C.,St Patrick's Athletic F.C.,League of Ireland Premier Division,League_of_Ireland_Premier_Division,Ireland
Accra_City_Stars_F.C.,Accra City Stars F.C.,Poly Tank Division One League,Ghana_Football_Leagues#Division_One_League_.28Poly_Tank_Division_One_League.29,Ghana
Accra_Great_Olympics_F.C.,Accra Great Olympics F.C.,Ghana Premier League,Ghana_Premier_League,Ghana
Accra_Hearts_of_Oak_S.C.,Accra Hearts of Oak S.C.,Ghana Premier League,Ghana_Premier_League,Ghana
Asante_Kotoko_F.C.,Asante Kotoko S.C.,Ghana Premier League,Ghana_Premier_League,Ghana
Attram_De_Visser_Soccer_Academy,Attram De Visser Soccer Academy,Ghana Division Two League,Ghana_Football_Leagues#Division_Two_League,Ghana
GIF_Sundsvall,GIF Sundsvall,Superettan,Superettan,Sweden
Bechem_United_F.C.,Bechem United F.C.,Premier League,Ghanaian_Premier_League,Ghana
FC_Isloch_Minsk_Raion,FC Isloch Minsk Raion,Belarusian Premier League,Belarusian_Premier_League,Belarus
FC_Kryvbas_Kryvyi_Rih_(2020),FC Kryvbas Kryvyi Rih,Ukrainian Premier League,Ukrainian_Premier_League,Ukraine
Uni%C3%B3n_Espa%C3%B1ola,Unión Española,Primera B,Primera_B_de_Chile,Chile
Racing_Club_de_Montevideo,Racing Club de Montevideo,Liga AUF Uruguaya,Liga_AUF_Uruguaya,Uruguay
%C5%A0K_Slovan_Bratislava,ŠK Slovan Bratislava,Slovak First Football League,Slovak_First_Football_League,Slovakia
SFC_Etar_Veliko_Tarnovo,SFC Etar Veliko Tarnovo,Second League,Second_Professional_Football_League_(Bulgaria),Bulgaria
Correcaminos_UAT,Correcaminos UAT,Liga de Expansión MX,Liga_de_Expansi%C3%B3n_MX,Mexico
C%C3%B3rdoba_CF,Córdoba CF,Segunda División,Segunda_Divisi%C3%B3n,Spain
AD_Alcorc%C3%B3n,AD Alcorcón,Primera Federación,Primera_Federaci%C3%B3n,Spain
Cultural_Leonesa,Cultural y Deportiva Leonesa,Segunda División,Segunda_Divisi%C3%B3n,Spain
S.D._Atl%C3%A9tico_Nacional,S.D. Atlético Nacional,Liga Panameña de Fútbol,Liga_Paname%C3%B1a_de_F%C3%BAtbol,Panama
C.S.D._Municipal,C.S.D. Municipal,Liga Bantrab,Liga_Bantrab,Guatemala
FC_Khimki,FC Khimki,Russian Premier League,Russian_Premier_League,Russia
Pittsburgh_Riverhounds_SC,Pittsburgh Riverhounds SC,USL Championship,USL_Championship,United States
FC_Cincinnati_(2016%E2%80%932018),FC Cincinnati,Major League Soccer,Major_League_Soccer,United States
Las_Vegas_Lights_FC,Las Vegas Lights FC,USL Championship,USL_Championship,United States
C%C3%A1diz_CF_B,Cádiz CF Mirandilla,Tercera Federación,Tercera_Federaci%C3%B3n,Spain
Recreativo_de_Huelva,Recreativo de Huelva,Segunda Federación,Segunda_Federaci%C3%B3n,Spain
Al_Jandal_SC,Al-Jandal SC,FD League,Saudi_First_Division_League,Saudi Arabia
Hapoel_Ironi_Kiryat_Shmona_F.C.,Hapoel Ironi Kiryat Shmona F.C.,Israeli Premier League,Israeli_Premier_League,Israel
Deportivo_Alav%C3%A9s_B,Deportivo Alavés B,Segunda Federación,Segunda_Federaci%C3%B3n,Spain
CD_Lugo,CD Lugo,Primera Federación,Primera_Federaci%C3%B3n,Spain
Houston_Dynamo_FC,Houston Dynamo FC,Major League Soccer,Major_League_Soccer,United States
Deportivo_Fabril,Deportivo Fabril,Segunda Federación,Segunda_Federaci%C3%B3n,Spain
El_Tanque_Sisley,El Tanque Sisley,Liga AUF Uruguaya,Liga_AUF_Uruguaya,Uruguay
Acad%C3%A9mico_de_Viseu_F.C.,Académico de Viseu F.C.,Primeira Liga,Primeira_Liga,Portugal
C.D._%C3%81rabe_Unido,C.D. Árabe Unido,Liga Panameña de Fútbol,Liga_Paname%C3%B1a_de_F%C3%BAtbol,Panama
Cafetaleros_de_Tapachula,Cafetaleros de Chiapas,Liga Premier,Liga_Premier_de_M%C3%A9xico,Mexico
Atl%C3%A9tico_Verag%C3%BCense,Atlético Veragüense,Liga Panameña de Fútbol,Liga_Paname%C3%B1a_de_F%C3%BAtbol,Panama
Club_Deportivo_del_Este,Potros del Este,Liga Panameña de Fútbol,Liga_Paname%C3%B1a_de_F%C3%BAtbol,Panama
C.D._Marath%C3%B3n,C.D. Marathón,Liga Nacional,Liga_Nacional_de_F%C3%BAtbol_Profesional_de_Honduras,Honduras
Atl%C3%A9tico_Venezuela_C.F.,Atlético Venezuela C.F.,Liga FUTVE,Liga_FUTVE,Venezuela
Deportivo_T%C3%A1chira_F.C.,Deportivo Táchira F.C.,Liga FUTVE,Liga_FUTVE,Venezuela
Academia_Puerto_Cabello,Academia Puerto Cabello,Liga FUTVE,Liga_FUTVE,Venezuela
LA_Galaxy_II,Ventura County FC,MLS Next Pro,MLS_Next_Pro,United States
LA_Galaxy,LA Galaxy,Major League Soccer,Major_League_Soccer,United States
Club_Deportivo_%C3%81rabe_Unido,C.D. Árabe Unido,Liga Panameña de Fútbol,Liga_Paname%C3%B1a_de_F%C3%BAtbol,Panama
FC_Ko%C5%A1ice_(2018),FC Košice,Slovak First Football League,Slovak_First_Football_League,Slovakia
Vila_Nova_Futebol_Clube,Vila Nova Futebol Clube,Campeonato Brasileiro Série B,Campeonato_Brasileiro_S%C3%A9rie_B,Brazil
Al-Kawkab_FC,Al-Kawkab FC,Saudi Second Division League,Saudi_Second_Division_League,Saudi Arabia
Club_9_de_Octubre,9 de Octubre F.C.,Serie B,Ecuadorian_Serie_B,Ecuador
Cusco_FC,Cusco FC,Liga 1,Peruvian_Primera_Divisi%C3%B3n,Peru
CDUdeC,C.D. Universidad de Concepción,Liga de Primera,Liga_de_Primera,Chile
Everton_de_Vi%C3%B1a_del_Mar,Everton de Viña del Mar,Liga de Primera,Liga_de_Primera,Chile
Coquimbo_Unido,Coquimbo Unido,Liga de Primera,Liga_de_Primera,Chile
Torrellano_Illice_CF,Torrellano Illice CF,Tercera Federación,Tercera_Federaci%C3%B3n,Spain
Ontinyent_CF,Ontinyent CF,Segunda División,Segunda_División,Spain
Club_Universitario_de_Deportes,Club Universitario de Deportes,Liga 1,Liga_1_(Peru),Peru
Cienciano,Cienciano,Liga 1,Peruvian_Primera_Divisi%C3%B3n,Peru
Budapest_Honv%C3%A9d_FC,Kispest Honvéd FC,NB I,Nemzeti_Bajnoks%C3%A1g_I,Hungary
Potros_del_Este,Potros del Este,Liga Panameña de Fútbol,Liga_Paname%C3%B1a_de_F%C3%BAtbol,Panama
Zamora_CF,Zamora CF,Primera Federación,Primera_Federaci%C3%B3n,Spain
A.D._San_Carlos,A.D. San Carlos,Liga Promerica,Liga_FPD,Costa Rica
Boluspor,Boluspor,TFF 1. Lig,TFF_1._Lig,Turkey
Club_Always_Ready,Club Always Ready,División Profesional,FBF_Divisi%C3%B3n_Profesional,Bolivia
Carabobo_F.C.,Carabobo F.C.,Liga FUTVE,Liga_FUTVE,Venezuela
O%26M_FC,O&M FC,Liga Dominicana de Fútbol,Liga_Dominicana_de_F%C3%BAtbol,Dominican Republic
Comunicaciones_F.C.,Comunicaciones FC,Liga Bantrab,Liga_Bantrab,Guatemala
FC_Okzhetpes,FC Okzhetpes,Kazakhstan Premier League,Kazakhstan_Premier_League,Kazakhstan
FC_Carlos_Stein,FC Carlos Stein,Liga 3,Liga_3_(Peru),Peru
Al-Minaa_SC,Al-Minaa SC,Iraq Stars League,Iraq_Stars_League,Iraq
Turan_Tovuz,Turan Tovuz,Azerbaijan Premier League,Azerbaijan_Premier_League,Azerbaijan
