Player,Team,Confederation,Order,ClubSlug,ClubName,Years,StartYear,EndYear,Loan
Matěj Kovář,Czech Republic,UEFA,1,Manchester_United_F.C.,Manchester United,2020–2023,2020,2023,no
Matěj Kovář,Czech Republic,UEFA,2,Swindon_Town_F.C.,Swindon Town,2020–2021,2020,2021,yes
Matěj Kovář,Czech Republic,UEFA,3,Burton_Albion_F.C.,Burton Albion,2022,2022,2022,yes
Matěj Kovář,Czech Republic,UEFA,4,AC_Sparta_Prague,Sparta Prague,2022–2023,2022,2023,yes
Matěj Kovář,Czech Republic,UEFA,5,Bayer_04_Leverkusen,Bayer Leverkusen,2023–2026,2023,2026,no
Matěj Kovář,Czech Republic,UEFA,6,PSV_Eindhoven,PSV,2025–2026,2025,2026,yes
Matěj Kovář,Czech Republic,UEFA,7,PSV_Eindhoven,PSV,2026–,2026,,no
David Zima,Czech Republic,UEFA,1,SK_Sigma_Olomouc,Sigma Olomouc,2019–2020,2019,2020,no
David Zima,Czech Republic,UEFA,2,SK_Slavia_Prague,Slavia Prague,2020,2020,2020,yes
David Zima,Czech Republic,UEFA,3,SK_Slavia_Prague,Slavia Prague,2020–2021,2020,2021,no
David Zima,Czech Republic,UEFA,4,Torino_F.C.,Torino,2021–2024,2021,2024,no
David Zima,Czech Republic,UEFA,5,SK_Slavia_Prague,Slavia Prague,2024–,2024,,no
Tomáš Holeš,Czech Republic,UEFA,1,FC_Hradec_Kr%C3%A1lov%C3%A9,Hradec Králové,2012–2018,2012,2018,no
Tomáš Holeš,Czech Republic,UEFA,2,FK_Jablonec,Jablonec,2017–2018,2017,2018,yes
Tomáš Holeš,Czech Republic,UEFA,3,FK_Jablonec,Jablonec,2018–2019,2018,2019,no
Tomáš Holeš,Czech Republic,UEFA,4,SK_Slavia_Prague,Slavia Prague,2019–,2019,,no
Robin Hranáč,Czech Republic,UEFA,1,FC_Viktoria_Plze%C5%88,Viktoria Plzeň,2018–2024,2018,2024,no
Robin Hranáč,Czech Republic,UEFA,2,FC_Viktoria_Plze%C5%88,Viktoria Plzeň B,2018–2021,2018,2021,yes
Robin Hranáč,Czech Republic,UEFA,3,MFK_Tatran_Liptovsk%C3%BD_Mikul%C3%A1%C5%A1,Liptovský Mikuláš,2021,2021,2021,yes
Robin Hranáč,Czech Republic,UEFA,4,FK_Pardubice,Pardubice,2022–2023,2022,2023,yes
Robin Hranáč,Czech Republic,UEFA,5,TSG_1899_Hoffenheim,TSG Hoffenheim,2024–,2024,,no
Vladimír Coufal,Czech Republic,UEFA,1,FC_Hlu%C4%8D%C3%ADn,Hlučín,2010–2012,2010,2012,no
Vladimír Coufal,Czech Republic,UEFA,2,SFC_Opava,Opava,2012,2012,2012,yes
Vladimír Coufal,Czech Republic,UEFA,3,FC_Slovan_Liberec,Slovan Liberec,2012–2018,2012,2018,no
Vladimír Coufal,Czech Republic,UEFA,4,SK_Slavia_Praha,Slavia Prague,2018–2020,2018,2020,no
Vladimír Coufal,Czech Republic,UEFA,5,West_Ham_United_F.C.,West Ham United,2020–2025,2020,2025,no
Vladimír Coufal,Czech Republic,UEFA,6,TSG_1899_Hoffenheim,TSG Hoffenheim,2025–,2025,,no
Štěpán Chaloupek,Czech Republic,UEFA,1,FK_Teplice,Teplice,2022–2024,2022,2024,no
Štěpán Chaloupek,Czech Republic,UEFA,2,SK_Slavia_Prague,Slavia Prague,2024–,2024,,no
Štěpán Chaloupek,Czech Republic,UEFA,3,SK_Slavia_Prague_B,Slavia Prague B,2024–2025,2024,2025,no
Ladislav Krejčí,Czech Republic,UEFA,1,FC_Zbrojovka_Brno,Zbrojovka Brno,2016−2019,2016,2016,no
Ladislav Krejčí,Czech Republic,UEFA,2,AC_Sparta_Prague,Sparta Prague,2019–2024,2019,2024,no
Ladislav Krejčí,Czech Republic,UEFA,3,Girona_FC,Girona,2024–,2024,,no
Ladislav Krejčí,Czech Republic,UEFA,4,Wolverhampton_Wanderers_F.C.,Wolverhampton Wanderers,2025–,2025,,yes
Vladimír Darida,Czech Republic,UEFA,1,FC_Viktoria_Plze%C5%88,Viktoria Plzeň,2010–2013,2010,2013,no
Vladimír Darida,Czech Republic,UEFA,2,FK_Ban%C3%ADk_Sokolov,Sokolov,2011,2011,2011,yes
Vladimír Darida,Czech Republic,UEFA,3,SC_Freiburg,Freiburg,2013–2015,2013,2015,no
Vladimír Darida,Czech Republic,UEFA,4,Hertha_BSC,Hertha BSC,2015–2022,2015,2022,no
Vladimír Darida,Czech Republic,UEFA,5,Aris_Thessaloniki_F.C.,Aris,2022–2025,2022,2025,no
Vladimír Darida,Czech Republic,UEFA,6,FC_Hradec_Kr%C3%A1lov%C3%A9,Hradec Králové,2025–,2025,,no
Adam Hložek,Czech Republic,UEFA,1,AC_Sparta_Prague,Sparta Prague,2018–2022,2018,2022,no
Adam Hložek,Czech Republic,UEFA,2,Bayer_04_Leverkusen,Bayer Leverkusen,2022–2024,2022,2024,no
Adam Hložek,Czech Republic,UEFA,3,TSG_1899_Hoffenheim,TSG Hoffenheim,2024–,2024,,no
Patrik Schick,Czech Republic,UEFA,1,AC_Sparta_Prague,Sparta Prague,2014–2016,2014,2016,no
Patrik Schick,Czech Republic,UEFA,2,Bohemians_1905,Bohemians 1905,2015–2016,2015,2016,yes
Patrik Schick,Czech Republic,UEFA,3,UC_Sampdoria,Sampdoria,2016–2017,2016,2017,no
Patrik Schick,Czech Republic,UEFA,4,AS_Roma,Roma,2017–2020,2017,2020,no
Patrik Schick,Czech Republic,UEFA,5,RB_Leipzig,RB Leipzig,2019–2020,2019,2020,yes
Patrik Schick,Czech Republic,UEFA,6,Bayer_04_Leverkusen,Bayer Leverkusen,2020–,2020,,no
Jan Kuchta,Czech Republic,UEFA,1,SK_Slavia_Prague,Slavia Prague,2016–2020,2016,2020,no
Jan Kuchta,Czech Republic,UEFA,2,Bohemians_1905,Bohemians,2016–2017,2016,2017,yes
Jan Kuchta,Czech Republic,UEFA,3,FK_Viktoria_%C5%BDi%C5%BEkov,Viktoria Žižkov,2018,2018,2018,yes
Jan Kuchta,Czech Republic,UEFA,4,1._FC_Slov%C3%A1cko,Slovácko,2018,2018,2018,yes
Jan Kuchta,Czech Republic,UEFA,5,FK_Teplice,Teplice,2019,2019,2019,yes
Jan Kuchta,Czech Republic,UEFA,6,FC_Slovan_Liberec,Slovan Liberec,2019–2020,2019,2020,yes
Jan Kuchta,Czech Republic,UEFA,7,FC_Slovan_Liberec,Slovan Liberec,2020,2020,2020,no
Jan Kuchta,Czech Republic,UEFA,8,SK_Slavia_Prague,Slavia Prague,2020–2022,2020,2022,no
Jan Kuchta,Czech Republic,UEFA,9,FC_Lokomotiv_Moscow,Lokomotiv Moscow,2022–2023,2022,2023,no
Jan Kuchta,Czech Republic,UEFA,10,AC_Sparta_Prague,Sparta Prague,2022–2023,2022,2023,yes
Jan Kuchta,Czech Republic,UEFA,11,AC_Sparta_Prague,Sparta Prague,2023–2024,2023,2024,no
Jan Kuchta,Czech Republic,UEFA,12,FC_Midtjylland,Midtjylland,2024–2025,2024,2025,no
Jan Kuchta,Czech Republic,UEFA,13,AC_Sparta_Prague,Sparta Prague,2025,2025,2025,yes
Jan Kuchta,Czech Republic,UEFA,14,AC_Sparta_Prague,Sparta Prague,2025–,2025,,no
Lukáš Červ,Czech Republic,UEFA,1,SK_Slavia_Prague,Slavia Prague,2019–2022,2019,2022,no
Lukáš Červ,Czech Republic,UEFA,2,FC_Vyso%C4%8Dina_Jihlava,Vysočina Jihlava,2020–2021,2020,2021,yes
Lukáš Červ,Czech Republic,UEFA,3,FK_Pardubice,Pardubice,2021–2022,2021,2022,yes
Lukáš Červ,Czech Republic,UEFA,4,FC_Slovan_Liberec,Slovan Liberec,2022–2024,2022,2024,no
Lukáš Červ,Czech Republic,UEFA,5,FC_Viktoria_Plze%C5%88,Viktoria Plzeň,2024–,2024,,no
Mojmír Chytil,Czech Republic,UEFA,1,SK_Sigma_Olomouc,Sigma Olomouc,2018–2023,2018,2023,no
Mojmír Chytil,Czech Republic,UEFA,2,SK_Sigma_Olomouc,Sigma Olomouc B,2019–2021,2019,2021,no
Mojmír Chytil,Czech Republic,UEFA,3,FK_Pardubice,Pardubice,2021,2021,2021,yes
Mojmír Chytil,Czech Republic,UEFA,4,SK_Slavia_Prague,Slavia Prague,2023–,2023,,no
David Jurásek,Czech Republic,UEFA,1,FC_Zbrojovka_Brno,Zbrojovka Brno,2020,2020,2020,no
David Jurásek,Czech Republic,UEFA,2,1._SK_Prost%C4%9Bjov,Prostějov,2020−2021,2020,2020,no
David Jurásek,Czech Republic,UEFA,3,FK_Mlad%C3%A1_Boleslav,Mladá Boleslav,2021−2022,2021,2021,no
David Jurásek,Czech Republic,UEFA,4,SK_Slavia_Prague,Slavia Prague,2022–2023,2022,2023,no
David Jurásek,Czech Republic,UEFA,5,SK_Slavia_Prague_B,Slavia Prague B,2022,2022,2022,no
David Jurásek,Czech Republic,UEFA,6,S.L._Benfica,Benfica,2023–2026,2023,2026,no
David Jurásek,Czech Republic,UEFA,7,TSG_1899_Hoffenheim,TSG Hoffenheim,2024–2025,2024,2025,yes
David Jurásek,Czech Republic,UEFA,8,Be%C5%9Fikta%C5%9F_J.K.,Beşiktaş,2025–2026,2025,2026,yes
David Jurásek,Czech Republic,UEFA,9,SK_Slavia_Prague,Slavia Prague,2026–,2026,,no
Pavel Šulc,Czech Republic,UEFA,1,FC_Viktoria_Plze%C5%88,Viktoria Plzeň,2017–2025,2017,2025,no
Pavel Šulc,Czech Republic,UEFA,2,FC_Vyso%C4%8Dina_Jihlava,Vysočina Jihlava,2019,2019,2019,yes
Pavel Šulc,Czech Republic,UEFA,3,SFC_Opava,Opava,2019,2019,2019,yes
Pavel Šulc,Czech Republic,UEFA,4,SK_Dynamo_%C4%8Cesk%C3%A9_Bud%C4%9Bjovice,České Budějovice,2020,2020,2020,yes
Pavel Šulc,Czech Republic,UEFA,5,FK_Jablonec,Jablonec,2022–2023,2022,2023,yes
Pavel Šulc,Czech Republic,UEFA,6,Olympique_Lyonnais,Lyon,2025–,2025,,no
Jindřich Staněk,Czech Republic,UEFA,1,AC_Sparta_Prague,Sparta Prague,2013–2014,2013,2014,no
Jindřich Staněk,Czech Republic,UEFA,2,Everton_F.C.,Everton,2014–2016,2014,2016,no
Jindřich Staněk,Czech Republic,UEFA,3,Hyde_United_F.C.,Hyde United,2015,2015,2015,yes
Jindřich Staněk,Czech Republic,UEFA,4,SK_Dynamo_%C4%8Cesk%C3%A9_Bud%C4%9Bjovice,České Budějovice,2016–2020,2016,2020,no
Jindřich Staněk,Czech Republic,UEFA,5,HFK_T%C5%99eb%C3%AD%C4%8D,Třebíč,2017,2017,2017,yes
Jindřich Staněk,Czech Republic,UEFA,6,FC_Viktoria_Plze%C5%88,Viktoria Plzeň,2020,2020,2020,yes
Jindřich Staněk,Czech Republic,UEFA,7,FC_Viktoria_Plze%C5%88,Viktoria Plzeň,2021–2024,2021,2024,no
Jindřich Staněk,Czech Republic,UEFA,8,SK_Slavia_Prague,Slavia Prague,2024–,2024,,no
Lukáš Provod,Czech Republic,UEFA,1,FC_Viktoria_Plze%C5%88,Viktoria Plzeň,2016–2019,2016,2019,no
Lukáš Provod,Czech Republic,UEFA,2,FK_Ban%C3%ADk_Sokolov,Baník Sokolov,2016–2018,2016,2018,yes
Lukáš Provod,Czech Republic,UEFA,3,SK_Dynamo_%C4%8Cesk%C3%A9_Bud%C4%9Bjovice,České Budějovice,2019,2019,2019,yes
Lukáš Provod,Czech Republic,UEFA,4,SK_Slavia_Prague,Slavia Prague,2019,2019,2019,yes
Lukáš Provod,Czech Republic,UEFA,5,SK_Slavia_Prague,Slavia Prague,2020–,2020,,no
Michal Sadílek,Czech Republic,UEFA,1,Jong_PSV,Jong PSV,2016–2019,2016,2019,no
Michal Sadílek,Czech Republic,UEFA,2,PSV_Eindhoven,PSV,2018–2022,2018,2022,no
Michal Sadílek,Czech Republic,UEFA,3,FC_Slovan_Liberec,Slovan Liberec,2020–2021,2020,2021,yes
Michal Sadílek,Czech Republic,UEFA,4,FC_Twente,Twente,2021–2022,2021,2022,yes
Michal Sadílek,Czech Republic,UEFA,5,FC_Twente,Twente,2022–2025,2022,2025,no
Michal Sadílek,Czech Republic,UEFA,6,SK_Slavia_Prague,Slavia Prague,2025–,2025,,no
Tomáš Chorý,Czech Republic,UEFA,1,SK_Sigma_Olomouc,Sigma Olomouc,2014–2018,2014,2018,no
Tomáš Chorý,Czech Republic,UEFA,2,FC_Viktoria_Plze%C5%88,Viktoria Plzeň,2018–2024,2018,2024,no
Tomáš Chorý,Czech Republic,UEFA,3,S.V._Zulte_Waregem,Zulte Waregem,2020–2021,2020,2021,yes
Tomáš Chorý,Czech Republic,UEFA,4,SK_Slavia_Prague,Slavia Prague,2024–,2024,,no
Jaroslav Zelený,Czech Republic,UEFA,1,FC_Hradec_Kr%C3%A1lov%C3%A9,Hradec Králové,2010–2014,2010,2014,no
Jaroslav Zelený,Czech Republic,UEFA,2,MFK_Karvin%C3%A1,Karviná,2014–2015,2014,2015,yes
Jaroslav Zelený,Czech Republic,UEFA,3,MFK_Karvin%C3%A1,Karviná,2015–2017,2015,2017,no
Jaroslav Zelený,Czech Republic,UEFA,4,FK_Jablonec,Jablonec,2017–2018,2017,2018,no
Jaroslav Zelený,Czech Republic,UEFA,5,SK_Slavia_Prague,Slavia Prague,2018–2021,2018,2021,no
Jaroslav Zelený,Czech Republic,UEFA,6,FK_Mlad%C3%A1_Boleslav,Mladá Boleslav,2020,2020,2020,yes
Jaroslav Zelený,Czech Republic,UEFA,7,FK_Jablonec,Jablonec,2020–2021,2020,2021,yes
Jaroslav Zelený,Czech Republic,UEFA,8,FK_Jablonec,Jablonec,2021–2022,2021,2022,no
Jaroslav Zelený,Czech Republic,UEFA,9,AC_Sparta_Prague,Sparta Prague,2022–,2022,,no
David Douděra,Czech Republic,UEFA,1,FK_Dukla_Prague,Dukla Prague,2017–2019,2017,2019,no
David Douděra,Czech Republic,UEFA,2,FK_Mlad%C3%A1_Boleslav,Mladá Boleslav,2020–2022,2020,2022,no
David Douděra,Czech Republic,UEFA,3,SK_Slavia_Prague,Slavia Prague,2022–,2022,,no
Tomáš Souček,Czech Republic,UEFA,1,SK_Slavia_Prague,Slavia Prague,2014–2020,2014,2020,no
Tomáš Souček,Czech Republic,UEFA,2,FK_Viktoria_%C5%BDi%C5%BEkov,Viktoria Žižkov,2015,2015,2015,yes
Tomáš Souček,Czech Republic,UEFA,3,FC_Slovan_Liberec,Slovan Liberec,2017,2017,2017,yes
Tomáš Souček,Czech Republic,UEFA,4,West_Ham_United_F.C.,West Ham United,2020,2020,2020,yes
Tomáš Souček,Czech Republic,UEFA,5,West_Ham_United_F.C.,West Ham United,2020–,2020,,no
Lukáš Horníček,Czech Republic,UEFA,1,S.C._Braga_B,Braga B,2021–,2021,,no
Lukáš Horníček,Czech Republic,UEFA,2,S.C._Braga,Braga,2021–,2021,,no
Alexandr Sojka,Czech Republic,UEFA,1,FC_Viktoria_Plze%C5%88,Viktoria Plzeň,2021–2025,2021,2025,no
Alexandr Sojka,Czech Republic,UEFA,2,FC_Silon_T%C3%A1borsko,Táborsko,2023–2024,2023,2024,yes
Alexandr Sojka,Czech Republic,UEFA,3,FC_Hradec_Kr%C3%A1lov%C3%A9,Hradec Králové,2025–2026,2025,2026,no
Alexandr Sojka,Czech Republic,UEFA,4,FC_Viktoria_Plze%C5%88,Viktoria Plzeň,2026–,2026,,no
Hugo Sochůrek,Czech Republic,UEFA,1,AC_Sparta_Prague,Sparta Prague,2025–,2025,,no
Hugo Sochůrek,Czech Republic,UEFA,2,AC_Sparta_Prague_B,Sparta Prague B,2025–,2025,,no
Denis Višinský,Czech Republic,UEFA,1,SK_Slavia_Prague,Slavia Prague,2021–2022,2021,2022,no
Denis Višinský,Czech Republic,UEFA,2,FC_Sellier_%26_Bellot_Vla%C5%A1im,Vlašim,2021–2022,2021,2022,yes
Denis Višinský,Czech Republic,UEFA,3,FC_Slovan_Liberec,Slovan Liberec,2022–2025,2022,2025,no
Denis Višinský,Czech Republic,UEFA,4,FC_Viktoria_Plze%C5%88,Viktoria Plzeň,2025–,2025,,no
Raúl Rangel,Mexico,CONCACAF,1,C.D._Tapat%C3%ADo,Tapatío,2020–2023,2020,2023,no
Raúl Rangel,Mexico,CONCACAF,2,C.D._Guadalajara,Guadalajara,2023–,2023,,no
Jorge Sánchez,Mexico,CONCACAF,1,Santos_Laguna,Santos Laguna,2016–2018,2016,2018,no
Jorge Sánchez,Mexico,CONCACAF,2,Club_Am%C3%A9rica,América,2018–2022,2018,2022,no
Jorge Sánchez,Mexico,CONCACAF,3,AFC_Ajax,Ajax,2022–2024,2022,2024,no
Jorge Sánchez,Mexico,CONCACAF,4,FC_Porto,Porto,2023–2024,2023,2024,yes
Jorge Sánchez,Mexico,CONCACAF,5,Cruz_Azul,Cruz Azul,2024–2026,2024,2026,no
Jorge Sánchez,Mexico,CONCACAF,6,PAOK_FC,PAOK,2026–,2026,,no
César Montes,Mexico,CONCACAF,1,C.F._Monterrey,Monterrey,2015–2022,2015,2022,no
César Montes,Mexico,CONCACAF,2,RCD_Espanyol,Espanyol,2023,2023,2023,no
César Montes,Mexico,CONCACAF,3,UD_Almer%C3%ADa,Almería,2023–2024,2023,2024,no
César Montes,Mexico,CONCACAF,4,FC_Lokomotiv_Moscow,Lokomotiv Moscow,2024–,2024,,no
Edson Álvarez,Mexico,CONCACAF,1,Club_Am%C3%A9rica,América,2016–2019,2016,2019,no
Edson Álvarez,Mexico,CONCACAF,2,AFC_Ajax,Ajax,2019–2023,2019,2023,no
Edson Álvarez,Mexico,CONCACAF,3,West_Ham_United_F.C.,West Ham United,2023–,2023,,no
Edson Álvarez,Mexico,CONCACAF,4,Fenerbah%C3%A7e_S.K._(football),Fenerbahçe,2025–,2025,,yes
Johan Vásquez,Mexico,CONCACAF,1,Cimarrones_de_Sonora,Sonora,2017–2018,2017,2018,no
Johan Vásquez,Mexico,CONCACAF,2,C.F._Monterrey,Monterrey,2018–2019,2018,2019,yes
Johan Vásquez,Mexico,CONCACAF,3,C.F._Monterrey,Monterrey,2019–2020,2019,2020,no
Johan Vásquez,Mexico,CONCACAF,4,Pumas_UNAM,UNAM,2020,2020,2020,yes
Johan Vásquez,Mexico,CONCACAF,5,Pumas_UNAM,UNAM,2020–2022,2020,2022,no
Johan Vásquez,Mexico,CONCACAF,6,Genoa_CFC,Genoa,2021–2022,2021,2022,yes
Johan Vásquez,Mexico,CONCACAF,7,Genoa_CFC,Genoa,2022–,2022,,no
Johan Vásquez,Mexico,CONCACAF,8,US_Cremonese,Cremonese,2022–2023,2022,2023,yes
Érik Lira,Mexico,CONCACAF,1,Club_Necaxa,Necaxa,2019,2019,2019,no
Érik Lira,Mexico,CONCACAF,2,Pumas_UNAM,UNAM,2020–2021,2020,2021,no
Érik Lira,Mexico,CONCACAF,3,Cruz_Azul,Cruz Azul,2022–,2022,,no
Luis Romo,Mexico,CONCACAF,1,Quer%C3%A9taro_F.C.,Querétaro,2016–2019,2016,2019,no
Luis Romo,Mexico,CONCACAF,2,Quer%C3%A9taro_F.C._Premier,Querétaro Premier,2016–2018,2016,2018,yes
Luis Romo,Mexico,CONCACAF,3,Cruz_Azul,Cruz Azul,2020–2021,2020,2021,no
Luis Romo,Mexico,CONCACAF,4,C.F._Monterrey,Monterrey,2022–2024,2022,2024,no
Luis Romo,Mexico,CONCACAF,5,Cruz_Azul,Cruz Azul,2024,2024,2024,no
Luis Romo,Mexico,CONCACAF,6,C.D._Guadalajara,Guadalajara,2025–,2025,,no
Álvaro Fidalgo,Mexico,CONCACAF,1,Real_Madrid_Castilla,Real Madrid B,2016–2020,2016,2020,no
Álvaro Fidalgo,Mexico,CONCACAF,2,CF_Rayo_Majadahonda,Rayo Majadahonda,2016–2017,2016,2017,yes
Álvaro Fidalgo,Mexico,CONCACAF,3,Real_Madrid_CF,Real Madrid,2018,2018,2018,no
Álvaro Fidalgo,Mexico,CONCACAF,4,CD_Castell%C3%B3n,Castellón,2020–2021,2020,2021,no
Álvaro Fidalgo,Mexico,CONCACAF,5,Club_Am%C3%A9rica,América,2021,2021,2021,yes
Álvaro Fidalgo,Mexico,CONCACAF,6,Club_Am%C3%A9rica,América,2021–2026,2021,2026,no
Álvaro Fidalgo,Mexico,CONCACAF,7,Real_Betis,Betis,2026–,2026,,no
Raúl Jiménez,Mexico,CONCACAF,1,Club_Am%C3%A9rica,América,2011–2014,2011,2014,no
Raúl Jiménez,Mexico,CONCACAF,2,Atl%C3%A9tico_Madrid,Atlético Madrid,2014–2015,2014,2015,no
Raúl Jiménez,Mexico,CONCACAF,3,S.L._Benfica,Benfica,2015–2019,2015,2019,no
Raúl Jiménez,Mexico,CONCACAF,4,Wolverhampton_Wanderers_F.C.,Wolverhampton Wanderers,2018–2019,2018,2019,yes
Raúl Jiménez,Mexico,CONCACAF,5,Wolverhampton_Wanderers_F.C.,Wolverhampton Wanderers,2019–2023,2019,2023,no
Raúl Jiménez,Mexico,CONCACAF,6,Fulham_F.C.,Fulham,2023–2026,2023,2026,no
Raúl Jiménez,Mexico,CONCACAF,7,Wolverhampton_Wanderers_F.C.,Wolverhampton Wanderers,2026–,2026,,no
Alexis Vega,Mexico,CONCACAF,1,Toluca_FC,Toluca,2016–2019,2016,2019,no
Alexis Vega,Mexico,CONCACAF,2,C.D._Guadalajara,Guadalajara,2019–2023,2019,2023,no
Alexis Vega,Mexico,CONCACAF,3,Toluca_FC,Toluca,2024–,2024,,no
Santiago Giménez,Mexico,CONCACAF,1,Cruz_Azul,Cruz Azul,2017–2022,2017,2022,no
Santiago Giménez,Mexico,CONCACAF,2,Feyenoord,Feyenoord,2022–2025,2022,2025,no
Santiago Giménez,Mexico,CONCACAF,3,AC_Milan,AC Milan,2025–,2025,,no
Carlos Acevedo,Mexico,CONCACAF,1,Santos_Laguna,Santos Laguna,2016–,2016,,no
Guillermo Ochoa,Mexico,CONCACAF,1,Tigres_UANL_Premier,Tigrillos Coapa,2003,2003,2003,no
Guillermo Ochoa,Mexico,CONCACAF,2,Club_Am%C3%A9rica,América,2004–2011,2004,2011,no
Guillermo Ochoa,Mexico,CONCACAF,3,San_Luis_F.C.,San Luis,2004,2004,2004,yes
Guillermo Ochoa,Mexico,CONCACAF,4,AC_Ajaccio,Ajaccio,2011–2014,2011,2014,no
Guillermo Ochoa,Mexico,CONCACAF,5,M%C3%A1laga_CF,Málaga,2014–2017,2014,2017,no
Guillermo Ochoa,Mexico,CONCACAF,6,Granada_CF,Granada,2016–2017,2016,2017,yes
Guillermo Ochoa,Mexico,CONCACAF,7,Standard_Li%C3%A8ge,Standard Liège,2017–2019,2017,2019,no
Guillermo Ochoa,Mexico,CONCACAF,8,Club_Am%C3%A9rica,América,2019–2022,2019,2022,no
Guillermo Ochoa,Mexico,CONCACAF,9,US_Salernitana_1919,Salernitana,2022–2024,2022,2024,no
Guillermo Ochoa,Mexico,CONCACAF,10,AVS_Futebol_SAD,AVS,2024–2025,2024,2025,no
Guillermo Ochoa,Mexico,CONCACAF,11,AEL_Limassol,AEL Limassol,2025–2026,2025,2026,no
Armando González,Mexico,CONCACAF,1,C.D._Tapat%C3%ADo,Tapatío,2020–2023,2020,2023,no
Armando González,Mexico,CONCACAF,2,C.D._Guadalajara,Guadalajara,2024–,2024,,no
Israel Reyes,Mexico,CONCACAF,1,Atlas_F.C.,Atlas,2019–2021,2019,2021,no
Israel Reyes,Mexico,CONCACAF,2,Club_Puebla,Puebla,2020–2021,2020,2021,yes
Israel Reyes,Mexico,CONCACAF,3,Club_Puebla,Puebla,2021–2022,2021,2022,no
Israel Reyes,Mexico,CONCACAF,4,Club_Am%C3%A9rica,América,2023–,2023,,no
Julián Quiñones,Mexico,CONCACAF,1,Tigres_UANL,Tigres UANL,2016–2021,2016,2021,no
Julián Quiñones,Mexico,CONCACAF,2,Venados_F.C.,Venados,2016,2016,2016,yes
Julián Quiñones,Mexico,CONCACAF,3,Lobos_BUAP,Lobos BUAP,2017–2018,2017,2018,yes
Julián Quiñones,Mexico,CONCACAF,4,Atlas_F.C.,Atlas,2021,2021,2021,yes
Julián Quiñones,Mexico,CONCACAF,5,Atlas_F.C.,Atlas,2022–2023,2022,2023,no
Julián Quiñones,Mexico,CONCACAF,6,Club_Am%C3%A9rica,América,2023–2024,2023,2024,no
Julián Quiñones,Mexico,CONCACAF,7,Al_Qadsiah_FC,Al-Qadsiah,2024–,2024,,no
Orbelín Pineda,Mexico,CONCACAF,1,Quer%C3%A9taro_F.C.,Querétaro,2014–2015,2014,2015,no
Orbelín Pineda,Mexico,CONCACAF,2,C.D._Guadalajara,Guadalajara,2016–2018,2016,2018,no
Orbelín Pineda,Mexico,CONCACAF,3,Cruz_Azul,Cruz Azul,2019–2022,2019,2022,no
Orbelín Pineda,Mexico,CONCACAF,4,RC_Celta_de_Vigo,Celta,2022–2023,2022,2023,no
Orbelín Pineda,Mexico,CONCACAF,5,AEK_Athens_F.C.,AEK Athens,2022–2023,2022,2023,yes
Orbelín Pineda,Mexico,CONCACAF,6,AEK_Athens_F.C.,AEK Athens,2023–,2023,,no
Obed Vargas,Mexico,CONCACAF,1,Tacoma_Defiance,Tacoma Defiance,2021,2021,2021,no
Obed Vargas,Mexico,CONCACAF,2,Seattle_Sounders_FC,Seattle Sounders FC,2021–2026,2021,2026,no
Obed Vargas,Mexico,CONCACAF,3,Atl%C3%A9tico_Madrid,Atlético Madrid,2026–,2026,,no
Gilberto Mora,Mexico,CONCACAF,1,Club_Tijuana,Tijuana,2024–,2024,,no
Mateo Chávez,Mexico,CONCACAF,1,C.D._Tapat%C3%ADo,Tapatío,2022–2024,2022,2024,no
Mateo Chávez,Mexico,CONCACAF,2,C.D._Guadalajara,Guadalajara,2024–2025,2024,2025,no
Mateo Chávez,Mexico,CONCACAF,3,AZ_Alkmaar,AZ,2025–,2025,,no
César Huerta,Mexico,CONCACAF,1,C.D._Guadalajara,Guadalajara,2018–2022,2018,2022,no
César Huerta,Mexico,CONCACAF,2,Atl%C3%A9tico_Zacatepec,Zacatepec,2019,2019,2019,yes
César Huerta,Mexico,CONCACAF,3,Monarcas_Morelia,Morelia,2020,2020,2020,yes
César Huerta,Mexico,CONCACAF,4,Mazatl%C3%A1n_F.C.,Mazatlán,2020,2020,2020,yes
César Huerta,Mexico,CONCACAF,5,C.D._Tapat%C3%ADo,Tapatío,2021,2021,2021,yes
César Huerta,Mexico,CONCACAF,6,Pumas_UNAM,Pumas,2022–2024,2022,2024,no
César Huerta,Mexico,CONCACAF,7,RSC_Anderlecht,Anderlecht,2025–,2025,,no
Guillermo Martínez,Mexico,CONCACAF,1,C.F._Pachuca,Pachuca,2013–2019,2013,2019,no
Guillermo Martínez,Mexico,CONCACAF,2,Lobos_BUAP,BUAP,2016,2016,2016,yes
Guillermo Martínez,Mexico,CONCACAF,3,Coras_de_Nayarit_F.C.,Coras,2016,2016,2016,yes
Guillermo Martínez,Mexico,CONCACAF,4,C.D._Guadalajara,Guadalajara,2017,2017,2017,yes
Guillermo Martínez,Mexico,CONCACAF,5,Mineros_de_Zacatecas,Zacatecas,2017–2019,2017,2019,yes
Guillermo Martínez,Mexico,CONCACAF,6,Cafetaleros_de_Chiapas,Cafetaleros,2019–2020,2019,2020,no
Guillermo Martínez,Mexico,CONCACAF,7,Celaya_F.C.,Celaya,2020,2020,2020,no
Guillermo Martínez,Mexico,CONCACAF,8,Club_Puebla,Puebla,2021–2023,2021,2023,no
Guillermo Martínez,Mexico,CONCACAF,9,Pumas_UNAM,Pumas,2024–,2024,,no
Jesús Gallardo,Mexico,CONCACAF,1,Pumas_UNAM,UNAM,2014–2018,2014,2018,no
Jesús Gallardo,Mexico,CONCACAF,2,C.F._Monterrey,Monterrey,2018–2024,2018,2024,no
Jesús Gallardo,Mexico,CONCACAF,3,Toluca_FC,Toluca,2024–,2024,,no
Luis Chávez,Mexico,CONCACAF,1,Club_Tijuana,Tijuana,2014–2019,2014,2019,no
Luis Chávez,Mexico,CONCACAF,2,C.F._Pachuca,Pachuca,2019–2023,2019,2023,no
Luis Chávez,Mexico,CONCACAF,3,FC_Dynamo_Moscow,Dynamo Moscow,2023–,2023,,no
Roberto Alvarado,Mexico,CONCACAF,1,Celaya_F.C.,Celaya,2013–2016,2013,2016,no
Roberto Alvarado,Mexico,CONCACAF,2,C.F._Pachuca,Pachuca,2017,2017,2017,no
Roberto Alvarado,Mexico,CONCACAF,3,Club_Necaxa,Necaxa,2017–2018,2017,2018,no
Roberto Alvarado,Mexico,CONCACAF,4,Cruz_Azul,Cruz Azul,2018–2021,2018,2021,no
Roberto Alvarado,Mexico,CONCACAF,5,C.D._Guadalajara,Guadalajara,2022–,2022,,no
Brian Gutiérrez,Mexico,CONCACAF,1,Chicago_Fire_FC,Chicago Fire,2020–2025,2020,2025,no
Brian Gutiérrez,Mexico,CONCACAF,2,C.D._Guadalajara,Guadalajara,2026–,2026,,no
Ronwen Williams,South Africa,CAF,1,SuperSport_United_F.C.,SuperSport United,2010–2022,2010,2022,no
Ronwen Williams,South Africa,CAF,2,Mamelodi_Sundowns,Mamelodi Sundowns,2022–,2022,,no
Thabang Matuludi,South Africa,CAF,1,Polokwane_City_F.C.,Polokwane City,2021–,2021,,no
Khulumani Ndamane,South Africa,CAF,1,TS_Galaxy_F.C.,TS Galaxy,2024–2025,2024,2025,no
Khulumani Ndamane,South Africa,CAF,2,Mamelodi_Sundowns_F.C.,Mamelodi Sundowns,2026–,2026,,no
Teboho Mokoena,South Africa,CAF,1,SuperSport_United_F.C.,SuperSport United,2016–2022,2016,2022,no
Teboho Mokoena,South Africa,CAF,2,Mamelodi_Sundowns_F.C.,Mamelodi Sundowns,2022–,2022,,no
Thalente Mbatha,South Africa,CAF,1,Highlands_Park_F.C.,Highlands Park,2020,2020,2020,no
Thalente Mbatha,South Africa,CAF,2,SuperSport_United_F.C.,SuperSport United,2020–2024,2020,2024,no
Thalente Mbatha,South Africa,CAF,3,Orlando_Pirates_F.C.,Orlando Pirates,2024–,2024,,no
Aubrey Modiba,South Africa,CAF,1,Mpumalanga_Black_Aces_F.C.,Mpumalanga Black Aces,2014–2016,2014,2016,no
Aubrey Modiba,South Africa,CAF,2,Cape_Town_City_F.C._(2016),Cape Town City,2016,2016,2016,no
Aubrey Modiba,South Africa,CAF,3,SuperSport_United_F.C.,SuperSport United,2016–2020,2016,2020,no
Aubrey Modiba,South Africa,CAF,4,Mamelodi_Sundowns_F.C.,Mamelodi Sundowns,2020–,2020,,no
Oswin Appollis,South Africa,CAF,1,SuperSport_United_F.C.,SuperSport United,2019–2022,2019,2022,no
Oswin Appollis,South Africa,CAF,2,University_of_Pretoria_F.C.,University of Pretoria,2021,2021,2021,yes
Oswin Appollis,South Africa,CAF,3,Pretoria_Callies_F.C.,Pretoria Callies,2022–2023,2022,2023,no
Oswin Appollis,South Africa,CAF,4,Polokwane_City_F.C.,Polokwane City FC,2023–2025,2023,2025,no
Oswin Appollis,South Africa,CAF,5,Orlando_Pirates_F.C.,Orlando Pirates,2025–,2025,,no
Tshepang Moremi,South Africa,CAF,1,Bizana_Pondo_Chiefs_F.C.,Bizana Pondo Chiefs,2020–2021,2020,2021,no
Tshepang Moremi,South Africa,CAF,2,AmaZulu_F.C.,AmaZulu,2021–2025,2021,2025,no
Tshepang Moremi,South Africa,CAF,3,JDR_Stars_F.C.,JDR Stars,2022–2023,2022,2023,yes
Tshepang Moremi,South Africa,CAF,4,Orlando_Pirates_F.C.,Orlando Pirates,2025–,2025,,no
Lyle Foster,South Africa,CAF,1,Orlando_Pirates,Orlando Pirates,2017–2019,2017,2019,no
Lyle Foster,South Africa,CAF,2,AS_Monaco_FC,Monaco II,2019,2019,2019,no
Lyle Foster,South Africa,CAF,3,AS_Monaco_FC,Monaco,2019–2020,2019,2020,no
Lyle Foster,South Africa,CAF,4,Cercle_Brugge,Cercle Brugge,2019–2020,2019,2020,yes
Lyle Foster,South Africa,CAF,5,Vit%C3%B3ria_S.C.,Vitória de Guimarães,2020–2022,2020,2022,no
Lyle Foster,South Africa,CAF,6,Vit%C3%B3ria_S.C._B,Vitória de Guimarães B,2021,2021,2021,no
Lyle Foster,South Africa,CAF,7,K.V.C._Westerlo,Westerlo,2021–2022,2021,2022,yes
Lyle Foster,South Africa,CAF,8,K.V.C._Westerlo,Westerlo,2022–2023,2022,2023,no
Lyle Foster,South Africa,CAF,9,Burnley_F.C.,Burnley,2023–,2023,,no
Relebohile Mofokeng,South Africa,CAF,1,Orlando_Pirates_F.C.,Orlando Pirates,2023–,2023,,no
Themba Zwane,South Africa,CAF,1,Mamelodi_Sundowns_F.C.,Mamelodi Sundowns,2011–,2011,,no
Themba Zwane,South Africa,CAF,2,Mpumalanga_Black_Aces_F.C.,Mpumalanga Black Aces,2013–2014,2013,2014,yes
Thapelo Maseko,South Africa,CAF,1,SuperSport_United_F.C.,SuperSport United,2021–2023,2021,2023,no
Thapelo Maseko,South Africa,CAF,2,Mamelodi_Sundowns_F.C.,Mamelodi Sundowns,2023–,2023,,no
Thapelo Maseko,South Africa,CAF,3,AEL_Limassol,AEL Limassol,2026,2026,2026,yes
Sphephelo Sithole,South Africa,CAF,1,B-SAD,B-SAD,2019–2023,2019,2023,no
Sphephelo Sithole,South Africa,CAF,2,C.D._Tondela,Tondela,2023–,2023,,no
Sphephelo Sithole,South Africa,CAF,3,Gil_Vicente_F.C.,Gil Vicente,2024–2025,2024,2025,yes
Mbekezeli Mbokazi,South Africa,CAF,1,Orlando_Pirates_F.C.,Orlando Pirates,2025,2025,2025,no
Mbekezeli Mbokazi,South Africa,CAF,2,Chicago_Fire_FC,Chicago Fire,2026–,2026,,no
Iqraam Rayners,South Africa,CAF,1,Santos_F.C._(South_Africa),Santos,2014–2017,2014,2017,no
Iqraam Rayners,South Africa,CAF,2,Stellenbosch_F.C.,Stellenbosch,2017–2020,2017,2020,no
Iqraam Rayners,South Africa,CAF,3,SuperSport_United_F.C.,SuperSport United,2020–2023,2020,2023,no
Iqraam Rayners,South Africa,CAF,4,Stellenbosch_F.C.,Stellenbosch,2023–2024,2023,2024,no
Iqraam Rayners,South Africa,CAF,5,Mamelodi_Sundowns,Mamelodi Sundowns,2024–,2024,,no
Sipho Chaine,South Africa,CAF,1,Bloemfontein_Celtic_F.C.,Bloemfontein Celtic,2016–2021,2016,2021,no
Sipho Chaine,South Africa,CAF,2,Royal_AM_F.C.,Royal AM,2021–2022,2021,2022,no
Sipho Chaine,South Africa,CAF,3,Chippa_United_F.C.,Chippa United,2022,2022,2022,no
Sipho Chaine,South Africa,CAF,4,Orlando_Pirates_F.C.,Orlando Pirates,2022–,2022,,no
Evidence Makgopa,South Africa,CAF,1,Baroka_F.C.,Baroka,2019–2022,2019,2022,no
Evidence Makgopa,South Africa,CAF,2,Orlando_Pirates_F.C.,Orlando Pirates,2022–,2022,,no
Samukele Kabini,South Africa,CAF,1,TS_Galaxy_F.C.,TS Galaxy,2023–2025,2023,2025,no
Samukele Kabini,South Africa,CAF,2,Molde_FK,Molde,2025–,2025,,no
Nkosinathi Sibisi,South Africa,CAF,1,Lamontville_Golden_Arrows_F.C.,Lamontville Golden Arrows,2015–2022,2015,2022,no
Nkosinathi Sibisi,South Africa,CAF,2,Orlando_Pirates_F.C.,Orlando Pirates,2022–,2022,,no
Khuliso Mudau,South Africa,CAF,1,JDR_Stars_F.C.,JDR Stars,,,,no
Khuliso Mudau,South Africa,CAF,2,Magesi_F.C.,Magesi,2016–2017,2016,2017,no
Khuliso Mudau,South Africa,CAF,3,Black_Leopards_F.C.,Black Leopards,2017–2020,2017,2020,no
Khuliso Mudau,South Africa,CAF,4,Mamelodi_Sundowns_F.C.,Mamelodi Sundowns,2020–,2020,,no
Ime Okon,South Africa,CAF,1,SuperSport_United_F.C.,SuperSport United,2023–2025,2023,2025,no
Ime Okon,South Africa,CAF,2,Hannover_96,Hannover 96,2025–,2025,,no
Ricardo Goss,South Africa,CAF,1,Lamontville_Golden_Arrows_F.C.,Lamontville Golden Arrows,2013–2017,2013,2017,no
Ricardo Goss,South Africa,CAF,2,Real_Kings_F.C.,Real Kings,2017–2018,2017,2018,no
Ricardo Goss,South Africa,CAF,3,Bidvest_Wits_F.C.,Bidvest Wits,2018–2020,2018,2020,no
Ricardo Goss,South Africa,CAF,4,Mamelodi_Sundowns_F.C.,Mamelodi Sundowns,2020–,2020,,no
Ricardo Goss,South Africa,CAF,5,SuperSport_United_F.C.,SuperSport United,2022–,2022,,yes
Jayden Adams,South Africa,CAF,1,Stellenbosch_F.C.,Stellenbosch,2020–2025,2020,2025,no
Jayden Adams,South Africa,CAF,2,Mamelodi_Sundowns_F.C.,Mamelodi Sundowns,2025–,2025,,no
Olwethu Makhanya,South Africa,CAF,1,Stellenbosch_F.C.,Stellenbosch,2022–2023,2022,2023,no
Olwethu Makhanya,South Africa,CAF,2,Philadelphia_Union,Philadelphia Union,2023–,2023,,no
Olwethu Makhanya,South Africa,CAF,3,Philadelphia_Union_II,Philadelphia Union II,2023–2024,2023,2024,yes
Kamogelo Sebelebele,South Africa,CAF,1,TS_Galaxy_F.C.,TS Galaxy F.C.,2022–2025,2022,2025,no
Kamogelo Sebelebele,South Africa,CAF,2,Orlando_Pirates,Orlando Pirates,2025–,2025,,no
Bradley Cross,South Africa,CAF,1,Newcastle_United_F.C.,Newcastle United,2020–2022,2020,2022,no
Bradley Cross,South Africa,CAF,2,Maritzburg_United_F.C.,Maritzburg United,2023,2023,2023,no
Bradley Cross,South Africa,CAF,3,Lamontville_Golden_Arrows_F.C.,Golden Arrows,2023–2024,2023,2024,no
Bradley Cross,South Africa,CAF,4,Kaizer_Chiefs_F.C.,Kaizer Chiefs,2024–,2024,,no
Kim Seung-gyu,South Korea,AFC,1,Ulsan_Hyundai_FC,Ulsan Hyundai,2008–2015,2008,2015,no
Kim Seung-gyu,South Korea,AFC,2,Vissel_Kobe,Vissel Kobe,2016–2019,2016,2019,no
Kim Seung-gyu,South Korea,AFC,3,Ulsan_Hyundai_FC,Ulsan Hyundai,2019,2019,2019,no
Kim Seung-gyu,South Korea,AFC,4,Kashiwa_Reysol,Kashiwa Reysol,2020–2022,2020,2022,no
Kim Seung-gyu,South Korea,AFC,5,Al_Shabab_FC_(Riyadh),Al-Shabab,2022–2025,2022,2025,no
Kim Seung-gyu,South Korea,AFC,6,FC_Tokyo,FC Tokyo,2025–,2025,,no
Lee Han-beom,South Korea,AFC,1,FC_Seoul,FC Seoul,2021–2023,2021,2023,no
Lee Han-beom,South Korea,AFC,2,FC_Midtjylland,Midtjylland,2023–,2023,,no
Lee Gi-hyuk,South Korea,AFC,1,Suwon_FC,Suwon FC,2021–2022,2021,2022,no
Lee Gi-hyuk,South Korea,AFC,2,Jeju_United_FC,Jeju United,2023,2023,2023,no
Lee Gi-hyuk,South Korea,AFC,3,Gangwon_FC,Gangwon FC,2024–,2024,,no
Kim Min-jae,South Korea,AFC,1,Gyeongju_Korea_Hydro_%26_Nuclear_Power_FC,Gyeongju KHNP,2016,2016,2016,no
Kim Min-jae,South Korea,AFC,2,Jeonbuk_Hyundai_Motors,Jeonbuk Hyundai Motors,2017–2018,2017,2018,no
Kim Min-jae,South Korea,AFC,3,Beijing_Guoan_F.C.,Beijing Guoan,2019–2021,2019,2021,no
Kim Min-jae,South Korea,AFC,4,Fenerbah%C3%A7e_S.K._(football),Fenerbahçe,2021–2022,2021,2022,no
Kim Min-jae,South Korea,AFC,5,SSC_Napoli,Napoli,2022–2023,2022,2023,no
Kim Min-jae,South Korea,AFC,6,FC_Bayern_Munich,Bayern Munich,2023–,2023,,no
Kim Tae-hyeon,South Korea,AFC,1,Ulsan_Hyundai_FC,Ulsan Hyundai,2019–2023,2019,2023,no
Kim Tae-hyeon,South Korea,AFC,2,Daejeon_Citizen_FC,Daejeon Citizen,2019,2019,2019,yes
Kim Tae-hyeon,South Korea,AFC,3,Seoul_E-Land_FC,Seoul E-Land,2020,2020,2020,yes
Kim Tae-hyeon,South Korea,AFC,4,Vegalta_Sendai,Vegalta Sendai,2022–2023,2022,2023,yes
Kim Tae-hyeon,South Korea,AFC,5,Sagan_Tosu,Sagan Tosu,2024,2024,2024,no
Kim Tae-hyeon,South Korea,AFC,6,Kashima_Antlers,Kashima Antlers,2025–,2025,,no
Hwang In-beom,South Korea,AFC,1,Daejeon_Citizen,Daejeon Citizen,2015–2018,2015,2018,no
Hwang In-beom,South Korea,AFC,2,Asan_Mugunghwa,Asan Mugunghwa,2018,2018,2018,yes
Hwang In-beom,South Korea,AFC,3,Vancouver_Whitecaps_FC,Vancouver Whitecaps,2019–2020,2019,2020,no
Hwang In-beom,South Korea,AFC,4,FC_Rubin_Kazan,Rubin Kazan,2020–2022,2020,2022,no
Hwang In-beom,South Korea,AFC,5,FC_Seoul,Seoul,2022,2022,2022,yes
Hwang In-beom,South Korea,AFC,6,Olympiacos_F.C.,Olympiacos,2022–2023,2022,2023,no
Hwang In-beom,South Korea,AFC,7,Red_Star_Belgrade,Red Star Belgrade,2023–2024,2023,2024,no
Hwang In-beom,South Korea,AFC,8,Feyenoord,Feyenoord,2024–,2024,,no
Son Heung-min,South Korea,AFC,1,Hamburger_SV_II,Hamburger SV II,2010,2010,2010,no
Son Heung-min,South Korea,AFC,2,Hamburger_SV,Hamburger SV,2010–2013,2010,2013,no
Son Heung-min,South Korea,AFC,3,Bayer_04_Leverkusen,Bayer Leverkusen,2013–2015,2013,2015,no
Son Heung-min,South Korea,AFC,4,Tottenham_Hotspur_F.C.,Tottenham Hotspur,2015–2025,2015,2025,no
Son Heung-min,South Korea,AFC,5,Los_Angeles_FC,Los Angeles FC,2025–,2025,,no
Paik Seung-ho,South Korea,AFC,1,FC_Barcelona_B,Barcelona B,2016–2017,2016,2017,no
Paik Seung-ho,South Korea,AFC,2,CF_Peralada,Peralada,2017–2019,2017,2019,no
Paik Seung-ho,South Korea,AFC,3,Girona_FC,Girona,2019,2019,2019,no
Paik Seung-ho,South Korea,AFC,4,SV_Darmstadt_98,Darmstadt 98,2019–2021,2019,2021,no
Paik Seung-ho,South Korea,AFC,5,Jeonbuk_Hyundai_Motors,Jeonbuk Hyundai Motors,2021–2023,2021,2023,no
Paik Seung-ho,South Korea,AFC,6,Birmingham_City_F.C.,Birmingham City,2024–,2024,,no
Cho Gue-sung,South Korea,AFC,1,FC_Anyang,FC Anyang,2019,2019,2019,no
Cho Gue-sung,South Korea,AFC,2,Jeonbuk_Hyundai_Motors,Jeonbuk Hyundai Motors,2020–2023,2020,2023,no
Cho Gue-sung,South Korea,AFC,3,Gimcheon_Sangmu_FC,Gimcheon Sangmu,2021–2022,2021,2022,yes
Cho Gue-sung,South Korea,AFC,4,FC_Midtjylland,Midtjylland,2023–,2023,,no
Lee Jae-sung,South Korea,AFC,1,Jeonbuk_Hyundai_Motors,Jeonbuk Hyundai Motors,2014–2018,2014,2018,no
Lee Jae-sung,South Korea,AFC,2,Holstein_Kiel,Holstein Kiel,2018–2021,2018,2021,no
Lee Jae-sung,South Korea,AFC,3,1._FSV_Mainz_05,Mainz 05,2021–,2021,,no
Hwang Hee-chan,South Korea,AFC,1,FC_Red_Bull_Salzburg,Red Bull Salzburg,2015–2020,2015,2020,no
Hwang Hee-chan,South Korea,AFC,2,FC_Liefering,FC Liefering,2015–2016,2015,2016,yes
Hwang Hee-chan,South Korea,AFC,3,Hamburger_SV,Hamburger SV,2018–2019,2018,2019,yes
Hwang Hee-chan,South Korea,AFC,4,RB_Leipzig,RB Leipzig,2020–2022,2020,2022,no
Hwang Hee-chan,South Korea,AFC,5,Wolverhampton_Wanderers_F.C.,Wolverhampton Wanderers,2021–2022,2021,2022,yes
Hwang Hee-chan,South Korea,AFC,6,Wolverhampton_Wanderers_F.C.,Wolverhampton Wanderers,2022–,2022,,no
Song Bum-keun,South Korea,AFC,1,Jeonbuk_Hyundai_Motors,Jeonbuk Hyundai Motors,2018–2022,2018,2022,no
Song Bum-keun,South Korea,AFC,2,Shonan_Bellmare,Shonan Bellmare,2023–2024,2023,2024,no
Song Bum-keun,South Korea,AFC,3,Jeonbuk_Hyundai_Motors,Jeonbuk Hyundai Motors,2025–,2025,,no
Lee Tae-seok,South Korea,AFC,1,FC_Seoul,FC Seoul,2021–2024,2021,2024,no
Lee Tae-seok,South Korea,AFC,2,Pohang_Steelers,Pohang Steelers,2024–2025,2024,2025,no
Lee Tae-seok,South Korea,AFC,3,FK_Austria_Wien,Austria Wien,2025–,2025,,no
Cho Wi-je,South Korea,AFC,1,Busan_IPark,Busan IPark,2022–2025,2022,2025,no
Cho Wi-je,South Korea,AFC,2,Jeonbuk_Hyundai_Motors,Jeonbuk Hyundai Motors,2026–,2026,,no
Kim Moon-hwan,South Korea,AFC,1,Busan_IPark,Busan IPark,2017–2020,2017,2020,no
Kim Moon-hwan,South Korea,AFC,2,Los_Angeles_FC,Los Angeles FC,2021–2022,2021,2022,no
Kim Moon-hwan,South Korea,AFC,3,Jeonbuk_Hyundai_Motors,Jeonbuk Hyundai Motors,2022–2023,2022,2023,no
Kim Moon-hwan,South Korea,AFC,4,Al-Duhail_SC,Al-Duhail,2023–2024,2023,2024,no
Kim Moon-hwan,South Korea,AFC,5,Daejeon_Hana_Citizen,Daejeon Hana Citizen,2024–,2024,,no
Park Jin-seob,South Korea,AFC,1,Daejeon_Korail_FC,Daejeon Korail,2017,2017,2017,no
Park Jin-seob,South Korea,AFC,2,Ansan_Greeners_FC,Ansan Greeners,2018–2019,2018,2019,no
Park Jin-seob,South Korea,AFC,3,Daejeon_Hana_Citizen,Daejeon Hana Citizen,2020–2021,2020,2021,no
Park Jin-seob,South Korea,AFC,4,Jeonbuk_Hyundai_Motors,Jeonbuk Hyundai Motors,2022–2025,2022,2025,no
Park Jin-seob,South Korea,AFC,5,Zhejiang_Professional_F.C.,Zhejiang FC,2026–,2026,,no
Bae Jun-ho,South Korea,AFC,1,Daejeon_Hana_Citizen,Daejeon Hana Citizen,2022–2023,2022,2023,no
Bae Jun-ho,South Korea,AFC,2,Stoke_City_F.C.,Stoke City,2023–,2023,,no
Oh Hyeon-gyu,South Korea,AFC,1,Suwon_Samsung_Bluewings,Suwon Samsung Bluewings,2019–2023,2019,2023,no
Oh Hyeon-gyu,South Korea,AFC,2,Gimcheon_Sangmu_FC,Gimcheon Sangmu,2020–2021,2020,2021,yes
Oh Hyeon-gyu,South Korea,AFC,3,Celtic_F.C.,Celtic,2023–2024,2023,2024,no
Oh Hyeon-gyu,South Korea,AFC,4,KRC_Genk,Genk,2024–2026,2024,2026,no
Oh Hyeon-gyu,South Korea,AFC,5,Be%C5%9Fikta%C5%9F_J.K.,Beşiktaş,2026–,2026,,no
Lee Kang-in,South Korea,AFC,1,Valencia_CF_Mestalla,Valencia B,2017–2019,2017,2019,no
Lee Kang-in,South Korea,AFC,2,Valencia_CF,Valencia,2018–2021,2018,2021,no
Lee Kang-in,South Korea,AFC,3,RCD_Mallorca,Mallorca,2021–2023,2021,2023,no
Lee Kang-in,South Korea,AFC,4,Paris_Saint-Germain_FC,Paris Saint-Germain,2023–,2023,,no
Yang Hyun-jun,South Korea,AFC,1,Gangwon_FC,Gangwon FC,2021–2023,2021,2023,no
Yang Hyun-jun,South Korea,AFC,2,Celtic_F.C.,Celtic,2023–,2023,,no
Jo Hyeon-woo,South Korea,AFC,1,Daegu_FC,Daegu FC,2013–2019,2013,2019,no
Jo Hyeon-woo,South Korea,AFC,2,Ulsan_HD_FC,Ulsan HD,2020–,2020,,no
Seol Young-woo,South Korea,AFC,1,Ulsan_HD_FC,Ulsan HD,2020–2024,2020,2024,no
Seol Young-woo,South Korea,AFC,2,Red_Star_Belgrade,Red Star Belgrade,2024–,2024,,no
Jens Castrop,South Korea,AFC,1,1._FC_K%C3%B6ln_II,1. FC Köln II,2020–2023,2020,2023,no
Jens Castrop,South Korea,AFC,2,1._FC_N%C3%BCrnberg,1. FC Nürnberg,2022–2023,2022,2023,yes
Jens Castrop,South Korea,AFC,3,1._FC_N%C3%BCrnberg_II,1. FC Nürnberg II,2022,2022,2022,yes
Jens Castrop,South Korea,AFC,4,1._FC_N%C3%BCrnberg,1. FC Nürnberg,2023–2025,2023,2025,no
Jens Castrop,South Korea,AFC,5,Borussia_M%C3%B6nchengladbach,Borussia Mönchengladbach,2025–,2025,,no
Kim Jin-gyu,South Korea,AFC,1,Busan_IPark,Busan IPark,2015–2022,2015,2022,no
Kim Jin-gyu,South Korea,AFC,2,Jeonbuk_Hyundai_Motors,Jeonbuk Hyundai Motors,2022–,2022,,no
Kim Jin-gyu,South Korea,AFC,3,Gimcheon_Sangmu_FC,Gimcheon Sangmu,2023–2024,2023,2024,yes
Eom Ji-sung,South Korea,AFC,1,Gwangju_FC,Gwangju FC,2021–2024,2021,2024,no
Eom Ji-sung,South Korea,AFC,2,Swansea_City_A.F.C.,Swansea City,2024–,2024,,no
Lee Dong-gyeong,South Korea,AFC,1,Ulsan_HD_FC,Ulsan HD,2018–,2018,,no
Lee Dong-gyeong,South Korea,AFC,2,FC_Anyang,FC Anyang,2018,2018,2018,yes
Lee Dong-gyeong,South Korea,AFC,3,FC_Schalke_04,Schalke 04,2022,2022,2022,yes
Lee Dong-gyeong,South Korea,AFC,4,FC_Hansa_Rostock,Hansa Rostock,2022–2023,2022,2023,yes
Lee Dong-gyeong,South Korea,AFC,5,Gimcheon_Sangmu_FC,Gimcheon Sangmu,2024–2025,2024,2025,yes
Nikola Vasilj,Bosnia and Herzegovina,UEFA,1,H%C5%A0K_Zrinjski_Mostar,Zrinjski Mostar,2013–2017,2013,2017,no
Nikola Vasilj,Bosnia and Herzegovina,UEFA,2,FK_Igman_Konjic,Igman Konjic,2014–2015,2014,2015,yes
Nikola Vasilj,Bosnia and Herzegovina,UEFA,3,HNK_Branitelj,Branitelj,2015–2016,2015,2016,yes
Nikola Vasilj,Bosnia and Herzegovina,UEFA,4,1._FC_N%C3%BCrnberg_II,1. FC Nürnberg II,2017–2019,2017,2019,no
Nikola Vasilj,Bosnia and Herzegovina,UEFA,5,FC_Zorya_Luhansk,Zorya Luhansk,2019–2021,2019,2021,no
Nikola Vasilj,Bosnia and Herzegovina,UEFA,6,FC_St._Pauli,FC St. Pauli,2021–2026,2021,2026,no
Nihad Mujakić,Bosnia and Herzegovina,UEFA,1,FK_Sarajevo,Sarajevo,2016–2019,2016,2019,no
Nihad Mujakić,Bosnia and Herzegovina,UEFA,2,KV_Kortrijk,Kortrijk,2019–2022,2019,2022,no
Nihad Mujakić,Bosnia and Herzegovina,UEFA,3,HNK_Hajduk_Split,Hajduk Split,2020–2021,2020,2021,yes
Nihad Mujakić,Bosnia and Herzegovina,UEFA,4,SK_Beveren,Beveren,2021–2022,2021,2022,yes
Nihad Mujakić,Bosnia and Herzegovina,UEFA,5,FK_Sarajevo,Sarajevo,2022,2022,2022,no
Nihad Mujakić,Bosnia and Herzegovina,UEFA,6,MKE_Ankarag%C3%BCc%C3%BC,Ankaragücü,2022–2024,2022,2024,no
Nihad Mujakić,Bosnia and Herzegovina,UEFA,7,FK_Partizan,Partizan,2024–,2024,,no
Nihad Mujakić,Bosnia and Herzegovina,UEFA,8,Ey%C3%BCpspor,Eyüpspor,2025–2026,2025,2026,yes
Nihad Mujakić,Bosnia and Herzegovina,UEFA,9,Gaziantep_F.K.,Gaziantep,2026,2026,2026,yes
Dennis Hadžikadunić,Bosnia and Herzegovina,UEFA,1,Malm%C3%B6_FF,Malmö FF,2016–2018,2016,2018,no
Dennis Hadžikadunić,Bosnia and Herzegovina,UEFA,2,Trelleborgs_FF,Trelleborgs FF,2018,2018,2018,yes
Dennis Hadžikadunić,Bosnia and Herzegovina,UEFA,3,FC_Rostov,Rostov,2018–,2018,,no
Dennis Hadžikadunić,Bosnia and Herzegovina,UEFA,4,Malm%C3%B6_FF,Malmö FF,2022,2022,2022,yes
Dennis Hadžikadunić,Bosnia and Herzegovina,UEFA,5,RCD_Mallorca,Mallorca,2023,2023,2023,yes
Dennis Hadžikadunić,Bosnia and Herzegovina,UEFA,6,Hamburger_SV,Hamburger SV,2023–2025,2023,2025,yes
Dennis Hadžikadunić,Bosnia and Herzegovina,UEFA,7,UC_Sampdoria,Sampdoria,2025–2026,2025,2026,yes
Tarik Muharemović,Bosnia and Herzegovina,UEFA,1,Wolfsberger_AC,Wolfsberger AC II,2020,2020,2020,no
Tarik Muharemović,Bosnia and Herzegovina,UEFA,2,Wolfsberger_AC,Wolfsberger AC,2021,2021,2021,no
Tarik Muharemović,Bosnia and Herzegovina,UEFA,3,Juventus_Next_Gen,Juventus Next Gen,2021–2025,2021,2025,no
Tarik Muharemović,Bosnia and Herzegovina,UEFA,4,US_Sassuolo_Calcio,Sassuolo,2024–2025,2024,2025,yes
Tarik Muharemović,Bosnia and Herzegovina,UEFA,5,US_Sassuolo_Calcio,Sassuolo,2025–,2025,,no
Sead Kolašinac,Bosnia and Herzegovina,UEFA,1,FC_Schalke_04_II,Schalke 04 II,2012–2015,2012,2015,no
Sead Kolašinac,Bosnia and Herzegovina,UEFA,2,FC_Schalke_04,Schalke 04,2012–2017,2012,2017,no
Sead Kolašinac,Bosnia and Herzegovina,UEFA,3,Arsenal_F.C.,Arsenal,2017–2022,2017,2022,no
Sead Kolašinac,Bosnia and Herzegovina,UEFA,4,FC_Schalke_04,Schalke 04,2021,2021,2021,yes
Sead Kolašinac,Bosnia and Herzegovina,UEFA,5,Olympique_de_Marseille,Marseille,2022–2023,2022,2023,no
Sead Kolašinac,Bosnia and Herzegovina,UEFA,6,Atalanta_BC,Atalanta,2023–,2023,,no
Benjamin Tahirović,Bosnia and Herzegovina,UEFA,1,Vasalunds_IF,Vasalunds IF,2020–2021,2020,2021,no
Benjamin Tahirović,Bosnia and Herzegovina,UEFA,2,AS_Roma,Roma,2021–2023,2021,2023,no
Benjamin Tahirović,Bosnia and Herzegovina,UEFA,3,AFC_Ajax,Ajax,2023–2025,2023,2025,no
Benjamin Tahirović,Bosnia and Herzegovina,UEFA,4,Br%C3%B8ndby_IF,Brøndby,2025–,2025,,no
Amar Dedić,Bosnia and Herzegovina,UEFA,1,FC_Red_Bull_Salzburg,Red Bull Salzburg,2019–2025,2019,2025,no
Amar Dedić,Bosnia and Herzegovina,UEFA,2,FC_Liefering,Liefering,2019–2021,2019,2021,no
Amar Dedić,Bosnia and Herzegovina,UEFA,3,Wolfsberger_AC,Wolfsberger AC,2021–2022,2021,2022,yes
Amar Dedić,Bosnia and Herzegovina,UEFA,4,Olympique_de_Marseille,Marseille,2025,2025,2025,yes
Amar Dedić,Bosnia and Herzegovina,UEFA,5,S.L._Benfica,Benfica,2025–,2025,,no
Armin Gigović,Bosnia and Herzegovina,UEFA,1,Helsingborgs_IF,Helsingborgs IF,2019–2020,2019,2020,no
Armin Gigović,Bosnia and Herzegovina,UEFA,2,FC_Rostov,Rostov,2020–2024,2020,2024,no
Armin Gigović,Bosnia and Herzegovina,UEFA,3,Helsingborgs_IF,Helsingborgs IF,2022,2022,2022,yes
Armin Gigović,Bosnia and Herzegovina,UEFA,4,Odense_Boldklub,OB,2022,2022,2022,yes
Armin Gigović,Bosnia and Herzegovina,UEFA,5,FC_Midtjylland,Midtjylland,2023–2024,2023,2024,yes
Armin Gigović,Bosnia and Herzegovina,UEFA,6,Holstein_Kiel,Holstein Kiel,2024–2025,2024,2025,no
Armin Gigović,Bosnia and Herzegovina,UEFA,7,BSC_Young_Boys,Young Boys,2025–,2025,,no
Samed Baždar,Bosnia and Herzegovina,UEFA,1,FK_Partizan,Partizan,2021–2024,2021,2024,no
Samed Baždar,Bosnia and Herzegovina,UEFA,2,Real_Zaragoza,Real Zaragoza,2024–,2024,,no
Samed Baždar,Bosnia and Herzegovina,UEFA,3,Jagiellonia_Bia%C5%82ystok,Jagiellonia Białystok,2026,2026,2026,yes
Samed Baždar,Bosnia and Herzegovina,UEFA,4,Jagiellonia_Bia%C5%82ystok_II,Jagiellonia Białystok II,2026,2026,2026,yes
Ermedin Demirović,Bosnia and Herzegovina,UEFA,1,RB_Leipzig_affiliated_teams#Reserve_team,RB Leipzig II,2017,2017,2017,no
Ermedin Demirović,Bosnia and Herzegovina,UEFA,2,Deportivo_Alav%C3%A9s,Alavés,2017–2020,2017,2020,no
Ermedin Demirović,Bosnia and Herzegovina,UEFA,3,FC_Sochaux-Montb%C3%A9liard,Sochaux,2018–2019,2018,2019,yes
Ermedin Demirović,Bosnia and Herzegovina,UEFA,4,UD_Almer%C3%ADa,Almería,2019,2019,2019,yes
Ermedin Demirović,Bosnia and Herzegovina,UEFA,5,FC_St._Gallen,St. Gallen,2019–2020,2019,2020,yes
Ermedin Demirović,Bosnia and Herzegovina,UEFA,6,SC_Freiburg,SC Freiburg,2020–2022,2020,2022,no
Ermedin Demirović,Bosnia and Herzegovina,UEFA,7,FC_Augsburg,FC Augsburg,2022–2024,2022,2024,no
Ermedin Demirović,Bosnia and Herzegovina,UEFA,8,VfB_Stuttgart,VfB Stuttgart,2024–,2024,,no
Edin Džeko,Bosnia and Herzegovina,UEFA,1,FK_%C5%BDeljezni%C4%8Dar_Sarajevo,Željezničar,2003–2005,2003,2005,no
Edin Džeko,Bosnia and Herzegovina,UEFA,2,FK_Teplice,Teplice,2005–2007,2005,2007,no
Edin Džeko,Bosnia and Herzegovina,UEFA,3,FK_Viagem_%C3%9Ast%C3%AD_nad_Labem,Ústí nad Labem,2005–2006,2005,2006,yes
Edin Džeko,Bosnia and Herzegovina,UEFA,4,VfL_Wolfsburg,VfL Wolfsburg,2007–2011,2007,2011,no
Edin Džeko,Bosnia and Herzegovina,UEFA,5,Manchester_City_F.C.,Manchester City,2011–2016,2011,2016,no
Edin Džeko,Bosnia and Herzegovina,UEFA,6,AS_Roma,Roma,2015–2016,2015,2016,yes
Edin Džeko,Bosnia and Herzegovina,UEFA,7,AS_Roma,Roma,2016–2021,2016,2021,no
Edin Džeko,Bosnia and Herzegovina,UEFA,8,Inter_Milan,Inter Milan,2021–2023,2021,2023,no
Edin Džeko,Bosnia and Herzegovina,UEFA,9,Fenerbah%C3%A7e_S.K._(football),Fenerbahçe,2023–2025,2023,2025,no
Edin Džeko,Bosnia and Herzegovina,UEFA,10,ACF_Fiorentina,Fiorentina,2025–2026,2025,2026,no
Edin Džeko,Bosnia and Herzegovina,UEFA,11,FC_Schalke_04,Schalke 04,2026–,2026,,no
Mladen Jurkas,Bosnia and Herzegovina,UEFA,1,FK_Borac_Banja_Luka,Borac Banja Luka,2025–,2025,,no
Ivan Bašić,Bosnia and Herzegovina,UEFA,1,H%C5%A0K_Zrinjski_Mostar,Zrinjski Mostar,2020–2022,2020,2022,no
Ivan Bašić,Bosnia and Herzegovina,UEFA,2,FC_Orenburg,Orenburg,2022–2025,2022,2025,no
Ivan Bašić,Bosnia and Herzegovina,UEFA,3,FC_Astana,Astana,2025–,2025,,no
Ivan Šunjić,Bosnia and Herzegovina,UEFA,1,GNK_Dinamo_Zagreb,Dinamo Zagreb,2014–2015,2014,2015,no
Ivan Šunjić,Bosnia and Herzegovina,UEFA,2,GNK_Dinamo_Zagreb_Academy,Dinamo Zagreb II,2015–2016,2015,2016,no
Ivan Šunjić,Bosnia and Herzegovina,UEFA,3,NK_Lokomotiva_Zagreb,Lokomotiva,2016–2018,2016,2018,no
Ivan Šunjić,Bosnia and Herzegovina,UEFA,4,GNK_Dinamo_Zagreb,Dinamo Zagreb,2018–2019,2018,2019,no
Ivan Šunjić,Bosnia and Herzegovina,UEFA,5,NK_Lokomotiva,Lokomotiva,2018,2018,2018,yes
Ivan Šunjić,Bosnia and Herzegovina,UEFA,6,Birmingham_City_F.C.,Birmingham City,2019–2024,2019,2024,no
Ivan Šunjić,Bosnia and Herzegovina,UEFA,7,Hertha_BSC,Hertha BSC,2022–2023,2022,2023,yes
Ivan Šunjić,Bosnia and Herzegovina,UEFA,8,Pafos_FC,Pafos,2024–,2024,,no
Amar Memić,Bosnia and Herzegovina,UEFA,1,FK_Radnik_Had%C5%BEi%C4%87i,Radnik Hadžići,2020–2021,2020,2021,no
Amar Memić,Bosnia and Herzegovina,UEFA,2,NK_Bravo,Bravo,2021–2022,2021,2022,no
Amar Memić,Bosnia and Herzegovina,UEFA,3,MFK_Karvin%C3%A1,Karviná,2022–2024,2022,2024,no
Amar Memić,Bosnia and Herzegovina,UEFA,4,FC_Viktoria_Plze%C5%88,Viktoria Plzeň,2025–,2025,,no
Amir Hadžiahmetović,Bosnia and Herzegovina,UEFA,1,FK_%C5%BDeljezni%C4%8Dar_Sarajevo,Željezničar,2014–2016,2014,2016,no
Amir Hadžiahmetović,Bosnia and Herzegovina,UEFA,2,Konyaspor,Konyaspor,2016–2023,2016,2023,no
Amir Hadžiahmetović,Bosnia and Herzegovina,UEFA,3,Be%C5%9Fikta%C5%9F_J.K.,Beşiktaş,2023–,2023,,no
Amir Hadžiahmetović,Bosnia and Herzegovina,UEFA,4,%C3%87aykur_Rizespor,Rizespor,2024–2025,2024,2025,yes
Amir Hadžiahmetović,Bosnia and Herzegovina,UEFA,5,Hull_City_A.F.C.,Hull City,2025–,2025,,yes
Dženis Burnić,Bosnia and Herzegovina,UEFA,1,Borussia_Dortmund,Borussia Dortmund,2016–2020,2016,2020,no
Dženis Burnić,Bosnia and Herzegovina,UEFA,2,Borussia_Dortmund_II,Borussia Dortmund II,2018–2019,2018,2019,no
Dženis Burnić,Bosnia and Herzegovina,UEFA,3,VfB_Stuttgart,VfB Stuttgart,2017–2018,2017,2018,yes
Dženis Burnić,Bosnia and Herzegovina,UEFA,4,Dynamo_Dresden,Dynamo Dresden,2019–2020,2019,2020,yes
Dženis Burnić,Bosnia and Herzegovina,UEFA,5,1._FC_Heidenheim,1. FC Heidenheim,2020–2023,2020,2023,no
Dženis Burnić,Bosnia and Herzegovina,UEFA,6,Karlsruher_SC,Karlsruher SC,2023–2026,2023,2026,no
Nikola Katić,Bosnia and Herzegovina,UEFA,1,NK_Neretvanac_Opuzen,Neretvanac Opuzen,2014–2015,2014,2015,no
Nikola Katić,Bosnia and Herzegovina,UEFA,2,NK_Slaven_Belupo,Slaven Belupo,2015–2018,2015,2018,no
Nikola Katić,Bosnia and Herzegovina,UEFA,3,Rangers_F.C.,Rangers,2018–2022,2018,2022,no
Nikola Katić,Bosnia and Herzegovina,UEFA,4,HNK_Hajduk_Split,Hajduk Split,2021–2022,2021,2022,yes
Nikola Katić,Bosnia and Herzegovina,UEFA,5,FC_Z%C3%BCrich,Zürich,2022–2025,2022,2025,no
Nikola Katić,Bosnia and Herzegovina,UEFA,6,Plymouth_Argyle_F.C.,Plymouth Argyle,2025,2025,2025,yes
Nikola Katić,Bosnia and Herzegovina,UEFA,7,FC_Schalke_04,Schalke 04,2025–,2025,,no
Kerim Alajbegović,Bosnia and Herzegovina,UEFA,1,FC_Red_Bull_Salzburg,Red Bull Salzburg,2025–2026,2025,2026,no
Esmir Bajraktarević,Bosnia and Herzegovina,UEFA,1,New_England_Revolution_II,New England Revolution II,2021–2023,2021,2023,no
Esmir Bajraktarević,Bosnia and Herzegovina,UEFA,2,New_England_Revolution,New England Revolution,2022–2025,2022,2025,no
Esmir Bajraktarević,Bosnia and Herzegovina,UEFA,3,PSV_Eindhoven,PSV,2025–,2025,,no
Stjepan Radeljić,Bosnia and Herzegovina,UEFA,1,VfB_Stuttgart_II,VfB Stuttgart II,2016–2018,2016,2018,no
Stjepan Radeljić,Bosnia and Herzegovina,UEFA,2,NK_Osijek,Osijek,2018–2022,2018,2022,no
Stjepan Radeljić,Bosnia and Herzegovina,UEFA,3,NK_%C5%A0iroki_Brijeg,Široki Brijeg,2020,2020,2020,yes
Stjepan Radeljić,Bosnia and Herzegovina,UEFA,4,FC_Sheriff_Tiraspol,Sheriff Tiraspol,2021–2022,2021,2022,yes
Stjepan Radeljić,Bosnia and Herzegovina,UEFA,5,FC_Sheriff_Tiraspol,Sheriff Tiraspol,2022–2023,2022,2023,no
Stjepan Radeljić,Bosnia and Herzegovina,UEFA,6,HNK_Rijeka,Rijeka,2023–,2023,,no
Martin Zlomislić,Bosnia and Herzegovina,UEFA,1,NK_%C5%A0iroki_Brijeg,Široki Brijeg,2017–2021,2017,2021,no
Martin Zlomislić,Bosnia and Herzegovina,UEFA,2,HNK_Rijeka,Rijeka,2021–,2021,,no
Haris Tabaković,Bosnia and Herzegovina,UEFA,1,BSC_Young_Boys,Young Boys,2012–2016,2012,2016,no
Haris Tabaković,Bosnia and Herzegovina,UEFA,2,FC_Wil,Wil,2014–2015,2014,2015,yes
Haris Tabaković,Bosnia and Herzegovina,UEFA,3,Grasshopper_Club_Zurich,Grasshoppers,2016–2017,2016,2017,no
Haris Tabaković,Bosnia and Herzegovina,UEFA,4,Debreceni_VSC,Debrecen,2017–2019,2017,2019,no
Haris Tabaković,Bosnia and Herzegovina,UEFA,5,Di%C3%B3sgy%C5%91ri_VTK,Diósgyőr,2019–2020,2019,2020,no
Haris Tabaković,Bosnia and Herzegovina,UEFA,6,SC_Austria_Lustenau,Austria Lustenau,2020–2022,2020,2022,no
Haris Tabaković,Bosnia and Herzegovina,UEFA,7,FK_Austria_Wien,Austria Wien,2022–2023,2022,2023,no
Haris Tabaković,Bosnia and Herzegovina,UEFA,8,Hertha_BSC,Hertha BSC,2023–2024,2023,2024,no
Haris Tabaković,Bosnia and Herzegovina,UEFA,9,TSG_1899_Hoffenheim,TSG Hoffenheim,2024–,2024,,no
Haris Tabaković,Bosnia and Herzegovina,UEFA,10,Borussia_M%C3%B6nchengladbach,Borussia Mönchengladbach,2025–2026,2025,2026,yes
Arjan Malić,Bosnia and Herzegovina,UEFA,1,SV_Ried,Ried II,2023,2023,2023,no
Arjan Malić,Bosnia and Herzegovina,UEFA,2,SV_Ried,Ried,2023–2024,2023,2024,no
Arjan Malić,Bosnia and Herzegovina,UEFA,3,SK_Sturm_Graz,Sturm Graz,2025–,2025,,no
Jovo Lukić,Bosnia and Herzegovina,UEFA,1,FK_Sloga_Doboj,Sloga Doboj,2016–2018,2016,2018,no
Jovo Lukić,Bosnia and Herzegovina,UEFA,2,FK_Krupa,Krupa,2018–2020,2018,2020,no
Jovo Lukić,Bosnia and Herzegovina,UEFA,3,NK_Zvijezda_Grada%C4%8Dac,Zvijezda Gradačac,2019,2019,2019,yes
Jovo Lukić,Bosnia and Herzegovina,UEFA,4,FK_Borac_Banja_Luka,Borac Banja Luka,2020–2024,2020,2024,no
Jovo Lukić,Bosnia and Herzegovina,UEFA,5,CS_Universitatea_Craiova,Universitatea Craiova,2024–2025,2024,2025,no
Jovo Lukić,Bosnia and Herzegovina,UEFA,6,FC_Universitatea_Cluj,Universitatea Cluj,2025–,2025,,no
Ermin Mahmić,Bosnia and Herzegovina,UEFA,1,SV_Lafnitz,SV Lafnitz,2023–2025,2023,2025,no
Ermin Mahmić,Bosnia and Herzegovina,UEFA,2,FC_Slovan_Liberec,Slovan Liberec,2025–,2025,,no
Dayne St. Clair,Canada,CONCACAF,1,Vaughan_Azzurri,Vaughan Azzurri,2014–2015,2014,2015,no
Dayne St. Clair,Canada,CONCACAF,2,K-W_United_FC,K-W United,2016–2017,2016,2017,no
Dayne St. Clair,Canada,CONCACAF,3,New_York_Red_Bulls_U-23,New York Red Bulls U23,2018,2018,2018,no
Dayne St. Clair,Canada,CONCACAF,4,Minnesota_United_FC,Minnesota United,2019–2025,2019,2025,no
Dayne St. Clair,Canada,CONCACAF,5,Forward_Madison_FC,Forward Madison,2019,2019,2019,yes
Dayne St. Clair,Canada,CONCACAF,6,San_Antonio_FC,San Antonio FC,2020,2020,2020,yes
Dayne St. Clair,Canada,CONCACAF,7,Inter_Miami_CF,Inter Miami,2026–,2026,,no
Alistair Johnston,Canada,CONCACAF,1,Vaughan_Azzurri,Vaughan Azzurri,2015–2020,2015,2020,no
Alistair Johnston,Canada,CONCACAF,2,Nashville_SC,Nashville SC,2020–2021,2020,2021,no
Alistair Johnston,Canada,CONCACAF,3,CF_Montr%C3%A9al,CF Montréal,2022,2022,2022,no
Alistair Johnston,Canada,CONCACAF,4,Celtic_F.C.,Celtic,2023–,2023,,no
Alfie Jones,Canada,CONCACAF,1,Southampton_F.C.,Southampton,2018–2020,2018,2020,no
Alfie Jones,Canada,CONCACAF,2,St_Mirren_F.C.,St Mirren,2018–2019,2018,2019,yes
Alfie Jones,Canada,CONCACAF,3,Gillingham_F.C.,Gillingham,2019–2020,2019,2020,yes
Alfie Jones,Canada,CONCACAF,4,Hull_City_A.F.C.,Hull City,2020–2025,2020,2025,no
Alfie Jones,Canada,CONCACAF,5,Middlesbrough_F.C.,Middlesbrough,2025–,2025,,no
Luc de Fougerolles,Canada,CONCACAF,1,Fulham_F.C.,Fulham,2023–,2023,,no
Luc de Fougerolles,Canada,CONCACAF,2,F.C.V._Dender_E.H.,Dender EH,2025–,2025,,yes
Joel Waterman,Canada,CONCACAF,1,Kitsap_Pumas,Kitsap Pumas,2016,2016,2016,no
Joel Waterman,Canada,CONCACAF,2,TSS_FC_Rovers,TSS FC Rovers,2017,2017,2017,no
Joel Waterman,Canada,CONCACAF,3,Calgary_Foothills_FC,Calgary Foothills,2018,2018,2018,no
Joel Waterman,Canada,CONCACAF,4,Cavalry_FC,Cavalry FC,2019,2019,2019,no
Joel Waterman,Canada,CONCACAF,5,CF_Montr%C3%A9al,CF Montréal,2020–2025,2020,2025,no
Joel Waterman,Canada,CONCACAF,6,Chicago_Fire_FC,Chicago Fire,2025–,2025,,no
Mathieu Choinière,Canada,CONCACAF,1,CF_Montr%C3%A9al,CF Montréal,2018–2024,2018,2024,no
Mathieu Choinière,Canada,CONCACAF,2,Grasshopper_Club_Zurich,Grasshopper,2024–2025,2024,2025,no
Mathieu Choinière,Canada,CONCACAF,3,Los_Angeles_FC,Los Angeles FC,2025,2025,2025,yes
Mathieu Choinière,Canada,CONCACAF,4,Los_Angeles_FC,Los Angeles FC,2026–,2026,,no
Stephen Eustáquio,Canada,CONCACAF,1,S.C.U._Torreense,Torreense,2015–2017,2015,2017,no
Stephen Eustáquio,Canada,CONCACAF,2,Leix%C3%B5es_S.C.,Leixões,2017–2018,2017,2018,no
Stephen Eustáquio,Canada,CONCACAF,3,G.D._Chaves,Chaves,2018–2019,2018,2019,no
Stephen Eustáquio,Canada,CONCACAF,4,Cruz_Azul,Cruz Azul,2019–2021,2019,2021,no
Stephen Eustáquio,Canada,CONCACAF,5,F.C._Pa%C3%A7os_de_Ferreira,Paços Ferreira,2020–2021,2020,2021,yes
Stephen Eustáquio,Canada,CONCACAF,6,F.C._Pa%C3%A7os_de_Ferreira,Paços Ferreira,2021–2022,2021,2022,no
Stephen Eustáquio,Canada,CONCACAF,7,FC_Porto,Porto,2022,2022,2022,yes
Stephen Eustáquio,Canada,CONCACAF,8,FC_Porto,Porto,2022–,2022,,no
Stephen Eustáquio,Canada,CONCACAF,9,Los_Angeles_FC,Los Angeles FC,2026–,2026,,yes
Ismaël Koné,Canada,CONCACAF,1,CF_Montr%C3%A9al,CF Montréal,2021–2022,2021,2022,no
Ismaël Koné,Canada,CONCACAF,2,Watford_F.C.,Watford,2022–2024,2022,2024,no
Ismaël Koné,Canada,CONCACAF,3,Olympique_de_Marseille,Marseille,2024–2026,2024,2026,no
Ismaël Koné,Canada,CONCACAF,4,Stade_Rennais_FC,Rennes,2025,2025,2025,yes
Ismaël Koné,Canada,CONCACAF,5,US_Sassuolo_Calcio,Sassuolo,2025–2026,2025,2026,yes
Ismaël Koné,Canada,CONCACAF,6,US_Sassuolo_Calcio,Sassuolo,2026–,2026,,no
Cyle Larin,Canada,CONCACAF,1,Sigma_FC,Sigma,2014,2014,2014,no
Cyle Larin,Canada,CONCACAF,2,Orlando_City_SC,Orlando City,2015–2018,2015,2018,no
Cyle Larin,Canada,CONCACAF,3,Be%C5%9Fikta%C5%9F_J.K.,Beşiktaş,2018–2022,2018,2022,no
Cyle Larin,Canada,CONCACAF,4,S.V._Zulte_Waregem,Zulte Waregem,2019–2020,2019,2020,yes
Cyle Larin,Canada,CONCACAF,5,Club_Brugge_KV,Club Brugge,2022–2023,2022,2023,no
Cyle Larin,Canada,CONCACAF,6,Real_Valladolid,Valladolid,2023,2023,2023,yes
Cyle Larin,Canada,CONCACAF,7,RCD_Mallorca,Mallorca,2023–2026,2023,2026,no
Cyle Larin,Canada,CONCACAF,8,Feyenoord,Feyenoord,2025–2026,2025,2026,yes
Cyle Larin,Canada,CONCACAF,9,Southampton_F.C.,Southampton,2026,2026,2026,yes
Cyle Larin,Canada,CONCACAF,10,Southampton_F.C.,Southampton,2026–,2026,,no
Jonathan David,Canada,CONCACAF,1,KAA_Gent,Gent,2018–2020,2018,2020,no
Jonathan David,Canada,CONCACAF,2,Lille_OSC,Lille,2020–2025,2020,2025,no
Jonathan David,Canada,CONCACAF,3,Juventus_FC,Juventus,2025–,2025,,no
Liam Millar,Canada,CONCACAF,1,Liverpool_F.C.,Liverpool,2019–2021,2019,2021,no
Liam Millar,Canada,CONCACAF,2,Kilmarnock_F.C.,Kilmarnock,2019–2020,2019,2020,yes
Liam Millar,Canada,CONCACAF,3,Charlton_Athletic_F.C.,Charlton Athletic,2021,2021,2021,yes
Liam Millar,Canada,CONCACAF,4,F.C._Basel,Basel,2021–2024,2021,2024,no
Liam Millar,Canada,CONCACAF,5,Preston_North_End_F.C.,Preston North End,2023–2024,2023,2024,yes
Liam Millar,Canada,CONCACAF,6,Hull_City_A.F.C.,Hull City,2024–,2024,,no
Tani Oluwaseyi,Canada,CONCACAF,1,Manhattan_SC,Manhattan SC,2021,2021,2021,no
Tani Oluwaseyi,Canada,CONCACAF,2,New_York_Pancyprian-Freedoms,NY Pancyprian-Freedoms,2021,2021,2021,no
Tani Oluwaseyi,Canada,CONCACAF,3,Minnesota_United_FC,Minnesota United,2022–2025,2022,2025,no
Tani Oluwaseyi,Canada,CONCACAF,4,Minnesota_United_FC_2,Minnesota United 2,2022–2023,2022,2023,yes
Tani Oluwaseyi,Canada,CONCACAF,5,San_Antonio_FC,San Antonio FC,2023,2023,2023,yes
Tani Oluwaseyi,Canada,CONCACAF,6,Villarreal_CF,Villarreal,2025–,2025,,no
Derek Cornelius,Canada,CONCACAF,1,VfB_L%C3%BCbeck,VfB Lübeck,2016,2016,2016,no
Derek Cornelius,Canada,CONCACAF,2,VfR_Neum%C3%BCnster,VfR Neumünster,2016,2016,2016,no
Derek Cornelius,Canada,CONCACAF,3,FK_Javor_Ivanjica,Javor Ivanjica,2017–2018,2017,2018,no
Derek Cornelius,Canada,CONCACAF,4,Vancouver_Whitecaps_FC,Vancouver Whitecaps FC,2019–2022,2019,2022,no
Derek Cornelius,Canada,CONCACAF,5,Panetolikos_F.C.,Panetolikos,2021–2022,2021,2022,yes
Derek Cornelius,Canada,CONCACAF,6,Malm%C3%B6_FF,Malmö,2023–2024,2023,2024,no
Derek Cornelius,Canada,CONCACAF,7,Olympique_de_Marseille,Marseille,2024–,2024,,no
Derek Cornelius,Canada,CONCACAF,8,Rangers_F.C.,Rangers,2025–2026,2025,2026,yes
Jacob Shaffelburg,Canada,CONCACAF,1,Toronto_FC_III,Toronto FC III,2017,2017,2017,no
Jacob Shaffelburg,Canada,CONCACAF,2,Black_Rock_FC,Black Rock FC,2018,2018,2018,no
Jacob Shaffelburg,Canada,CONCACAF,3,Toronto_FC_II,Toronto FC II,2019,2019,2019,no
Jacob Shaffelburg,Canada,CONCACAF,4,Toronto_FC,Toronto FC,2019–2022,2019,2022,no
Jacob Shaffelburg,Canada,CONCACAF,5,Toronto_FC_II,Toronto FC II,2021–2022,2021,2022,yes
Jacob Shaffelburg,Canada,CONCACAF,6,Nashville_SC,Nashville SC,2022,2022,2022,yes
Jacob Shaffelburg,Canada,CONCACAF,7,Nashville_SC,Nashville SC,2023–2025,2023,2025,no
Jacob Shaffelburg,Canada,CONCACAF,8,Los_Angeles_FC,Los Angeles FC,2026–,2026,,no
Moïse Bombito,Canada,CONCACAF,1,CS_St-Hubert,CS St-Hubert,2020–2021,2020,2021,no
Moïse Bombito,Canada,CONCACAF,2,Seacoast_United_Phantoms,Seacoast United Phantoms,2022,2022,2022,no
Moïse Bombito,Canada,CONCACAF,3,Colorado_Rapids,Colorado Rapids,2023–2024,2023,2024,no
Moïse Bombito,Canada,CONCACAF,4,Colorado_Rapids_2,Colorado Rapids 2,2023,2023,2023,yes
Moïse Bombito,Canada,CONCACAF,5,OGC_Nice,Nice,2024–,2024,,no
Maxime Crépeau,Canada,CONCACAF,1,CF_Montr%C3%A9al,Montreal Impact,2013–2018,2013,2018,no
Maxime Crépeau,Canada,CONCACAF,2,FC_Montreal,FC Montreal,2015–2016,2015,2016,yes
Maxime Crépeau,Canada,CONCACAF,3,Ottawa_Fury_FC,Ottawa Fury,2018,2018,2018,yes
Maxime Crépeau,Canada,CONCACAF,4,Vancouver_Whitecaps,Vancouver Whitecaps,2019–2022,2019,2022,no
Maxime Crépeau,Canada,CONCACAF,5,Los_Angeles_FC,Los Angeles FC,2022–2023,2022,2023,no
Maxime Crépeau,Canada,CONCACAF,6,Los_Angeles_FC_2,Los Angeles FC 2,2023,2023,2023,yes
Maxime Crépeau,Canada,CONCACAF,7,Portland_Timbers,Portland Timbers,2024–2025,2024,2025,no
Maxime Crépeau,Canada,CONCACAF,8,Orlando_City_SC,Orlando City,2026–,2026,,no
Tajon Buchanan,Canada,CONCACAF,1,Sigma_FC,Sigma,2018,2018,2018,no
Tajon Buchanan,Canada,CONCACAF,2,New_England_Revolution,New England Revolution,2019–2021,2019,2021,no
Tajon Buchanan,Canada,CONCACAF,3,Club_Brugge_KV,Club Brugge,2021–2024,2021,2024,no
Tajon Buchanan,Canada,CONCACAF,4,New_England_Revolution,New England Revolution,2021,2021,2021,yes
Tajon Buchanan,Canada,CONCACAF,5,Inter_Milan,Inter Milan,2024–2025,2024,2025,no
Tajon Buchanan,Canada,CONCACAF,6,Villarreal_CF,Villarreal,2025,2025,2025,yes
Tajon Buchanan,Canada,CONCACAF,7,Villarreal_CF,Villarreal,2025–,2025,,no
Owen Goodman,Canada,CONCACAF,1,Crystal_Palace_F.C.,Crystal Palace,2022–,2022,,no
Owen Goodman,Canada,CONCACAF,2,Colchester_United_F.C.,Colchester United,2023–2024,2023,2024,yes
Owen Goodman,Canada,CONCACAF,3,AFC_Wimbledon,AFC Wimbledon,2024–2025,2024,2025,yes
Owen Goodman,Canada,CONCACAF,4,Huddersfield_Town_A.F.C.,Huddersfield Town,2025–2026,2025,2026,yes
Owen Goodman,Canada,CONCACAF,5,Barnsley_F.C.,Barnsley,2026,2026,2026,yes
Alphonso Davies,Canada,CONCACAF,1,Whitecaps_FC_2,Whitecaps FC 2,2015–2016,2015,2016,no
Alphonso Davies,Canada,CONCACAF,2,Vancouver_Whitecaps_FC,Vancouver Whitecaps FC,2016–2018,2016,2018,no
Alphonso Davies,Canada,CONCACAF,3,FC_Bayern_Munich_II,Bayern Munich II,2018–2019,2018,2019,no
Alphonso Davies,Canada,CONCACAF,4,FC_Bayern_Munich,Bayern Munich,2019–,2019,,no
Ali Ahmed,Canada,CONCACAF,1,Whitecaps_FC_2,Whitecaps FC 2,2022,2022,2022,no
Ali Ahmed,Canada,CONCACAF,2,Vancouver_Whitecaps_FC,Vancouver Whitecaps FC,2022,2022,2022,yes
Ali Ahmed,Canada,CONCACAF,3,Vancouver_Whitecaps_FC,Vancouver Whitecaps FC,2023–2026,2023,2026,no
Ali Ahmed,Canada,CONCACAF,4,Norwich_City_F.C.,Norwich City,2026–,2026,,no
Jonathan Osorio,Canada,CONCACAF,1,SC_Toronto,SC Toronto,2012,2012,2012,no
Jonathan Osorio,Canada,CONCACAF,2,Toronto_FC,Toronto FC,2013–,2013,,no
Richie Laryea,Canada,CONCACAF,1,Sigma_FC,Sigma,2015,2015,2015,no
Richie Laryea,Canada,CONCACAF,2,Orlando_City_SC,Orlando City,2016–2018,2016,2018,no
Richie Laryea,Canada,CONCACAF,3,Orlando_City_B,Orlando City B,2016–2017,2016,2017,yes
Richie Laryea,Canada,CONCACAF,4,Toronto_FC,Toronto,2019–2021,2019,2021,no
Richie Laryea,Canada,CONCACAF,5,Nottingham_Forest_F.C.,Nottingham Forest,2022–2024,2022,2024,no
Richie Laryea,Canada,CONCACAF,6,Toronto_FC,Toronto,2022–2023,2022,2023,yes
Richie Laryea,Canada,CONCACAF,7,Vancouver_Whitecaps_FC,Vancouver Whitecaps,2023,2023,2023,yes
Richie Laryea,Canada,CONCACAF,8,Toronto_FC,Toronto,2024–,2024,,no
Niko Sigur,Canada,CONCACAF,1,HNK_Hajduk_Split,Hajduk Split,2023–,2023,,no
Promise David,Canada,CONCACAF,1,NK_Trnje,Trnje,2019–2021,2019,2021,no
Promise David,Canada,CONCACAF,2,Valletta_F.C.,Valletta,2022,2022,2022,no
Promise David,Canada,CONCACAF,3,Sirens_F.C.,Sirens,2022–2023,2022,2023,no
Promise David,Canada,CONCACAF,4,N%C3%B5mme_Kalju_FC_U21,Nõmme Kalju U21,2023,2023,2023,no
Promise David,Canada,CONCACAF,5,N%C3%B5mme_Kalju_FC,Nõmme Kalju,2023–2024,2023,2024,no
Promise David,Canada,CONCACAF,6,Royale_Union_Saint-Gilloise,Union SG,2024–,2024,,no
Nathan Saliba,Canada,CONCACAF,1,CF_Montr%C3%A9al,CF Montréal,2020–2025,2020,2025,no
Nathan Saliba,Canada,CONCACAF,2,CF_Montr%C3%A9al_U23,CF Montréal U23,2022,2022,2022,yes
Nathan Saliba,Canada,CONCACAF,3,RSC_Anderlecht,Anderlecht,2025–,2025,,no
Jayden Nelson,Canada,CONCACAF,1,Toronto_FC_III,Toronto FC III,2017–2018,2017,2018,no
Jayden Nelson,Canada,CONCACAF,2,Toronto_FC_II,Toronto FC II,2018–2019,2018,2019,no
Jayden Nelson,Canada,CONCACAF,3,Toronto_FC,Toronto FC,2020–2022,2020,2022,no
Jayden Nelson,Canada,CONCACAF,4,Toronto_FC_II,Toronto FC II,2021,2021,2021,yes
Jayden Nelson,Canada,CONCACAF,5,Rosenborg_BK,Rosenborg,2023–2025,2023,2025,no
Jayden Nelson,Canada,CONCACAF,6,SSV_Ulm_1846,SSV Ulm,2024–2025,2024,2025,yes
Jayden Nelson,Canada,CONCACAF,7,Vancouver_Whitecaps,Vancouver Whitecaps,2025,2025,2025,no
Jayden Nelson,Canada,CONCACAF,8,Austin_FC,Austin FC,2026–,2026,,no
Mahmud Abunada,Qatar,AFC,1,Al-Arabi_SC_(Qatar),Al-Arabi,2019–2025,2019,2025,no
Mahmud Abunada,Qatar,AFC,2,Al-Rayyan_SC,Al-Rayyan,2025–,2025,,no
Pedro Miguel,Qatar,AFC,1,S.C._Farense,Farense,2009–2010,2009,2010,no
Pedro Miguel,Qatar,AFC,2,S.C._Mineiro_Aljustrelense,Aljustrelense,2010,2010,2010,no
Pedro Miguel,Qatar,AFC,3,Al_Ahli_SC_(Doha),Al Ahli,2011–2016,2011,2016,no
Pedro Miguel,Qatar,AFC,4,Al_Sadd_SC,Al Sadd,2016–,2016,,no
Lucas Mendes,Qatar,AFC,1,Coritiba_Foot_Ball_Club,Coritiba,2008–2012,2008,2012,no
Lucas Mendes,Qatar,AFC,2,Olympique_de_Marseille,Marseille,2012–2014,2012,2014,no
Lucas Mendes,Qatar,AFC,3,El_Jaish_SC,El Jaish,2014–2017,2014,2017,no
Lucas Mendes,Qatar,AFC,4,Al-Duhail_SC,Al-Duhail,2017–2019,2017,2019,no
Lucas Mendes,Qatar,AFC,5,Al-Gharafa_SC,Al-Gharafa,2019–2020,2019,2020,no
Lucas Mendes,Qatar,AFC,6,Al-Wakrah_SC,Al-Wakrah,2020–,2020,,no
Issa Laye,Qatar,AFC,1,Lusail_SC,Lusail,2020–2025,2020,2025,no
Issa Laye,Qatar,AFC,2,Al-Shamal_SC,Al-Shamal,2024–2025,2024,2025,yes
Issa Laye,Qatar,AFC,3,Al-Arabi_SC_(Qatar),Al-Arabi,2025,2025,2025,yes
Issa Laye,Qatar,AFC,4,Al-Arabi_SC_(Qatar),Al-Arabi,2025–,2025,,no
Jassem Gaber,Qatar,AFC,1,Al-Arabi_SC_(Qatar),Al-Arabi,2019–2025,2019,2025,no
Jassem Gaber,Qatar,AFC,2,Al-Rayyan_SC,Al-Rayyan,2025–,2025,,no
Abdulaziz Hatem,Qatar,AFC,1,Al-Arabi_SC_(Qatar),Al-Arabi,2007–2015,2007,2015,no
Abdulaziz Hatem,Qatar,AFC,2,Al-Gharafa_Sports_Club,Al-Gharafa,2015–2019,2015,2019,no
Abdulaziz Hatem,Qatar,AFC,3,Al-Rayyan_SC,Al Rayyan,2019–,2019,,no
Ahmed Alaaeldin,Qatar,AFC,1,Al-Rayyan_SC,Al-Rayyan,2010–2017,2010,2017,no
Ahmed Alaaeldin,Qatar,AFC,2,Al-Gharafa_SC,Al-Gharafa,2017–2025,2017,2025,no
Ahmed Alaaeldin,Qatar,AFC,3,Al-Arabi_SC_(Qatar),Al-Arabi,2024–2025,2024,2025,yes
Ahmed Alaaeldin,Qatar,AFC,4,Al-Rayyan_SC,Al-Rayyan,2025–,2025,,no
Edmilson Junior,Qatar,AFC,1,Sint-Truidense_V.V.,Sint-Truiden,2012–2016,2012,2016,no
Edmilson Junior,Qatar,AFC,2,Standard_Li%C3%A8ge,Standard Liège,2016–2018,2016,2018,no
Edmilson Junior,Qatar,AFC,3,Al-Duhail_SC,Al-Duhail,2018–,2018,,no
Mohammed Muntari,Qatar,AFC,1,El_Jaish_SC,El Jaish,2013–2015,2013,2015,no
Mohammed Muntari,Qatar,AFC,2,Al-Duhail_SC,Al-Duhail,2015–2024,2015,2024,no
Mohammed Muntari,Qatar,AFC,3,Al-Ahli_(Doha),Al Ahli,2017–2018,2017,2018,yes
Mohammed Muntari,Qatar,AFC,4,Al-Ahli_(Doha),Al Ahli,2018,2018,2018,yes
Mohammed Muntari,Qatar,AFC,5,Al-Gharafa_SC,Al-Gharafa,2024–,2024,,no
Hassan Al-Haydos,Qatar,AFC,1,Al-Sadd_Sports_Club,Al-Sadd,2007–,2007,,no
Akram Afif,Qatar,AFC,1,K.A.S._Eupen,Eupen,2015–2016,2015,2016,no
Akram Afif,Qatar,AFC,2,Villarreal_CF,Villarreal,2016–2020,2016,2020,no
Akram Afif,Qatar,AFC,3,Sporting_de_Gij%C3%B3n,Sporting Gijón,2016–2017,2016,2017,yes
Akram Afif,Qatar,AFC,4,K.A.S._Eupen,Eupen,2017–2018,2017,2018,yes
Akram Afif,Qatar,AFC,5,Al_Sadd_SC,Al Sadd,2018–2020,2018,2020,yes
Akram Afif,Qatar,AFC,6,Al_Sadd_SC,Al Sadd,2020–,2020,,no
Karim Boudiaf,Qatar,AFC,1,AS_Nancy_Lorraine,Nancy B,2008–2010,2008,2010,no
Karim Boudiaf,Qatar,AFC,2,Al_Duhail_SC,Al-Duhail,2010–,2010,,no
Ayoub Al-Oui,Qatar,AFC,1,Al-Gharafa_SC,Al-Gharafa,2022–,2022,,no
Homam Ahmed,Qatar,AFC,1,K.A.S._Eupen,Eupen,2017–2018,2017,2018,no
Homam Ahmed,Qatar,AFC,2,Al-Gharafa_SC,Al-Gharafa,2019–2024,2019,2024,no
Homam Ahmed,Qatar,AFC,3,Al_Duhail_SC,Al-Duhail,2024–,2024,,no
Homam Ahmed,Qatar,AFC,4,Cultural_y_Deportiva_Leonesa,Cultural Leonesa,2026–,2026,,yes
Yusuf Abdurisag,Qatar,AFC,1,Al_Sadd_SC,Al Sadd,2018–,2018,,no
Yusuf Abdurisag,Qatar,AFC,2,Al-Arabi_SC_(Qatar),Al-Arabi,2019–2020,2019,2020,yes
Yusuf Abdurisag,Qatar,AFC,3,Al-Wakrah_SC,Al-Wakrah,2023,2023,2023,yes
Yusuf Abdurisag,Qatar,AFC,4,Al-Wakrah_SC,Al-Wakrah,2025–,2025,,yes
Boualem Khoukhi,Qatar,AFC,1,Al-Arabi_SC_(Qatar),Al Arabi,2009–2017,2009,2017,no
Boualem Khoukhi,Qatar,AFC,2,Al-Sadd_SC,Al Sadd,2017–,2017,,no
Ahmed Al-Ganehi,Qatar,AFC,1,Al-Gharafa_SC,Al-Gharafa,2019–,2019,,no
Sultan Al-Brake,Qatar,AFC,1,Al-Wakra_Sports_Club,Al-Wakra,2015–2018,2015,2018,no
Sultan Al-Brake,Qatar,AFC,2,Cultural_y_Deportiva_Leonesa,Leonesa,2015–2016,2015,2016,yes
Sultan Al-Brake,Qatar,AFC,3,Al_Duhail_SC,Al-Duhail,2017–2018,2017,2018,yes
Sultan Al-Brake,Qatar,AFC,4,Al_Duhail_SC,Al-Duhail,2018–,2018,,no
Almoez Ali,Qatar,AFC,1,LASK_Linz,LASK II,2015,2015,2015,no
Almoez Ali,Qatar,AFC,2,LASK,LASK,2015–2016,2015,2016,no
Almoez Ali,Qatar,AFC,3,Cultural_y_Deportiva_Leonesa,Cultural Leonesa,2016,2016,2016,no
Almoez Ali,Qatar,AFC,4,Al-Duhail_SC,Al-Duhail B,2016–2017,2016,2017,no
Almoez Ali,Qatar,AFC,5,Al-Duhail_SC,Al-Duhail,2016–,2016,,no
Ahmed Fathy,Qatar,AFC,1,Al-Arabi_SC_(Qatar),Al Arabi,2012–,2012,,no
Salah Zakaria,Qatar,AFC,1,Al-Wakrah_SC,Al-Wakrah,2019–2021,2019,2021,no
Salah Zakaria,Qatar,AFC,2,Al-Gharafa_SC,Al-Gharafa,2019–2020,2019,2020,yes
Salah Zakaria,Qatar,AFC,3,Al-Duhail_SC,Al-Duhail,2021–,2021,,no
Meshaal Barsham,Qatar,AFC,1,Al_Sadd_SC,Al-Sadd,2017–,2017,,no
Assim Madibo,Qatar,AFC,1,LASK_Linz,LASK Linz,2015–2016,2015,2016,no
Assim Madibo,Qatar,AFC,2,FC_Pasching,Pasching,2015–2016,2015,2016,no
Assim Madibo,Qatar,AFC,3,Cultural_y_Deportiva_Leonesa,Cultural Leonesa,2016,2016,2016,no
Assim Madibo,Qatar,AFC,4,Al-Duhail_SC,Al-Duhail,2016–,2016,,no
Assim Madibo,Qatar,AFC,5,K.A.S._Eupen,Eupen,2017,2017,2017,yes
Assim Madibo,Qatar,AFC,6,Al-Gharafa_SC,Al-Gharafa,2018,2018,2018,yes
Assim Madibo,Qatar,AFC,7,Al-Gharafa_SC,Al-Gharafa,2024–2025,2024,2025,yes
Assim Madibo,Qatar,AFC,8,Al-Wakrah_SC,Al-Wakrah,2025–,2025,,yes
Tahsin Jamshid,Qatar,AFC,1,Al-Duhail_SC,Al-Duhail,2024–,2024,,no
Tahsin Jamshid,Qatar,AFC,2,AD_Alcorc%C3%B3n_B,Alcorcón B,2024–2025,2024,2025,yes
Al-Hashmi Al-Hussain,Qatar,AFC,1,Al-Arabi_SC_(Qatar),Al-Arabi,2021–,2021,,no
Al-Hashmi Al-Hussain,Qatar,AFC,2,CD_Calahorra_B,Calahorra B,2023–2024,2023,2024,yes
Al-Hashmi Al-Hussain,Qatar,AFC,3,AD_Alcorc%C3%B3n_B,Alcorcón B,2024–2025,2024,2025,yes
Mohamed Manai,Qatar,AFC,1,Al_Sadd_SC,Al-Sadd,2021–2024,2021,2024,no
Mohamed Manai,Qatar,AFC,2,Al-Markhiya_SC,Al-Markhiya,2023–2024,2023,2024,yes
Mohamed Manai,Qatar,AFC,3,Al-Shamal_SC,Al-Shamal,2024–,2024,,no
Gregor Kobel,Switzerland,UEFA,1,TSG_1899_Hoffenheim,TSG Hoffenheim,2016–2020,2016,2020,no
Gregor Kobel,Switzerland,UEFA,2,FC_Augsburg,FC Augsburg,2019,2019,2019,yes
Gregor Kobel,Switzerland,UEFA,3,VfB_Stuttgart,VfB Stuttgart,2019–2020,2019,2020,yes
Gregor Kobel,Switzerland,UEFA,4,VfB_Stuttgart,VfB Stuttgart,2020–2021,2020,2021,no
Gregor Kobel,Switzerland,UEFA,5,Borussia_Dortmund,Borussia Dortmund,2021–,2021,,no
Miro Muheim,Switzerland,UEFA,1,Chelsea_F.C.,Chelsea,2017–2018,2017,2018,no
Miro Muheim,Switzerland,UEFA,2,FC_Z%C3%BCrich,Zürich,2017,2017,2017,yes
Miro Muheim,Switzerland,UEFA,3,FC_St._Gallen,St. Gallen,2018–2022,2018,2022,no
Miro Muheim,Switzerland,UEFA,4,Hamburger_SV,Hamburger SV,2021–2022,2021,2022,yes
Miro Muheim,Switzerland,UEFA,5,Hamburger_SV,Hamburger SV,2022–,2022,,no
Silvan Widmer,Switzerland,UEFA,1,FC_Aarau,Aarau II,2010–2011,2010,2011,no
Silvan Widmer,Switzerland,UEFA,2,FC_Aarau,Aarau,2011–2013,2011,2013,no
Silvan Widmer,Switzerland,UEFA,3,Udinese_Calcio,Udinese,2013–2018,2013,2018,no
Silvan Widmer,Switzerland,UEFA,4,FC_Basel,Basel,2018–2021,2018,2021,no
Silvan Widmer,Switzerland,UEFA,5,1._FSV_Mainz_05,Mainz 05,2021–,2021,,no
Nico Elvedi,Switzerland,UEFA,1,FC_Z%C3%BCrich,Zürich II,2013–2015,2013,2015,no
Nico Elvedi,Switzerland,UEFA,2,FC_Z%C3%BCrich,Zürich,2014–2015,2014,2015,no
Nico Elvedi,Switzerland,UEFA,3,Borussia_M%C3%B6nchengladbach,Borussia Mönchengladbach,2015–,2015,,no
Manuel Akanji,Switzerland,UEFA,1,FC_Winterthur,FC Winterthur II,2013–2014,2013,2014,no
Manuel Akanji,Switzerland,UEFA,2,FC_Winterthur,FC Winterthur,2014–2015,2014,2015,no
Manuel Akanji,Switzerland,UEFA,3,FC_Basel,FC Basel II,2015–2016,2015,2016,no
Manuel Akanji,Switzerland,UEFA,4,FC_Basel,FC Basel,2015–2018,2015,2018,no
Manuel Akanji,Switzerland,UEFA,5,Borussia_Dortmund,Borussia Dortmund,2018–2022,2018,2022,no
Manuel Akanji,Switzerland,UEFA,6,Manchester_City_F.C.,Manchester City,2022–,2022,,no
Manuel Akanji,Switzerland,UEFA,7,Inter_Milan,Inter Milan,2025–,2025,,yes
Denis Zakaria,Switzerland,UEFA,1,Servette_FC,Servette II,2014–2015,2014,2015,no
Denis Zakaria,Switzerland,UEFA,2,BSC_Young_Boys,Young Boys,2015–2017,2015,2017,no
Denis Zakaria,Switzerland,UEFA,3,Borussia_M%C3%B6nchengladbach,Borussia Mönchengladbach,2017–2022,2017,2022,no
Denis Zakaria,Switzerland,UEFA,4,Juventus_FC,Juventus,2022–2023,2022,2023,no
Denis Zakaria,Switzerland,UEFA,5,Chelsea_F.C.,Chelsea,2022–2023,2022,2023,yes
Denis Zakaria,Switzerland,UEFA,6,AS_Monaco_FC,Monaco,2023–,2023,,no
Breel Embolo,Switzerland,UEFA,1,FC_Basel,Basel,2014–2016,2014,2016,no
Breel Embolo,Switzerland,UEFA,2,FC_Schalke_04,Schalke 04,2016–2019,2016,2019,no
Breel Embolo,Switzerland,UEFA,3,Borussia_M%C3%B6nchengladbach,Borussia Mönchengladbach,2019–2022,2019,2022,no
Breel Embolo,Switzerland,UEFA,4,AS_Monaco_FC,Monaco,2022–2025,2022,2025,no
Breel Embolo,Switzerland,UEFA,5,Stade_Rennais_FC,Rennes,2025–,2025,,no
Remo Freuler,Switzerland,UEFA,1,FC_Winterthur,Winterthur,2009–2010,2009,2010,no
Remo Freuler,Switzerland,UEFA,2,Grasshopper_Club_Z%C3%BCrich,Grasshoppers,2010–2011,2010,2011,no
Remo Freuler,Switzerland,UEFA,3,FC_Winterthur,Winterthur,2011–2014,2011,2014,no
Remo Freuler,Switzerland,UEFA,4,FC_Luzern,Luzern,2014–2016,2014,2016,no
Remo Freuler,Switzerland,UEFA,5,Atalanta_BC,Atalanta,2016–2022,2016,2022,no
Remo Freuler,Switzerland,UEFA,6,Nottingham_Forest_F.C.,Nottingham Forest,2022–2024,2022,2024,no
Remo Freuler,Switzerland,UEFA,7,Bologna_FC_1909,Bologna,2023–2024,2023,2024,yes
Remo Freuler,Switzerland,UEFA,8,Bologna_FC_1909,Bologna,2024–,2024,,no
Johan Manzambi,Switzerland,UEFA,1,SC_Freiburg_II,SC Freiburg II,2024–,2024,,no
Johan Manzambi,Switzerland,UEFA,2,SC_Freiburg,SC Freiburg,2024–,2024,,no
Granit Xhaka,Switzerland,UEFA,1,FC_Basel,Basel,2010–2012,2010,2012,no
Granit Xhaka,Switzerland,UEFA,2,Borussia_M%C3%B6nchengladbach,Borussia Mönchengladbach,2012–2016,2012,2016,no
Granit Xhaka,Switzerland,UEFA,3,Arsenal_F.C.,Arsenal,2016–2023,2016,2023,no
Granit Xhaka,Switzerland,UEFA,4,Bayer_04_Leverkusen,Bayer Leverkusen,2023–2025,2023,2025,no
Granit Xhaka,Switzerland,UEFA,5,Sunderland_A.F.C.,Sunderland,2025–,2025,,no
Dan Ndoye,Switzerland,UEFA,1,FC_Lausanne-Sport,Lausanne-Sport II,2018–2019,2018,2019,no
Dan Ndoye,Switzerland,UEFA,2,FC_Lausanne-Sport,Lausanne-Sport,2018–2020,2018,2020,no
Dan Ndoye,Switzerland,UEFA,3,OGC_Nice,Nice,2020–2022,2020,2022,no
Dan Ndoye,Switzerland,UEFA,4,FC_Lausanne-Sport,Lausanne-Sport,2020,2020,2020,yes
Dan Ndoye,Switzerland,UEFA,5,FC_Basel,Basel,2021–2022,2021,2022,yes
Dan Ndoye,Switzerland,UEFA,6,FC_Basel,Basel,2022–2023,2022,2023,no
Dan Ndoye,Switzerland,UEFA,7,Bologna_FC_1909,Bologna,2023–2025,2023,2025,no
Dan Ndoye,Switzerland,UEFA,8,Nottingham_Forest_F.C.,Nottingham Forest,2025–,2025,,no
Yvon Mvogo,Switzerland,UEFA,1,BSC_Young_Boys,Young Boys,2011–2017,2011,2017,no
Yvon Mvogo,Switzerland,UEFA,2,RB_Leipzig,RB Leipzig,2017–2022,2017,2022,no
Yvon Mvogo,Switzerland,UEFA,3,PSV_Eindhoven,PSV,2020–2022,2020,2022,yes
Yvon Mvogo,Switzerland,UEFA,4,FC_Lorient,Lorient,2022–,2022,,no
Ricardo Rodriguez,Switzerland,UEFA,1,FC_Z%C3%BCrich,Zürich,2010–2012,2010,2012,no
Ricardo Rodriguez,Switzerland,UEFA,2,VfL_Wolfsburg,VfL Wolfsburg,2012–2017,2012,2017,no
Ricardo Rodriguez,Switzerland,UEFA,3,AC_Milan,AC Milan,2017–2020,2017,2020,no
Ricardo Rodriguez,Switzerland,UEFA,4,PSV_Eindhoven,PSV,2020,2020,2020,yes
Ricardo Rodriguez,Switzerland,UEFA,5,Torino_FC,Torino,2020–2024,2020,2024,no
Ricardo Rodriguez,Switzerland,UEFA,6,Real_Betis,Betis,2024–,2024,,no
Ardon Jashari,Switzerland,UEFA,1,FC_Luzern,Luzern II,2019–2021,2019,2021,no
Ardon Jashari,Switzerland,UEFA,2,FC_Luzern,Luzern,2020–2024,2020,2024,no
Ardon Jashari,Switzerland,UEFA,3,Club_Brugge_KV,Club Brugge,2024–2025,2024,2025,no
Ardon Jashari,Switzerland,UEFA,4,AC_Milan,AC Milan,2025–,2025,,no
Djibril Sow,Switzerland,UEFA,1,FC_Z%C3%BCrich,Zürich II,2014–2015,2014,2015,no
Djibril Sow,Switzerland,UEFA,2,Borussia_M%C3%B6nchengladbach_II,Borussia Mönchengladbach II,2015–2017,2015,2017,no
Djibril Sow,Switzerland,UEFA,3,Borussia_M%C3%B6nchengladbach,Borussia Mönchengladbach,2016–2017,2016,2017,no
Djibril Sow,Switzerland,UEFA,4,BSC_Young_Boys,Young Boys,2017–2019,2017,2019,no
Djibril Sow,Switzerland,UEFA,5,Eintracht_Frankfurt,Eintracht Frankfurt,2019–2023,2019,2023,no
Djibril Sow,Switzerland,UEFA,6,Sevilla_FC,Sevilla,2023–,2023,,no
Christian Fassnacht,Switzerland,UEFA,1,FC_Tuggen,Tuggen,2014,2014,2014,no
Christian Fassnacht,Switzerland,UEFA,2,FC_Winterthur,Winterthur,2015–2016,2015,2016,no
Christian Fassnacht,Switzerland,UEFA,3,FC_Thun,Thun,2016–2017,2016,2017,no
Christian Fassnacht,Switzerland,UEFA,4,BSC_Young_Boys,Young Boys,2017–2023,2017,2023,no
Christian Fassnacht,Switzerland,UEFA,5,Norwich_City_F.C.,Norwich City,2023–2025,2023,2025,no
Christian Fassnacht,Switzerland,UEFA,6,BSC_Young_Boys,Young Boys,2025–,2025,,no
Rubén Vargas,Switzerland,UEFA,1,FC_Luzern,Luzern II,2016–2017,2016,2017,no
Rubén Vargas,Switzerland,UEFA,2,FC_Luzern,Luzern,2017–2019,2017,2019,no
Rubén Vargas,Switzerland,UEFA,3,FC_Augsburg,FC Augsburg,2019–2025,2019,2025,no
Rubén Vargas,Switzerland,UEFA,4,Sevilla_FC,Sevilla,2025–,2025,,no
Eray Cömert,Switzerland,UEFA,1,FC_Basel,Basel,2016–2022,2016,2022,no
Eray Cömert,Switzerland,UEFA,2,FC_Lugano,Lugano,2017,2017,2017,yes
Eray Cömert,Switzerland,UEFA,3,FC_Sion,Sion,2017–2018,2017,2018,yes
Eray Cömert,Switzerland,UEFA,4,Valencia_CF,Valencia,2022–,2022,,no
Eray Cömert,Switzerland,UEFA,5,FC_Nantes,Nantes,2023–2024,2023,2024,yes
Eray Cömert,Switzerland,UEFA,6,Real_Valladolid,Valladolid,2024–2025,2024,2025,yes
Noah Okafor,Switzerland,UEFA,1,FC_Basel,Basel,2018–2020,2018,2020,no
Noah Okafor,Switzerland,UEFA,2,FC_Red_Bull_Salzburg,Red Bull Salzburg,2020–2023,2020,2023,no
Noah Okafor,Switzerland,UEFA,3,AC_Milan,AC Milan,2023–2025,2023,2025,no
Noah Okafor,Switzerland,UEFA,4,SSC_Napoli,Napoli,2025,2025,2025,yes
Noah Okafor,Switzerland,UEFA,5,Leeds_United_F.C.,Leeds United,2025–,2025,,no
Michel Aebischer,Switzerland,UEFA,1,BSC_Young_Boys,Young Boys,2016–2022,2016,2022,no
Michel Aebischer,Switzerland,UEFA,2,Bologna_FC_1909,Bologna,2022,2022,2022,yes
Michel Aebischer,Switzerland,UEFA,3,Bologna_FC_1909,Bologna,2022–,2022,,no
Michel Aebischer,Switzerland,UEFA,4,Pisa_SC,Pisa,2025–,2025,,yes
Marvin Keller,Switzerland,UEFA,1,Grasshopper_Club_Z%C3%BCrich,Grasshoppers U21,2019–2021,2019,2021,no
Marvin Keller,Switzerland,UEFA,2,FC_Wil,FC Wil,2021–2023,2021,2023,no
Marvin Keller,Switzerland,UEFA,3,BSC_Young_Boys,Young Boys,2023–,2023,,no
Marvin Keller,Switzerland,UEFA,4,FC_Winterthur,Winterthur,2023–2024,2023,2024,yes
Fabian Rieder,Switzerland,UEFA,1,BSC_Young_Boys,Young Boys,2020–2023,2020,2023,no
Fabian Rieder,Switzerland,UEFA,2,Stade_Rennais_F.C.,Rennes,2023–2025,2023,2025,no
Fabian Rieder,Switzerland,UEFA,3,VfB_Stuttgart,VfB Stuttgart,2024–2025,2024,2025,yes
Fabian Rieder,Switzerland,UEFA,4,FC_Augsburg,FC Augsburg,2025–,2025,,no
Zeki Amdouni,Switzerland,UEFA,1,%C3%89toile_Carouge_FC,Étoile Carouge,2018–2019,2018,2019,no
Zeki Amdouni,Switzerland,UEFA,2,FC_Stade_Lausanne_Ouchy,Stade Lausanne Ouchy,2019–2021,2019,2021,no
Zeki Amdouni,Switzerland,UEFA,3,FC_Lausanne-Sport,Lausanne-Sport,2021–2023,2021,2023,no
Zeki Amdouni,Switzerland,UEFA,4,FC_Basel,Basel,2022–2023,2022,2023,yes
Zeki Amdouni,Switzerland,UEFA,5,Burnley_F.C.,Burnley,2023–,2023,,no
Zeki Amdouni,Switzerland,UEFA,6,S.L._Benfica,Benfica,2024–2025,2024,2025,yes
Aurèle Amenda,Switzerland,UEFA,1,BSC_Young_Boys,Young Boys,2022–2024,2022,2024,no
Aurèle Amenda,Switzerland,UEFA,2,Eintracht_Frankfurt,Eintracht Frankfurt,2024–,2024,,no
Aurèle Amenda,Switzerland,UEFA,3,BSC_Young_Boys,Young Boys,2024,2024,2024,yes
Luca Jaquez,Switzerland,UEFA,1,FC_Luzern,Luzern U21,2021–2023,2021,2023,no
Luca Jaquez,Switzerland,UEFA,2,FC_Luzern,Luzern,2022–2025,2022,2025,no
Luca Jaquez,Switzerland,UEFA,3,VfB_Stuttgart,VfB Stuttgart,2025–,2025,,no
Cedric Itten,Switzerland,UEFA,1,FC_Basel,Basel U21,2013–2015,2013,2015,no
Cedric Itten,Switzerland,UEFA,2,FC_Basel,Basel,2015–2018,2015,2018,no
Cedric Itten,Switzerland,UEFA,3,FC_Luzern,FC Luzern,2016–2017,2016,2017,yes
Cedric Itten,Switzerland,UEFA,4,FC_St._Gallen,St. Gallen,2018,2018,2018,yes
Cedric Itten,Switzerland,UEFA,5,FC_St._Gallen,St. Gallen,2018–2020,2018,2020,no
Cedric Itten,Switzerland,UEFA,6,Rangers_F.C.,Rangers,2020–2022,2020,2022,no
Cedric Itten,Switzerland,UEFA,7,SpVgg_Greuther_F%C3%BCrth,Greuther Fürth,2021–2022,2021,2022,yes
Cedric Itten,Switzerland,UEFA,8,BSC_Young_Boys,Young Boys,2022–2025,2022,2025,no
Cedric Itten,Switzerland,UEFA,9,Fortuna_D%C3%BCsseldorf,Fortuna Düsseldorf,2025–,2025,,no
Alisson,Brazil,CONMEBOL,1,SC_Internacional,Internacional,2013–2016,2013,2016,no
Alisson,Brazil,CONMEBOL,2,AS_Roma,Roma,2016–2018,2016,2018,no
Alisson,Brazil,CONMEBOL,3,Liverpool_F.C.,Liverpool,2018–,2018,,no
Éderson Silva,Brazil,CONMEBOL,1,Desportivo_Brasil,Desportivo Brasil,2017–2019,2017,2019,no
Éderson Silva,Brazil,CONMEBOL,2,Cruzeiro_EC,Cruzeiro,2018–2019,2018,2019,yes
Éderson Silva,Brazil,CONMEBOL,3,Cruzeiro_EC,Cruzeiro,2019–2020,2019,2020,no
Éderson Silva,Brazil,CONMEBOL,4,SC_Corinthians_Paulista,Corinthians,2020–2022,2020,2022,no
Éderson Silva,Brazil,CONMEBOL,5,Fortaleza_EC,Fortaleza,2021,2021,2021,yes
Éderson Silva,Brazil,CONMEBOL,6,US_Salernitana_1919,Salernitana,2022,2022,2022,no
Éderson Silva,Brazil,CONMEBOL,7,Atalanta_BC,Atalanta,2022–,2022,,no
Gabriel Magalhães,Brazil,CONMEBOL,1,Ava%C3%AD_FC,Avaí,2016–2017,2016,2017,no
Gabriel Magalhães,Brazil,CONMEBOL,2,Lille_OSC,Lille II,2017–2018,2017,2018,no
Gabriel Magalhães,Brazil,CONMEBOL,3,Lille_OSC,Lille,2017–2020,2017,2020,no
Gabriel Magalhães,Brazil,CONMEBOL,4,ES_Troyes_AC,Troyes,2017–2018,2017,2018,yes
Gabriel Magalhães,Brazil,CONMEBOL,5,GNK_Dinamo_Zagreb,Dinamo Zagreb,2018,2018,2018,yes
Gabriel Magalhães,Brazil,CONMEBOL,6,Arsenal_F.C.,Arsenal,2020–,2020,,no
Marquinhos,Brazil,CONMEBOL,1,SC_Corinthians_Paulista,Corinthians,2012–2013,2012,2013,no
Marquinhos,Brazil,CONMEBOL,2,AS_Roma,Roma,2012–2013,2012,2013,yes
Marquinhos,Brazil,CONMEBOL,3,AS_Roma,Roma,2013,2013,2013,no
Marquinhos,Brazil,CONMEBOL,4,Paris_Saint-Germain_FC,Paris Saint-Germain,2013–,2013,,no
Casemiro,Brazil,CONMEBOL,1,S%C3%A3o_Paulo_FC,São Paulo,2010–2013,2010,2013,no
Casemiro,Brazil,CONMEBOL,2,Real_Madrid_Castilla,Real Madrid Castilla,2013,2013,2013,yes
Casemiro,Brazil,CONMEBOL,3,Real_Madrid_CF,Real Madrid,2013,2013,2013,yes
Casemiro,Brazil,CONMEBOL,4,Real_Madrid_CF,Real Madrid,2013–2022,2013,2022,no
Casemiro,Brazil,CONMEBOL,5,FC_Porto,Porto,2014–2015,2014,2015,yes
Casemiro,Brazil,CONMEBOL,6,Manchester_United_F.C.,Manchester United,2022–,2022,,no
Alex Sandro,Brazil,CONMEBOL,1,Club_Athletico_Paranaense,Atlético Paranaense,2008–2010,2008,2010,no
Alex Sandro,Brazil,CONMEBOL,2,Deportivo_Maldonado,Deportivo Maldonado,2010–2011,2010,2011,no
Alex Sandro,Brazil,CONMEBOL,3,Santos_FC,Santos,2010–2011,2010,2011,yes
Alex Sandro,Brazil,CONMEBOL,4,FC_Porto,Porto,2011–2015,2011,2015,no
Alex Sandro,Brazil,CONMEBOL,5,Juventus_FC,Juventus,2015–2024,2015,2024,no
Alex Sandro,Brazil,CONMEBOL,6,CR_Flamengo,Flamengo,2024–,2024,,no
Vinícius Júnior,Brazil,CONMEBOL,1,CR_Flamengo,Flamengo,2017–2018,2017,2018,no
Vinícius Júnior,Brazil,CONMEBOL,2,Real_Madrid_Castilla,Real Madrid B,2018,2018,2018,no
Vinícius Júnior,Brazil,CONMEBOL,3,Real_Madrid_CF,Real Madrid,2018–,2018,,no
Bruno Guimarães,Brazil,CONMEBOL,1,Gr%C3%AAmio_Osasco_Audax_Esporte_Clube,Audax,2015–2018,2015,2018,no
Bruno Guimarães,Brazil,CONMEBOL,2,Club_Athletico_Paranaense,Athletico Paranaense,2017–2018,2017,2018,yes
Bruno Guimarães,Brazil,CONMEBOL,3,Club_Athletico_Paranaense,Athletico Paranaense,2018–2020,2018,2020,no
Bruno Guimarães,Brazil,CONMEBOL,4,Olympique_Lyonnais,Lyon,2020–2022,2020,2022,no
Bruno Guimarães,Brazil,CONMEBOL,5,Newcastle_United_F.C.,Newcastle United,2022–,2022,,no
Matheus Cunha,Brazil,CONMEBOL,1,FC_Sion,Sion,2017–2018,2017,2018,no
Matheus Cunha,Brazil,CONMEBOL,2,RB_Leipzig,RB Leipzig,2018–2020,2018,2020,no
Matheus Cunha,Brazil,CONMEBOL,3,Hertha_BSC,Hertha BSC,2020–2021,2020,2021,no
Matheus Cunha,Brazil,CONMEBOL,4,Atl%C3%A9tico_Madrid,Atlético Madrid,2021–2023,2021,2023,no
Matheus Cunha,Brazil,CONMEBOL,5,Wolverhampton_Wanderers_F.C.,Wolverhampton Wanderers,2023,2023,2023,yes
Matheus Cunha,Brazil,CONMEBOL,6,Wolverhampton_Wanderers_F.C.,Wolverhampton Wanderers,2023–2025,2023,2025,no
Matheus Cunha,Brazil,CONMEBOL,7,Manchester_United_F.C.,Manchester United,2025–,2025,,no
Neymar,Brazil,CONMEBOL,1,Santos_FC,Santos,2009–2013,2009,2013,no
Neymar,Brazil,CONMEBOL,2,FC_Barcelona,Barcelona,2013–2017,2013,2017,no
Neymar,Brazil,CONMEBOL,3,Paris_Saint-Germain_FC,Paris Saint-Germain,2017–2023,2017,2023,no
Neymar,Brazil,CONMEBOL,4,Al_Hilal_SFC,Al Hilal,2023–2025,2023,2025,no
Neymar,Brazil,CONMEBOL,5,Santos_FC,Santos,2025–,2025,,no
Raphinha,Brazil,CONMEBOL,1,Vit%C3%B3ria_S.C._B,Vitória de Guimarães B,2016–2018,2016,2018,no
Raphinha,Brazil,CONMEBOL,2,Vit%C3%B3ria_S.C.,Vitória de Guimarães,2016–2018,2016,2018,no
Raphinha,Brazil,CONMEBOL,3,Sporting_CP,Sporting CP,2018–2019,2018,2019,no
Raphinha,Brazil,CONMEBOL,4,Stade_Rennais_FC,Rennes,2019–2020,2019,2020,no
Raphinha,Brazil,CONMEBOL,5,Leeds_United_F.C.,Leeds United,2020–2022,2020,2022,no
Raphinha,Brazil,CONMEBOL,6,FC_Barcelona,Barcelona,2022–,2022,,no
Weverton,Brazil,CONMEBOL,1,Sport_Club_Corinthians_Paulista,Corinthians,2006–2009,2006,2009,no
Weverton,Brazil,CONMEBOL,2,Clube_do_Remo,Remo,2007,2007,2007,yes
Weverton,Brazil,CONMEBOL,3,Oeste_Futebol_Clube,Oeste,2009,2009,2009,yes
Weverton,Brazil,CONMEBOL,4,Am%C3%A9rica_Futebol_Clube_(RN),América de Natal,2009,2009,2009,yes
Weverton,Brazil,CONMEBOL,5,Botafogo_Futebol_Clube_(SP),Botafogo-SP,2010,2010,2010,no
Weverton,Brazil,CONMEBOL,6,Associa%C3%A7%C3%A3o_Portuguesa_de_Desportos,Portuguesa,2010–2012,2010,2012,no
Weverton,Brazil,CONMEBOL,7,Club_Athletico_Paranaense,Atlético Paranaense,2012–2017,2012,2017,no
Weverton,Brazil,CONMEBOL,8,SE_Palmeiras,Palmeiras,2018–2026,2018,2026,no
Weverton,Brazil,CONMEBOL,9,Gr%C3%AAmio_FBPA,Grêmio,2026–,2026,,no
Danilo Luiz,Brazil,CONMEBOL,1,Am%C3%A9rica_Futebol_Clube_(MG),América Mineiro,2009–2010,2009,2010,no
Danilo Luiz,Brazil,CONMEBOL,2,Santos_FC,Santos,2010–2012,2010,2012,no
Danilo Luiz,Brazil,CONMEBOL,3,FC_Porto,Porto,2012–2015,2012,2015,no
Danilo Luiz,Brazil,CONMEBOL,4,Real_Madrid_CF,Real Madrid,2015–2017,2015,2017,no
Danilo Luiz,Brazil,CONMEBOL,5,Manchester_City_F.C.,Manchester City,2017–2019,2017,2019,no
Danilo Luiz,Brazil,CONMEBOL,6,Juventus_FC,Juventus,2019–2025,2019,2025,no
Danilo Luiz,Brazil,CONMEBOL,7,CR_Flamengo,Flamengo,2025–,2025,,no
Bremer,Brazil,CONMEBOL,1,Clube_Atl%C3%A9tico_Mineiro,Atlético Mineiro,2017–2018,2017,2018,no
Bremer,Brazil,CONMEBOL,2,Torino_FC,Torino,2018–2022,2018,2022,no
Bremer,Brazil,CONMEBOL,3,Juventus_FC,Juventus,2022–,2022,,no
Léo Pereira,Brazil,CONMEBOL,1,Clube_Atl%C3%A9tico_Paranaense,Atlético Paranaense,2014–2019,2014,2019,no
Léo Pereira,Brazil,CONMEBOL,2,Guaratinguet%C3%A1_Futebol,Guaratinguetá,2015,2015,2015,yes
Léo Pereira,Brazil,CONMEBOL,3,Clube_N%C3%A1utico_Capibaribe,Náutico,2016,2016,2016,yes
Léo Pereira,Brazil,CONMEBOL,4,Orlando_City_B,Orlando City B,2017,2017,2017,yes
Léo Pereira,Brazil,CONMEBOL,5,Orlando_City_SC,Orlando City,2017,2017,2017,yes
Léo Pereira,Brazil,CONMEBOL,6,CR_Flamengo,Flamengo,2020–,2020,,no
Douglas Santos,Brazil,CONMEBOL,1,Clube_N%C3%A1utico_Capibaribe,Náutico,2012–2013,2012,2013,no
Douglas Santos,Brazil,CONMEBOL,2,Granada_CF,Granada,2013–2014,2013,2014,no
Douglas Santos,Brazil,CONMEBOL,3,Udinese_Calcio,Udinese,2013–2014,2013,2014,yes
Douglas Santos,Brazil,CONMEBOL,4,Udinese_Calcio,Udinese,2014–2015,2014,2015,no
Douglas Santos,Brazil,CONMEBOL,5,Clube_Atl%C3%A9tico_Mineiro,Atlético Mineiro,2014–2015,2014,2015,yes
Douglas Santos,Brazil,CONMEBOL,6,Clube_Atl%C3%A9tico_Mineiro,Atlético Mineiro,2015–2016,2015,2016,no
Douglas Santos,Brazil,CONMEBOL,7,Hamburger_SV,Hamburger SV,2016–2019,2016,2019,no
Douglas Santos,Brazil,CONMEBOL,8,FC_Zenit_Saint_Petersburg,Zenit Saint Petersburg,2019–,2019,,no
Fabinho,Brazil,CONMEBOL,1,Fluminense_FC,Fluminense,2012,2012,2012,no
Fabinho,Brazil,CONMEBOL,2,Rio_Ave_F.C.,Rio Ave,2012–2015,2012,2015,no
Fabinho,Brazil,CONMEBOL,3,Real_Madrid_Castilla,Real Madrid Castilla,2012–2013,2012,2013,yes
Fabinho,Brazil,CONMEBOL,4,Real_Madrid_CF,Real Madrid,2013,2013,2013,yes
Fabinho,Brazil,CONMEBOL,5,AS_Monaco_FC,Monaco,2013–2015,2013,2015,yes
Fabinho,Brazil,CONMEBOL,6,AS_Monaco_FC,Monaco,2015–2018,2015,2018,no
Fabinho,Brazil,CONMEBOL,7,Liverpool_F.C.,Liverpool,2018–2023,2018,2023,no
Fabinho,Brazil,CONMEBOL,8,Al-Ittihad_Club_(Jeddah),Al-Ittihad,2023–,2023,,no
Danilo Santos,Brazil,CONMEBOL,1,Pitua%C3%A7u_Futebol_Clube_Cajazeiras,PFC Cajazeiras,2018–2020,2018,2020,no
Danilo Santos,Brazil,CONMEBOL,2,SE_Palmeiras,Palmeiras,2020,2020,2020,yes
Danilo Santos,Brazil,CONMEBOL,3,SE_Palmeiras,Palmeiras,2020–2023,2020,2023,no
Danilo Santos,Brazil,CONMEBOL,4,Nottingham_Forest_F.C.,Nottingham Forest,2023–2025,2023,2025,no
Danilo Santos,Brazil,CONMEBOL,5,Botafogo_FR,Botafogo,2025–,2025,,no
Endrick,Brazil,CONMEBOL,1,SE_Palmeiras,Palmeiras,2022–2024,2022,2024,no
Endrick,Brazil,CONMEBOL,2,Real_Madrid_CF,Real Madrid,2024–,2024,,no
Endrick,Brazil,CONMEBOL,3,Olympique_Lyonnais,Lyon,2026–,2026,,yes
Lucas Paquetá,Brazil,CONMEBOL,1,CR_Flamengo,Flamengo,2016–2019,2016,2019,no
Lucas Paquetá,Brazil,CONMEBOL,2,AC_Milan,AC Milan,2019–2020,2019,2020,no
Lucas Paquetá,Brazil,CONMEBOL,3,Olympique_Lyonnais,Lyon,2020–2022,2020,2022,no
Lucas Paquetá,Brazil,CONMEBOL,4,West_Ham_United_F.C.,West Ham United,2022–2026,2022,2026,no
Lucas Paquetá,Brazil,CONMEBOL,5,CR_Flamengo,Flamengo,2026–,2026,,no
Luiz Henrique,Brazil,CONMEBOL,1,Fluminense_FC,Fluminense,2020–2022,2020,2022,no
Luiz Henrique,Brazil,CONMEBOL,2,Real_Betis,Real Betis,2022–2024,2022,2024,no
Luiz Henrique,Brazil,CONMEBOL,3,Botafogo_FR,Botafogo,2024–2025,2024,2025,no
Luiz Henrique,Brazil,CONMEBOL,4,FC_Zenit_Saint_Petersburg,Zenit Saint Petersburg,2025–,2025,,no
Gabriel Martinelli,Brazil,CONMEBOL,1,Ituano_FC,Ituano,2018–2019,2018,2019,no
Gabriel Martinelli,Brazil,CONMEBOL,2,Arsenal_F.C.,Arsenal,2019–,2019,,no
Ederson Moraes,Brazil,CONMEBOL,1,G.D._Ribeir%C3%A3o,Ribeirão,2011–2013,2011,2013,no
Ederson Moraes,Brazil,CONMEBOL,2,Rio_Ave_F.C.,Rio Ave,2013–2015,2013,2015,no
Ederson Moraes,Brazil,CONMEBOL,3,S.L._Benfica,Benfica,2015–2017,2015,2017,no
Ederson Moraes,Brazil,CONMEBOL,4,Manchester_City_F.C.,Manchester City,2017–2025,2017,2025,no
Ederson Moraes,Brazil,CONMEBOL,5,Fenerbah%C3%A7e_S.K._(football),Fenerbahçe,2025–,2025,,no
Roger Ibañez,Brazil,CONMEBOL,1,Club_Sportivo_Sergipe,Sergipe,2017,2017,2017,yes
Roger Ibañez,Brazil,CONMEBOL,2,Fluminense_FC,Fluminense,2017–2018,2017,2018,yes
Roger Ibañez,Brazil,CONMEBOL,3,Fluminense_FC,Fluminense,2018–2019,2018,2019,no
Roger Ibañez,Brazil,CONMEBOL,4,Atalanta_BC,Atalanta,2019–2021,2019,2021,no
Roger Ibañez,Brazil,CONMEBOL,5,AS_Roma,Roma,2020–2021,2020,2021,yes
Roger Ibañez,Brazil,CONMEBOL,6,AS_Roma,Roma,2021–2023,2021,2023,no
Roger Ibañez,Brazil,CONMEBOL,7,Al_Ahli_Saudi_FC,Al-Ahli,2023–,2023,,no
Igor Thiago,Brazil,CONMEBOL,1,Cruzeiro_Esporte_Clube,Cruzeiro,2020–2022,2020,2022,no
Igor Thiago,Brazil,CONMEBOL,2,PFC_Ludogorets_Razgrad_II,Ludogorets Razgrad II,2022,2022,2022,no
Igor Thiago,Brazil,CONMEBOL,3,PFC_Ludogorets_Razgrad,Ludogorets Razgrad,2022–2023,2022,2023,no
Igor Thiago,Brazil,CONMEBOL,4,Club_Brugge_KV,Club Brugge,2023–2024,2023,2024,no
Igor Thiago,Brazil,CONMEBOL,5,Brentford_F.C.,Brentford,2024–,2024,,no
Rayan,Brazil,CONMEBOL,1,CR_Vasco_da_Gama,Vasco da Gama,2023–2026,2023,2026,no
Rayan,Brazil,CONMEBOL,2,AFC_Bournemouth,Bournemouth,2026–,2026,,no
Johny Placide,Haiti,CONCACAF,1,Le_Havre_AC,Le Havre B,2007–2008,2007,2008,no
Johny Placide,Haiti,CONCACAF,2,Le_Havre_AC,Le Havre,2008–2012,2008,2012,no
Johny Placide,Haiti,CONCACAF,3,Stade_de_Reims,Reims,2013–2016,2013,2016,no
Johny Placide,Haiti,CONCACAF,4,En_Avant_Guingamp,Guingamp,2016–2017,2016,2017,no
Johny Placide,Haiti,CONCACAF,5,Oldham_Athletic_A.F.C.,Oldham Athletic,2017–2018,2017,2018,no
Johny Placide,Haiti,CONCACAF,6,FC_Tsarsko_Selo_Sofia,Tsarsko Selo,2019–2021,2019,2021,no
Johny Placide,Haiti,CONCACAF,7,SC_Bastia,Bastia,2021–2026,2021,2026,no
Carlens Arcus,Haiti,CONCACAF,1,Racing_CH,Racing CH,2013,2013,2013,no
Carlens Arcus,Haiti,CONCACAF,2,ES_Troyes_AC,Troyes B,2015–2016,2015,2016,no
Carlens Arcus,Haiti,CONCACAF,3,Lille_OSC,Lille B,2016–2017,2016,2017,no
Carlens Arcus,Haiti,CONCACAF,4,Cercle_Brugge_KSV,Cercle Brugge,2017–2018,2017,2018,no
Carlens Arcus,Haiti,CONCACAF,5,AJ_Auxerre,Auxerre,2017–2018,2017,2018,yes
Carlens Arcus,Haiti,CONCACAF,6,AJ_Auxerre,Auxerre,2018–2022,2018,2022,no
Carlens Arcus,Haiti,CONCACAF,7,AJ_Auxerre,Auxerre B,2019,2019,2019,no
Carlens Arcus,Haiti,CONCACAF,8,SBV_Vitesse,Vitesse,2022–2024,2022,2024,no
Carlens Arcus,Haiti,CONCACAF,9,Angers_SCO,Angers,2024–,2024,,no
Keeto Thermoncy,Haiti,CONCACAF,1,BSC_Young_Boys,Young Boys U21,2023–,2023,,no
Ricardo Adé,Haiti,CONCACAF,1,Baltimore_SC,Baltimore SC,2011–2013,2011,2013,no
Ricardo Adé,Haiti,CONCACAF,2,Miami_United,Miami United,2014,2014,2014,no
Ricardo Adé,Haiti,CONCACAF,3,Don_Bosco_FC,Don Bosco,2015–2016,2015,2016,no
Ricardo Adé,Haiti,CONCACAF,4,Santiago_Morning,Santiago Morning,2017–2018,2017,2018,no
Ricardo Adé,Haiti,CONCACAF,5,Deportes_Magallanes,Magallanes,2019–2020,2019,2020,no
Ricardo Adé,Haiti,CONCACAF,6,Mushuc_Runa_S.C.,Mushuc Runa,2021,2021,2021,no
Ricardo Adé,Haiti,CONCACAF,7,S.D._Aucas,Aucas,2022,2022,2022,no
Ricardo Adé,Haiti,CONCACAF,8,L.D.U._Quito,L.D.U. Quito,2023–,2023,,no
Hannes Delcroix,Haiti,CONCACAF,1,R.S.C._Anderlecht,Anderlecht,2017–2023,2017,2023,no
Hannes Delcroix,Haiti,CONCACAF,2,RKC_Waalwijk,RKC Waalwijk,2019–2020,2019,2020,yes
Hannes Delcroix,Haiti,CONCACAF,3,Burnley_F.C.,Burnley,2023–2026,2023,2026,no
Hannes Delcroix,Haiti,CONCACAF,4,Swansea_City_A.F.C.,Swansea City,2025,2025,2025,yes
Hannes Delcroix,Haiti,CONCACAF,5,FC_Lugano,Lugano,2026–,2026,,no
Carl Sainté,Haiti,CONCACAF,1,Violette_AC,Violette,2020–2021,2020,2021,no
Carl Sainté,Haiti,CONCACAF,2,New_Mexico_United,New Mexico United,2021–2022,2021,2022,no
Carl Sainté,Haiti,CONCACAF,3,North_Texas_SC,North Texas SC,2022,2022,2022,yes
Carl Sainté,Haiti,CONCACAF,4,North_Texas_SC,North Texas SC,2023–2024,2023,2024,no
Carl Sainté,Haiti,CONCACAF,5,North_Texas_SC,North Texas SC,2024,2024,2024,no
Carl Sainté,Haiti,CONCACAF,6,FC_Dallas,FC Dallas,2024–2025,2024,2025,no
Carl Sainté,Haiti,CONCACAF,7,Phoenix_Rising_FC,Phoenix Rising,2025,2025,2025,yes
Carl Sainté,Haiti,CONCACAF,8,El_Paso_Locomotive_FC,El Paso Locomotive FC,2026–,2026,,no
Derrick Etienne Jr.,Haiti,CONCACAF,1,New_York_Red_Bulls_II,New York Red Bulls II,2015,2015,2015,no
Derrick Etienne Jr.,Haiti,CONCACAF,2,New_York_Red_Bulls,New York Red Bulls,2016–2019,2016,2019,no
Derrick Etienne Jr.,Haiti,CONCACAF,3,New_York_Red_Bulls_II,New York Red Bulls II,2016–2019,2016,2019,yes
Derrick Etienne Jr.,Haiti,CONCACAF,4,FC_Cincinnati,FC Cincinnati,2019,2019,2019,yes
Derrick Etienne Jr.,Haiti,CONCACAF,5,Columbus_Crew,Columbus Crew,2020–2022,2020,2022,no
Derrick Etienne Jr.,Haiti,CONCACAF,6,Atlanta_United_FC,Atlanta United FC,2023–2024,2023,2024,no
Derrick Etienne Jr.,Haiti,CONCACAF,7,Atlanta_United_2,Atlanta United 2,2023–2024,2023,2024,yes
Derrick Etienne Jr.,Haiti,CONCACAF,8,Toronto_FC,Toronto FC,2024–,2024,,no
Martin Expérience,Haiti,CONCACAF,1,US_Chang%C3%A9,Changé,2018–2020,2018,2020,no
Martin Expérience,Haiti,CONCACAF,2,US_Avranches,Avranches II,2020,2020,2020,no
Martin Expérience,Haiti,CONCACAF,3,US_Avranches,Avranches,2020–2022,2020,2022,no
Martin Expérience,Haiti,CONCACAF,4,SO_Cholet,Cholet,2022–2024,2022,2024,no
Martin Expérience,Haiti,CONCACAF,5,AS_Nancy_Lorraine,Nancy,2024–,2024,,no
Duckens Nazon,Haiti,CONCACAF,1,FC_Lorient,Lorient II,2013–2014,2013,2014,no
Duckens Nazon,Haiti,CONCACAF,2,Olympique_Saint-Quentin,Olympique Saint-Quentin,2014–2015,2014,2015,no
Duckens Nazon,Haiti,CONCACAF,3,Stade_Lavallois,Laval,2015–2016,2015,2016,no
Duckens Nazon,Haiti,CONCACAF,4,Kerala_Blasters_FC,Kerala Blasters,2016–2017,2016,2017,no
Duckens Nazon,Haiti,CONCACAF,5,Wolverhampton_Wanderers_F.C.,Wolverhampton Wanderers,2017–2018,2017,2018,no
Duckens Nazon,Haiti,CONCACAF,6,Coventry_City_F.C.,Coventry City,2017,2017,2017,yes
Duckens Nazon,Haiti,CONCACAF,7,Oldham_Athletic_A.F.C.,Oldham Athletic,2018,2018,2018,yes
Duckens Nazon,Haiti,CONCACAF,8,Sint-Truidense_V.V.,Sint-Truiden,2018–2021,2018,2021,no
Duckens Nazon,Haiti,CONCACAF,9,St_Mirren_F.C.,St Mirren,2019,2019,2019,yes
Duckens Nazon,Haiti,CONCACAF,10,US_Quevilly-Rouen,Quevilly-Rouen,2021–2022,2021,2022,no
Duckens Nazon,Haiti,CONCACAF,11,PFC_CSKA_Sofia,CSKA Sofia,2022–2024,2022,2024,no
Duckens Nazon,Haiti,CONCACAF,12,Kayserispor,Kayserispor,2024–2025,2024,2025,no
Duckens Nazon,Haiti,CONCACAF,13,Esteghlal_F.C.,Esteghlal,2025–,2025,,no
Jean-Ricner Bellegarde,Haiti,CONCACAF,1,RC_Lens,Lens B,2015–2019,2015,2019,no
Jean-Ricner Bellegarde,Haiti,CONCACAF,2,RC_Lens,Lens,2016–2019,2016,2019,no
Jean-Ricner Bellegarde,Haiti,CONCACAF,3,RC_Strasbourg_Alsace,Strasbourg,2019–2023,2019,2023,no
Jean-Ricner Bellegarde,Haiti,CONCACAF,4,Wolverhampton_Wanderers_F.C.,Wolverhampton Wanderers,2023–,2023,,no
Louicius Deedson,Haiti,CONCACAF,1,Hobro_IK,Hobro,2019–2023,2019,2023,no
Louicius Deedson,Haiti,CONCACAF,2,Odense_Boldklub,OB,2023–2025,2023,2025,no
Louicius Deedson,Haiti,CONCACAF,3,FC_Dallas,FC Dallas,2025–,2025,,no
Alexandre Pierre,Haiti,CONCACAF,1,Stade_Lavallois,Laval II,2018–2019,2018,2019,no
Alexandre Pierre,Haiti,CONCACAF,2,Angers_SCO,Angers II,2019–2020,2019,2020,no
Alexandre Pierre,Haiti,CONCACAF,3,RC_Strasbourg_Alsace,Strasbourg II,2020–2024,2020,2024,no
Alexandre Pierre,Haiti,CONCACAF,4,FC_Annecy,Annecy,2021–2022,2021,2022,yes
Alexandre Pierre,Haiti,CONCACAF,5,RC_Strasbourg_Alsace,Strasbourg,2023–2024,2023,2024,no
Alexandre Pierre,Haiti,CONCACAF,6,FC_Sochaux-Montb%C3%A9liard,Sochaux,2024–,2024,,no
Duke Lacroix,Haiti,CONCACAF,1,Ocean_City_Nor%27easters,Ocean City Nor'easters,2012–2013,2012,2013,no
Duke Lacroix,Haiti,CONCACAF,2,Indy_Eleven,Indy Eleven,2015–2016,2015,2016,no
Duke Lacroix,Haiti,CONCACAF,3,Orange_County_SC,Orange County SC,2017,2017,2017,no
Duke Lacroix,Haiti,CONCACAF,4,Reno_1868_FC,Reno 1868,2018–2019,2018,2019,no
Duke Lacroix,Haiti,CONCACAF,5,Charlotte_Independence,Charlotte Independence,2020,2020,2020,no
Duke Lacroix,Haiti,CONCACAF,6,Sacramento_Republic_FC,Sacramento Republic,2021–2022,2021,2022,no
Duke Lacroix,Haiti,CONCACAF,7,Colorado_Springs_Switchbacks_FC,Colorado Springs Switchbacks,2023–,2023,,no
Garven Metusala,Haiti,CONCACAF,1,CS_St-Hubert,CS St-Hubert,2018,2018,2018,no
Garven Metusala,Haiti,CONCACAF,2,CS_Fabrose,CS Fabrose,2019–2020,2019,2020,no
Garven Metusala,Haiti,CONCACAF,3,AS_Blainville,AS Blainville,2020,2020,2020,no
Garven Metusala,Haiti,CONCACAF,4,Forge_FC,Forge FC,2021–2024,2021,2024,no
Garven Metusala,Haiti,CONCACAF,5,Colorado_Springs_Switchbacks_FC,Colorado Springs Switchbacks,2025–,2025,,no
Ruben Providence,Haiti,CONCACAF,1,A.S._Roma,Roma,2021–2023,2021,2023,no
Ruben Providence,Haiti,CONCACAF,2,Club_Brugge_KV,Club Brugge,2021,2021,2021,yes
Ruben Providence,Haiti,CONCACAF,3,G.D._Estoril_Praia,Estoril,2022,2022,2022,yes
Ruben Providence,Haiti,CONCACAF,4,TSV_Hartberg,TSV Hartberg,2022–2023,2022,2023,yes
Ruben Providence,Haiti,CONCACAF,5,TSV_Hartberg,TSV Hartberg,2023–2024,2023,2024,no
Ruben Providence,Haiti,CONCACAF,6,Almere_City_FC,Almere City,2024–,2024,,no
Lenny Joseph,Haiti,CONCACAF,1,Le_Puy_Foot_43_Auvergne,Le Puy,2018–2019,2018,2019,no
Lenny Joseph,Haiti,CONCACAF,2,US_Boulogne,Boulogne II,2019–2020,2019,2020,no
Lenny Joseph,Haiti,CONCACAF,3,Le_Puy_Foot_43_Auvergne,Le Puy,2020–2021,2020,2021,no
Lenny Joseph,Haiti,CONCACAF,4,FC_Metz,Metz II,2021–2023,2021,2023,no
Lenny Joseph,Haiti,CONCACAF,5,Grenoble_Foot_38,Grenoble,2023–2025,2023,2025,no
Lenny Joseph,Haiti,CONCACAF,6,Ferencv%C3%A1rosi_TC,Ferencváros,2025–,2025,,no
Danley Jean Jacques,Haiti,CONCACAF,1,Don_Bosco_FC,Don Bosco,2017–2021,2017,2021,no
Danley Jean Jacques,Haiti,CONCACAF,2,FC_Metz,Metz B,2021–2022,2021,2022,no
Danley Jean Jacques,Haiti,CONCACAF,3,FC_Metz,Metz,2022–2024,2022,2024,no
Danley Jean Jacques,Haiti,CONCACAF,4,Philadelphia_Union,Philadelphia Union,2024–,2024,,no
Wilson Isidor,Haiti,CONCACAF,1,Stade_Rennais_F.C.,Rennes II,2017–2018,2017,2018,no
Wilson Isidor,Haiti,CONCACAF,2,AS_Monaco_FC,Monaco II,2018–2022,2018,2022,no
Wilson Isidor,Haiti,CONCACAF,3,Stade_Lavallois,Laval,2019–2020,2019,2020,yes
Wilson Isidor,Haiti,CONCACAF,4,FC_Bastia-Borgo,Bastia-Borgo,2020–2021,2020,2021,yes
Wilson Isidor,Haiti,CONCACAF,5,FC_Lokomotiv_Moscow,Lokomotiv Moscow,2022–2024,2022,2024,no
Wilson Isidor,Haiti,CONCACAF,6,FC_Zenit_Saint_Petersburg,Zenit Saint Petersburg,2023–2024,2023,2024,yes
Wilson Isidor,Haiti,CONCACAF,7,FC_Zenit_Saint_Petersburg,Zenit Saint Petersburg,2024–2025,2024,2025,no
Wilson Isidor,Haiti,CONCACAF,8,Sunderland_A.F.C.,Sunderland,2024–2025,2024,2025,yes
Wilson Isidor,Haiti,CONCACAF,9,Sunderland_A.F.C.,Sunderland,2025–,2025,,no
Yassin Fortuné,Haiti,CONCACAF,1,FC_Sion,Sion,2018–2024,2018,2024,no
Yassin Fortuné,Haiti,CONCACAF,2,Angers_SCO,Angers,2021,2021,2021,yes
Yassin Fortuné,Haiti,CONCACAF,3,SO_Cholet,Cholet,2021–2022,2021,2022,yes
Yassin Fortuné,Haiti,CONCACAF,4,FC_Polissya_Zhytomyr,Polissya Zhytomyr,2024,2024,2024,yes
Yassin Fortuné,Haiti,CONCACAF,5,US_Quevilly-Rouen_M%C3%A9tropole,Quevilly-Rouen,2024–2025,2024,2025,no
Yassin Fortuné,Haiti,CONCACAF,6,F.C._Vizela,Vizela,2025–,2025,,no
Frantzdy Pierrot,Haiti,CONCACAF,1,Reading_United_AC,Reading United,2016–2018,2016,2018,no
Frantzdy Pierrot,Haiti,CONCACAF,2,Royal_Excel_Mouscron,Mouscron,2018–2019,2018,2019,no
Frantzdy Pierrot,Haiti,CONCACAF,3,En_Avant_Guingamp,Guingamp,2019–2022,2019,2022,no
Frantzdy Pierrot,Haiti,CONCACAF,4,Maccabi_Haifa_F.C.,Maccabi Haifa,2022–2024,2022,2024,no
Frantzdy Pierrot,Haiti,CONCACAF,5,AEK_Athens_F.C.,AEK Athens,2024–,2024,,no
Frantzdy Pierrot,Haiti,CONCACAF,6,%C3%87aykur_Rizespor,Çaykur Rizespor,2026–,2026,,yes
Josué Casimir,Haiti,CONCACAF,1,Le_Havre_AC,Le Havre II,2018–2022,2018,2022,no
Josué Casimir,Haiti,CONCACAF,2,Le_Havre_AC,Le Havre,2020–2025,2020,2025,no
Josué Casimir,Haiti,CONCACAF,3,AJ_Auxerre,Auxerre,2025–,2025,,no
Jean-Kévin Duverne,Haiti,CONCACAF,1,RC_Lens,Lens B,2014–2016,2014,2016,no
Jean-Kévin Duverne,Haiti,CONCACAF,2,RC_Lens,Lens,2016–2019,2016,2019,no
Jean-Kévin Duverne,Haiti,CONCACAF,3,Stade_Brestois_29,Brest,2019–2023,2019,2023,no
Jean-Kévin Duverne,Haiti,CONCACAF,4,FC_Nantes,Nantes,2023–,2023,,no
Jean-Kévin Duverne,Haiti,CONCACAF,5,K.V._Kortrijk,Kortrijk,2025,2025,2025,yes
Jean-Kévin Duverne,Haiti,CONCACAF,6,KAA_Gent,Gent,2025–,2025,,yes
Josué Duverger,Haiti,CONCACAF,1,Sporting_CP_B,Sporting CP B,2016–2018,2016,2018,no
Josué Duverger,Haiti,CONCACAF,2,Vit%C3%B3ria_F.C.,Vitória Setúbal B,2018–2020,2018,2020,no
Josué Duverger,Haiti,CONCACAF,3,Vit%C3%B3ria_F.C.,Vitória Setúbal,2021–2022,2021,2022,no
Josué Duverger,Haiti,CONCACAF,4,Uni%C3%A3o_Santar%C3%A9m,União Santarém,2022–2024,2022,2024,no
Josué Duverger,Haiti,CONCACAF,5,FC_Cosmos_Koblenz,Cosmos Koblenz,2024–,2024,,no
Wilguens Paugain,Haiti,CONCACAF,1,AS_Nancy_Lorraine,Nancy II,2019–2022,2019,2022,no
Wilguens Paugain,Haiti,CONCACAF,2,Akritas_Chlorakas,Akritas Chlorakas,2022–2023,2022,2023,no
Wilguens Paugain,Haiti,CONCACAF,3,FK_Auda,FK Auda,2023–2024,2023,2024,no
Wilguens Paugain,Haiti,CONCACAF,4,SKN_St._P%C3%B6lten,SKN St. Pölten,2024–2025,2024,2025,no
Wilguens Paugain,Haiti,CONCACAF,5,S.V._Zulte_Waregem,Zulte Waregem,2025,2025,2025,yes
Wilguens Paugain,Haiti,CONCACAF,6,S.V._Zulte_Waregem,Zulte Waregem,2025–,2025,,no
Dominique Simon,Haiti,CONCACAF,1,FCM_Aubervilliers,Aubervilliers,2019–2020,2019,2020,no
Dominique Simon,Haiti,CONCACAF,2,SD_Navarro_CF,Navarro,2021–2022,2021,2022,no
Dominique Simon,Haiti,CONCACAF,3,Paide_Linnameeskond_U21,Paide U21,2022–2023,2022,2023,no
Dominique Simon,Haiti,CONCACAF,4,Paide_Linnameeskond,Paide,2022–2024,2022,2024,no
Dominique Simon,Haiti,CONCACAF,5,FC_Dinamo_Tbilisi,Dinamo Tbilisi,2024,2024,2024,no
Dominique Simon,Haiti,CONCACAF,6,FK_Pardubice,Pardubice,2024–,2024,,no
Dominique Simon,Haiti,CONCACAF,7,1._FC_Tatran_Pre%C5%A1ov,Tatran Prešov,2025–,2025,,yes
Woodensky Pierre,Haiti,CONCACAF,1,Violette_AC,Violette AC,2021–2023,2021,2023,no
Woodensky Pierre,Haiti,CONCACAF,2,Real_Hope_FA,Real Hope FA,2024–2025,2024,2025,no
Woodensky Pierre,Haiti,CONCACAF,3,Violette_AC,Violette AC,2025–,2025,,no
Yassine Bounou,Morocco,CAF,1,Wydad_AC,Wydad Casablanca,2010–2012,2010,2012,no
Yassine Bounou,Morocco,CAF,2,Atl%C3%A9tico_Madrid_B,Atlético Madrid B,2012–2014,2012,2014,no
Yassine Bounou,Morocco,CAF,3,Atl%C3%A9tico_Madrid,Atlético Madrid,2012–2016,2012,2016,no
Yassine Bounou,Morocco,CAF,4,Real_Zaragoza,Real Zaragoza,2014–2016,2014,2016,yes
Yassine Bounou,Morocco,CAF,5,Girona_FC,Girona,2016–2020,2016,2020,no
Yassine Bounou,Morocco,CAF,6,Sevilla_FC,Sevilla,2019–2020,2019,2020,yes
Yassine Bounou,Morocco,CAF,7,Sevilla_FC,Sevilla,2020–2023,2020,2023,no
Yassine Bounou,Morocco,CAF,8,Al_Hilal_SFC,Al Hilal,2023–,2023,,no
Achraf Hakimi,Morocco,CAF,1,Real_Madrid_Castilla,Real Madrid B,2016–2017,2016,2017,no
Achraf Hakimi,Morocco,CAF,2,Real_Madrid_CF,Real Madrid,2017–2020,2017,2020,no
Achraf Hakimi,Morocco,CAF,3,Borussia_Dortmund,Borussia Dortmund,2018–2020,2018,2020,yes
Achraf Hakimi,Morocco,CAF,4,Inter_Milan,Inter Milan,2020–2021,2020,2021,no
Achraf Hakimi,Morocco,CAF,5,Paris_Saint-Germain,Paris Saint-Germain,2021–,2021,,no
Noussair Mazraoui,Morocco,CAF,1,Jong_Ajax,Jong Ajax,2016–2020,2016,2020,no
Noussair Mazraoui,Morocco,CAF,2,AFC_Ajax,Ajax,2017–2022,2017,2022,no
Noussair Mazraoui,Morocco,CAF,3,FC_Bayern_Munich,Bayern Munich,2022–2024,2022,2024,no
Noussair Mazraoui,Morocco,CAF,4,Manchester_United_F.C.,Manchester United,2024–,2024,,no
Sofyan Amrabat,Morocco,CAF,1,FC_Utrecht,Utrecht,2014–2017,2014,2017,no
Sofyan Amrabat,Morocco,CAF,2,Feyenoord,Feyenoord,2017–2018,2017,2018,no
Sofyan Amrabat,Morocco,CAF,3,Club_Brugge_KV,Club Brugge,2018–2020,2018,2020,no
Sofyan Amrabat,Morocco,CAF,4,Hellas_Verona_FC,Hellas Verona,2019–2020,2019,2020,yes
Sofyan Amrabat,Morocco,CAF,5,ACF_Fiorentina,Fiorentina,2020–2025,2020,2025,no
Sofyan Amrabat,Morocco,CAF,6,Manchester_United_F.C.,Manchester United,2023–2024,2023,2024,yes
Sofyan Amrabat,Morocco,CAF,7,Fenerbah%C3%A7e_S.K._(football),Fenerbahçe,2024–2025,2024,2025,yes
Sofyan Amrabat,Morocco,CAF,8,Fenerbah%C3%A7e_S.K._(football),Fenerbahçe,2025–,2025,,no
Sofyan Amrabat,Morocco,CAF,9,Real_Betis,Betis,2025–,2025,,yes
Marwane Saâdane,Morocco,CAF,1,FUS_de_Rabat,FUS de Rabat,2014–2016,2014,2016,no
Marwane Saâdane,Morocco,CAF,2,%C3%87aykur_Rizespor,Çaykur Rizespor,2016–2019,2016,2019,no
Marwane Saâdane,Morocco,CAF,3,Al_Fateh_SC,Al-Fateh,2019–,2019,,no
Ayyoub Bouaddi,Morocco,CAF,1,Lille_OSC,Lille B,2023,2023,2023,no
Ayyoub Bouaddi,Morocco,CAF,2,Lille_OSC,Lille,2023–,2023,,no
Chemsdine Talbi,Morocco,CAF,1,Club_NXT,Club NXT,2022–2023,2022,2023,no
Chemsdine Talbi,Morocco,CAF,2,Club_Brugge,Club Brugge,2023–2025,2023,2025,no
Chemsdine Talbi,Morocco,CAF,3,Sunderland_A.F.C.,Sunderland,2025–,2025,,no
Azzedine Ounahi,Morocco,CAF,1,RC_Strasbourg_Alsace_Academy,Strasbourg B,2018–2020,2018,2020,no
Azzedine Ounahi,Morocco,CAF,2,US_Avranches,Avranches B,2020,2020,2020,no
Azzedine Ounahi,Morocco,CAF,3,US_Avranches,Avranches,2020–2021,2020,2021,no
Azzedine Ounahi,Morocco,CAF,4,Angers_SCO,Angers,2021–2023,2021,2023,no
Azzedine Ounahi,Morocco,CAF,5,Olympique_de_Marseille,Marseille,2023–2025,2023,2025,no
Azzedine Ounahi,Morocco,CAF,6,Panathinaikos_F.C.,Panathinaikos,2024–2025,2024,2025,yes
Azzedine Ounahi,Morocco,CAF,7,Girona_FC,Girona,2025–,2025,,no
Soufiane Rahimi,Morocco,CAF,1,Raja_CA,Raja CA,2017–2021,2017,2021,no
Soufiane Rahimi,Morocco,CAF,2,%C3%89toile_de_Casablanca,EJS Casablanca,2017–2018,2017,2018,yes
Soufiane Rahimi,Morocco,CAF,3,Al_Ain_FC,Al Ain,2021–,2021,,no
Brahim Díaz,Morocco,CAF,1,Manchester_City_F.C.,Manchester City,2016–2019,2016,2019,no
Brahim Díaz,Morocco,CAF,2,Real_Madrid_CF,Real Madrid,2019–,2019,,no
Brahim Díaz,Morocco,CAF,3,AC_Milan,AC Milan,2020–2023,2020,2023,yes
Ismael Saibari,Morocco,CAF,1,Jong_PSV,Jong PSV,2020–2022,2020,2022,no
Ismael Saibari,Morocco,CAF,2,PSV_Eindhoven,PSV Eindhoven,2020–,2020,,no
Munir Mohamedi,Morocco,CAF,1,AD_Ceuta_B,Ceuta B,2008–2009,2008,2009,no
Munir Mohamedi,Morocco,CAF,2,UD_Almer%C3%ADa_B,Almería B,2009,2009,2009,no
Munir Mohamedi,Morocco,CAF,3,UD_Melilla_B,Melilla B,2009–2010,2009,2010,no
Munir Mohamedi,Morocco,CAF,4,UD_Melilla,Melilla,2010–2014,2010,2014,no
Munir Mohamedi,Morocco,CAF,5,CD_Numancia,Numancia,2014–2018,2014,2018,no
Munir Mohamedi,Morocco,CAF,6,M%C3%A1laga_CF,Málaga,2018–2020,2018,2020,no
Munir Mohamedi,Morocco,CAF,7,Hatayspor,Hatayspor,2020–2022,2020,2022,no
Munir Mohamedi,Morocco,CAF,8,Al_Wehda_FC,Al Wehda,2022–2024,2022,2024,no
Munir Mohamedi,Morocco,CAF,9,RS_Berkane,RS Berkane,2024–,2024,,no
Zakaria El Ouahdi,Morocco,CAF,1,RWDM47,RWD Molenbeek,2021–2023,2021,2023,no
Zakaria El Ouahdi,Morocco,CAF,2,KRC_Genk,Genk,2023–,2023,,no
Issa Diop,Morocco,CAF,1,Toulouse_FC,Toulouse B,2014–2015,2014,2015,no
Issa Diop,Morocco,CAF,2,Toulouse_FC,Toulouse,2015–2018,2015,2018,no
Issa Diop,Morocco,CAF,3,West_Ham_United_F.C.,West Ham United,2018–2022,2018,2022,no
Issa Diop,Morocco,CAF,4,Fulham_F.C.,Fulham,2022–,2022,,no
Samir El Mourabet,Morocco,CAF,1,RC_Strasbourg_Alsace,Strasbourg II,2023–,2023,,no
Samir El Mourabet,Morocco,CAF,2,RC_Strasbourg_Alsace,Strasbourg,2024–,2024,,no
Gessime Yassine,Morocco,CAF,1,FC_Istres,Istres,2022,2022,2022,no
Gessime Yassine,Morocco,CAF,2,USL_Dunkerque,Dunkerque,2024–2026,2024,2026,no
Gessime Yassine,Morocco,CAF,3,RC_Strasbourg_Alsace,Strasbourg,2026–,2026,,no
Amine Sbaï,Morocco,CAF,1,Olympique_Al%C3%A8s,Alès,2019–2021,2019,2021,no
Amine Sbaï,Morocco,CAF,2,FC_S%C3%A8te_34,Sète,2021–2022,2021,2022,no
Amine Sbaï,Morocco,CAF,3,Grenoble_Foot_38,Grenoble,2022–2024,2022,2024,no
Amine Sbaï,Morocco,CAF,4,Al_Fateh_SC,Al-Fateh,2024–2025,2024,2025,no
Amine Sbaï,Morocco,CAF,5,Angers_SCO,Angers,2025–,2025,,no
Chadi Riad,Morocco,CAF,1,CE_Sabadell_FC,Sabadell,2020–2021,2020,2021,yes
Chadi Riad,Morocco,CAF,2,FC_Barcelona_Atl%C3%A8tic,Barcelona B,2022–2023,2022,2023,no
Chadi Riad,Morocco,CAF,3,FC_Barcelona,Barcelona,2022–2024,2022,2024,no
Chadi Riad,Morocco,CAF,4,Real_Betis,Betis,2023–2024,2023,2024,yes
Chadi Riad,Morocco,CAF,5,Crystal_Palace_F.C.,Crystal Palace,2024–,2024,,no
Youssef Belammari,Morocco,CAF,1,Fath_Union_Sport,FUS Rabat,2017–2023,2017,2023,no
Youssef Belammari,Morocco,CAF,2,Raja_CA,Raja CA,2023–2026,2023,2026,no
Youssef Belammari,Morocco,CAF,3,Al_Ahly_SC,Al Ahly,2026–,2026,,no
Ayoub El Kaabi,Morocco,CAF,1,Racing_de_Casablanca,Racing de Casablanca,2014–2017,2014,2017,no
Ayoub El Kaabi,Morocco,CAF,2,RS_Berkane,RS Berkane,2017–2018,2017,2018,no
Ayoub El Kaabi,Morocco,CAF,3,Hebei_F.C.,Hebei China Fortune,2018–2019,2018,2019,no
Ayoub El Kaabi,Morocco,CAF,4,Wydad_AC,Wydad,2019–2021,2019,2021,no
Ayoub El Kaabi,Morocco,CAF,5,Hatayspor,Hatayspor,2021–2023,2021,2023,no
Ayoub El Kaabi,Morocco,CAF,6,Al_Sadd_SC,Al Sadd,2023,2023,2023,no
Ayoub El Kaabi,Morocco,CAF,7,Olympiacos_F.C.,Olympiacos,2023–,2023,,no
Ayoube Amaimouni,Morocco,CAF,1,SpVgg_Erkenschwick,SpVgg Erkenschwick,2023–2024,2023,2024,no
Ayoube Amaimouni,Morocco,CAF,2,TSG_1899_Hoffenheim_II,TSG Hoffenheim II,2024–2025,2024,2025,no
Ayoube Amaimouni,Morocco,CAF,3,Eintracht_Frankfurt,Eintracht Frankfurt,2026–,2026,,no
Ahmed Reda Tagnaouti,Morocco,CAF,1,RS_Berkane,RS Berkane,2015–2017,2015,2017,no
Ahmed Reda Tagnaouti,Morocco,CAF,2,Wydad_AC,Wydad AC,2017–2023,2017,2023,no
Ahmed Reda Tagnaouti,Morocco,CAF,3,IR_Tanger,IR Tanger,2017–2018,2017,2018,yes
Ahmed Reda Tagnaouti,Morocco,CAF,4,Maghreb_de_F%C3%A8s,Maghreb de Fès,2023–2024,2023,2024,no
Ahmed Reda Tagnaouti,Morocco,CAF,5,MA_T%C3%A9touan,MA Tétouan,2024–2025,2024,2025,no
Ahmed Reda Tagnaouti,Morocco,CAF,6,AS_FAR,AS FAR,2025–,2025,,no
Bilal El Khannouss,Morocco,CAF,1,K.R.C._Genk,Genk,2022–2024,2022,2024,no
Bilal El Khannouss,Morocco,CAF,2,Leicester_City_F.C.,Leicester City,2024–2026,2024,2026,no
Bilal El Khannouss,Morocco,CAF,3,VfB_Stuttgart,VfB Stuttgart,2025–2026,2025,2026,yes
Bilal El Khannouss,Morocco,CAF,4,VfB_Stuttgart,VfB Stuttgart,2026–,2026,,no
Neil El Aynaoui,Morocco,CAF,1,AS_Nancy-Lorraine,Nancy B,2018–2021,2018,2021,no
Neil El Aynaoui,Morocco,CAF,2,AS_Nancy-Lorraine,Nancy,2021–2023,2021,2023,no
Neil El Aynaoui,Morocco,CAF,3,RC_Lens,Lens B,2023,2023,2023,no
Neil El Aynaoui,Morocco,CAF,4,RC_Lens,Lens,2023–2025,2023,2025,no
Neil El Aynaoui,Morocco,CAF,5,AS_Roma,Roma,2025–,2025,,no
Redouane Halhal,Morocco,CAF,1,Montpellier_HSC,Montpellier,2021–2023,2021,2023,no
Redouane Halhal,Morocco,CAF,2,Atl%C3%A9tico_Madrid_B,Atlético Madrid B,2023–2024,2023,2024,no
Redouane Halhal,Morocco,CAF,3,K.V._Mechelen,Mechelen,2024–,2024,,no
Redouane Halhal,Morocco,CAF,4,Helmond_Sport,Helmond Sport,2024–2025,2024,2025,yes
Anass Salah-Eddine,Morocco,CAF,1,Jong_Ajax,Jong Ajax,2020–2024,2020,2024,no
Anass Salah-Eddine,Morocco,CAF,2,AFC_Ajax,Ajax,2022–2024,2022,2024,no
Anass Salah-Eddine,Morocco,CAF,3,FC_Twente,Twente,2022–2023,2022,2023,yes
Anass Salah-Eddine,Morocco,CAF,4,FC_Twente,Twente,2024–2025,2024,2025,no
Anass Salah-Eddine,Morocco,CAF,5,AS_Roma,Roma,2025–,2025,,no
Anass Salah-Eddine,Morocco,CAF,6,PSV_Eindhoven,PSV,2025–2026,2025,2026,yes
Angus Gunn,Scotland,UEFA,1,Manchester_City_F.C.,Manchester City,2017–2018,2017,2018,no
Angus Gunn,Scotland,UEFA,2,Norwich_City_F.C.,Norwich City,2017–2018,2017,2018,yes
Angus Gunn,Scotland,UEFA,3,Southampton_F.C.,Southampton,2018–2021,2018,2021,no
Angus Gunn,Scotland,UEFA,4,Stoke_City_F.C.,Stoke City,2020–2021,2020,2021,yes
Angus Gunn,Scotland,UEFA,5,Norwich_City_F.C.,Norwich City,2021–2025,2021,2025,no
Angus Gunn,Scotland,UEFA,6,Nottingham_Forest_F.C.,Nottingham Forest,2025–,2025,,no
Aaron Hickey,Scotland,UEFA,1,Heart_of_Midlothian_F.C.,Heart of Midlothian,2019–2020,2019,2020,no
Aaron Hickey,Scotland,UEFA,2,Bologna_F.C._1909,Bologna,2020–2022,2020,2022,no
Aaron Hickey,Scotland,UEFA,3,Brentford_F.C.,Brentford,2022–,2022,,no
Andy Robertson,Scotland,UEFA,1,Queen%27s_Park_F.C.,Queen's Park,2012–2013,2012,2013,no
Andy Robertson,Scotland,UEFA,2,Dundee_United_F.C.,Dundee United,2013–2014,2013,2014,no
Andy Robertson,Scotland,UEFA,3,Hull_City_A.F.C.,Hull City,2014–2017,2014,2017,no
Andy Robertson,Scotland,UEFA,4,Liverpool_F.C.,Liverpool,2017–2026,2017,2026,no
Scott McTominay,Scotland,UEFA,1,Manchester_United_F.C.,Manchester United,2017–2024,2017,2024,no
Scott McTominay,Scotland,UEFA,2,SSC_Napoli,Napoli,2024–,2024,,no
Grant Hanley,Scotland,UEFA,1,Blackburn_Rovers_F.C.,Blackburn Rovers,2010–2016,2010,2016,no
Grant Hanley,Scotland,UEFA,2,Newcastle_United_F.C.,Newcastle United,2016–2017,2016,2017,no
Grant Hanley,Scotland,UEFA,3,Norwich_City_F.C.,Norwich City,2017–2025,2017,2025,no
Grant Hanley,Scotland,UEFA,4,Birmingham_City_F.C.,Birmingham City,2025,2025,2025,no
Grant Hanley,Scotland,UEFA,5,Hibernian_F.C.,Hibernian,2025–,2025,,no
Kieran Tierney,Scotland,UEFA,1,Celtic_F.C.,Celtic,2015–2019,2015,2019,no
Kieran Tierney,Scotland,UEFA,2,Arsenal_F.C.,Arsenal,2019–2025,2019,2025,no
Kieran Tierney,Scotland,UEFA,3,Real_Sociedad,Real Sociedad,2023–2024,2023,2024,yes
Kieran Tierney,Scotland,UEFA,4,Celtic_F.C.,Celtic,2025–,2025,,no
John McGinn,Scotland,UEFA,1,St_Mirren_F.C.,St Mirren,2012–2015,2012,2015,no
John McGinn,Scotland,UEFA,2,Hibernian_F.C.,Hibernian,2015–2018,2015,2018,no
John McGinn,Scotland,UEFA,3,Aston_Villa_F.C.,Aston Villa,2018–,2018,,no
Tyler Fletcher,Scotland,UEFA,1,Manchester_United_F.C.,Manchester United,2026–,2026,,no
Lyndon Dykes,Scotland,UEFA,1,Mudgeeraba_S.C.,Mudgeeraba,2013,2013,2013,no
Lyndon Dykes,Scotland,UEFA,2,Merrimac_FC,Merrimac,2014,2014,2014,no
Lyndon Dykes,Scotland,UEFA,3,Queen_of_the_South_F.C.,Queen of the South,2014–2015,2014,2015,no
Lyndon Dykes,Scotland,UEFA,4,Redlands_United_FC,Redlands United,2015,2015,2015,no
Lyndon Dykes,Scotland,UEFA,5,Palm_Beach_SC,Gold Coast City,2015,2015,2015,no
Lyndon Dykes,Scotland,UEFA,6,Surfers_Paradise_Apollo_SC,Surfers Paradise Apollo,2016,2016,2016,no
Lyndon Dykes,Scotland,UEFA,7,Queen_of_the_South_F.C.,Queen of the South,2016–2019,2016,2019,no
Lyndon Dykes,Scotland,UEFA,8,Livingston_F.C.,Livingston,2019–2020,2019,2020,no
Lyndon Dykes,Scotland,UEFA,9,Queens_Park_Rangers_F.C.,QPR,2020–2024,2020,2024,no
Lyndon Dykes,Scotland,UEFA,10,Birmingham_City_F.C.,Birmingham City,2024–2026,2024,2026,no
Lyndon Dykes,Scotland,UEFA,11,Charlton_Athletic_F.C.,Charlton Athletic,2026–,2026,,no
Ché Adams,Scotland,UEFA,1,Oadby_Town_F.C.,Oadby Town,2012–2013,2012,2013,no
Ché Adams,Scotland,UEFA,2,Ilkeston_F.C.,Ilkeston,2013–2014,2013,2014,no
Ché Adams,Scotland,UEFA,3,Sheffield_United_F.C.,Sheffield United,2014–2016,2014,2016,no
Ché Adams,Scotland,UEFA,4,Birmingham_City_F.C.,Birmingham City,2016–2019,2016,2019,no
Ché Adams,Scotland,UEFA,5,Southampton_F.C.,Southampton,2019–2024,2019,2024,no
Ché Adams,Scotland,UEFA,6,Torino_FC,Torino,2024–,2024,,no
Ryan Christie,Scotland,UEFA,1,Inverness_Caledonian_Thistle_F.C.,Inverness Caledonian Thistle,2013–2015,2013,2015,no
Ryan Christie,Scotland,UEFA,2,Celtic_F.C.,Celtic,2015–2021,2015,2021,no
Ryan Christie,Scotland,UEFA,3,Inverness_Caledonian_Thistle_F.C.,Inverness Caledonian Thistle,2015,2015,2015,yes
Ryan Christie,Scotland,UEFA,4,Aberdeen_F.C.,Aberdeen,2017–2018,2017,2018,yes
Ryan Christie,Scotland,UEFA,5,AFC_Bournemouth,Bournemouth,2021–,2021,,no
Liam Kelly,Scotland,UEFA,1,Rangers_F.C.,Rangers,2015–2018,2015,2018,no
Liam Kelly,Scotland,UEFA,2,Livingston_F.C.,Livingston,2016–2017,2016,2017,yes
Liam Kelly,Scotland,UEFA,3,Livingston_F.C.,Livingston,2018–2019,2018,2019,no
Liam Kelly,Scotland,UEFA,4,Queens_Park_Rangers_F.C.,Queens Park Rangers,2019–2021,2019,2021,no
Liam Kelly,Scotland,UEFA,5,Motherwell_F.C.,Motherwell,2021,2021,2021,yes
Liam Kelly,Scotland,UEFA,6,Motherwell_F.C.,Motherwell,2021–2024,2021,2024,no
Liam Kelly,Scotland,UEFA,7,Rangers_F.C.,Rangers,2024–,2024,,no
Jack Hendry,Scotland,UEFA,1,Partick_Thistle_F.C.,Partick Thistle,2015,2015,2015,no
Jack Hendry,Scotland,UEFA,2,Wigan_Athletic_F.C.,Wigan Athletic,2015–2017,2015,2017,no
Jack Hendry,Scotland,UEFA,3,Shrewsbury_Town_F.C.,Shrewsbury Town,2016,2016,2016,yes
Jack Hendry,Scotland,UEFA,4,Milton_Keynes_Dons_F.C.,Milton Keynes Dons,2016,2016,2016,yes
Jack Hendry,Scotland,UEFA,5,Dundee_F.C.,Dundee,2017–2018,2017,2018,no
Jack Hendry,Scotland,UEFA,6,Celtic_F.C.,Celtic,2018–2021,2018,2021,no
Jack Hendry,Scotland,UEFA,7,Melbourne_City_FC,Melbourne City,2020,2020,2020,yes
Jack Hendry,Scotland,UEFA,8,K.V._Oostende,KV Oostende,2020–2021,2020,2021,yes
Jack Hendry,Scotland,UEFA,9,K.V._Oostende,KV Oostende,2021,2021,2021,no
Jack Hendry,Scotland,UEFA,10,Club_Brugge_KV,Club Brugge,2021–2023,2021,2023,no
Jack Hendry,Scotland,UEFA,11,U.S._Cremonese,Cremonese,2022–2023,2022,2023,yes
Jack Hendry,Scotland,UEFA,12,Al-Ettifaq_Club,Al-Ettifaq,2023–,2023,,no
Ross Stewart,Scotland,UEFA,1,Ardeer_Thistle_F.C.,Ardeer Thistle,2013–2015,2013,2015,no
Ross Stewart,Scotland,UEFA,2,Kilwinning_Rangers_F.C.,Kilwinning Rangers,2015–2016,2015,2016,no
Ross Stewart,Scotland,UEFA,3,Albion_Rovers_F.C.,Albion Rovers,2016–2017,2016,2017,no
Ross Stewart,Scotland,UEFA,4,St_Mirren_F.C.,St Mirren,2017–2018,2017,2018,no
Ross Stewart,Scotland,UEFA,5,Alloa_Athletic_F.C.,Alloa Athletic,2017–2018,2017,2018,yes
Ross Stewart,Scotland,UEFA,6,Ross_County_F.C.,Ross County,2018–2021,2018,2021,no
Ross Stewart,Scotland,UEFA,7,Sunderland_A.F.C,Sunderland,2021–2023,2021,2023,no
Ross Stewart,Scotland,UEFA,8,Southampton_F.C.,Southampton,2023–2026,2023,2026,no
John Souttar,Scotland,UEFA,1,Dundee_United_F.C.,Dundee United,2013–2016,2013,2016,no
John Souttar,Scotland,UEFA,2,Heart_of_Midlothian_F.C.,Heart of Midlothian,2016–2022,2016,2022,no
John Souttar,Scotland,UEFA,3,Rangers_F.C.,Rangers,2022–,2022,,no
Dominic Hyam,Scotland,UEFA,1,Reading_F.C.,Reading,2013–2017,2013,2017,no
Dominic Hyam,Scotland,UEFA,2,Hemel_Hempstead_Town_F.C.,Hemel Hempstead Town,2015,2015,2015,yes
Dominic Hyam,Scotland,UEFA,3,Basingstoke_Town_F.C.,Basingstoke Town,2015–2016,2015,2016,yes
Dominic Hyam,Scotland,UEFA,4,Dagenham_%26_Redbridge_F.C.,Dagenham & Redbridge,2016,2016,2016,yes
Dominic Hyam,Scotland,UEFA,5,Portsmouth_F.C.,Portsmouth,2016,2016,2016,yes
Dominic Hyam,Scotland,UEFA,6,Aldershot_Town_F.C.,Aldershot Town,2017,2017,2017,yes
Dominic Hyam,Scotland,UEFA,7,Coventry_City_F.C.,Coventry City,2017–2022,2017,2022,no
Dominic Hyam,Scotland,UEFA,8,Blackburn_Rovers_F.C.,Blackburn Rovers,2022–2025,2022,2025,no
Dominic Hyam,Scotland,UEFA,9,Wrexham_A.F.C.,Wrexham,2025–,2025,,no
Ben Gannon-Doak,Scotland,UEFA,1,Celtic_F.C.,Celtic,2021–2022,2021,2022,no
Ben Gannon-Doak,Scotland,UEFA,2,Liverpool_F.C.,Liverpool,2022–2025,2022,2025,no
Ben Gannon-Doak,Scotland,UEFA,3,Middlesbrough_F.C.,Middlesbrough,2024–2025,2024,2025,yes
Ben Gannon-Doak,Scotland,UEFA,4,AFC_Bournemouth,Bournemouth,2025–,2025,,no
George Hirst,Scotland,UEFA,1,Sheffield_Wednesday_F.C.,Sheffield Wednesday,2016–2018,2016,2018,no
George Hirst,Scotland,UEFA,2,Oud-Heverlee_Leuven,OH Leuven,2018–2019,2018,2019,no
George Hirst,Scotland,UEFA,3,Leicester_City_F.C.,Leicester City,2019–2023,2019,2023,no
George Hirst,Scotland,UEFA,4,Rotherham_United_F.C.,Rotherham United,2020–2021,2020,2021,yes
George Hirst,Scotland,UEFA,5,Portsmouth_F.C.,Portsmouth,2021–2022,2021,2022,yes
George Hirst,Scotland,UEFA,6,Blackburn_Rovers_F.C.,Blackburn Rovers,2022–2023,2022,2023,yes
George Hirst,Scotland,UEFA,7,Ipswich_Town_F.C.,Ipswich Town,2023,2023,2023,yes
George Hirst,Scotland,UEFA,8,Ipswich_Town_F.C.,Ipswich Town,2023–,2023,,no
Lewis Ferguson,Scotland,UEFA,1,Hamilton_Academical_F.C.,Hamilton Academical,2017–2018,2017,2018,no
Lewis Ferguson,Scotland,UEFA,2,Aberdeen_F.C.,Aberdeen,2018–2022,2018,2022,no
Lewis Ferguson,Scotland,UEFA,3,Bologna_FC_1909,Bologna,2022–,2022,,no
Lawrence Shankland,Scotland,UEFA,1,Queen%27s_Park_F.C.,Queen's Park,2011–2013,2011,2013,no
Lawrence Shankland,Scotland,UEFA,2,Aberdeen_F.C.,Aberdeen,2013–2017,2013,2017,no
Lawrence Shankland,Scotland,UEFA,3,Dunfermline_Athletic_F.C.,Dunfermline Athletic,2014,2014,2014,yes
Lawrence Shankland,Scotland,UEFA,4,St_Mirren_F.C.,St Mirren,2015–2016,2015,2016,yes
Lawrence Shankland,Scotland,UEFA,5,St_Mirren_F.C.,St Mirren,2016–2017,2016,2017,yes
Lawrence Shankland,Scotland,UEFA,6,Greenock_Morton_F.C.,Greenock Morton,2017,2017,2017,yes
Lawrence Shankland,Scotland,UEFA,7,Ayr_United_F.C.,Ayr United,2017–2019,2017,2019,no
Lawrence Shankland,Scotland,UEFA,8,Dundee_United_F.C.,Dundee United,2019–2021,2019,2021,no
Lawrence Shankland,Scotland,UEFA,9,K_Beerschot_VA,Beerschot,2021–2022,2021,2022,no
Lawrence Shankland,Scotland,UEFA,10,Heart_of_Midlothian_F.C.,Heart of Midlothian,2022–2026,2022,2026,no
Lawrence Shankland,Scotland,UEFA,11,Rangers_F.C.,Rangers,2026–,2026,,no
Craig Gordon,Scotland,UEFA,1,Heart_of_Midlothian_F.C.,Heart of Midlothian,2001–2007,2001,2007,no
Craig Gordon,Scotland,UEFA,2,Cowdenbeath_F.C.,Cowdenbeath,2001–2002,2001,2002,yes
Craig Gordon,Scotland,UEFA,3,Sunderland_A.F.C.,Sunderland,2007–2012,2007,2012,no
Craig Gordon,Scotland,UEFA,4,Celtic_F.C.,Celtic,2014–2020,2014,2020,no
Craig Gordon,Scotland,UEFA,5,Heart_of_Midlothian_F.C.,Heart of Midlothian,2020–,2020,,no
Nathan Patterson,Scotland,UEFA,1,Rangers_F.C.,Rangers,2020–2022,2020,2022,no
Nathan Patterson,Scotland,UEFA,2,Everton_F.C.,Everton,2022–,2022,,no
Kenny McLean,Scotland,UEFA,1,St_Mirren_F.C.,St Mirren,2009–2015,2009,2015,no
Kenny McLean,Scotland,UEFA,2,Arbroath_F.C.,Arbroath,2009–2010,2009,2010,yes
Kenny McLean,Scotland,UEFA,3,Aberdeen_F.C.,Aberdeen,2015–2018,2015,2018,no
Kenny McLean,Scotland,UEFA,4,Norwich_City_F.C.,Norwich City,2018–,2018,,no
Kenny McLean,Scotland,UEFA,5,Aberdeen_F.C.,Aberdeen,2018,2018,2018,yes
Anthony Ralston,Scotland,UEFA,1,Celtic_F.C.,Celtic,2015–,2015,,no
Anthony Ralston,Scotland,UEFA,2,Queen%27s_Park_F.C.,Queen's Park,2015–2016,2015,2016,yes
Anthony Ralston,Scotland,UEFA,3,Dundee_United_F.C.,Dundee United,2018,2018,2018,yes
Anthony Ralston,Scotland,UEFA,4,St_Johnstone_F.C.,St Johnstone,2019–2020,2019,2020,yes
Findlay Curtis,Scotland,UEFA,1,Rangers_F.C.,Rangers,2025–,2025,,no
Findlay Curtis,Scotland,UEFA,2,Kilmarnock_F.C.,Kilmarnock,2026,2026,2026,yes
Scott McKenna,Scotland,UEFA,1,Aberdeen_F.C.,Aberdeen,2014–2020,2014,2020,no
Scott McKenna,Scotland,UEFA,2,Ayr_United_F.C.,Ayr United,2015,2015,2015,yes
Scott McKenna,Scotland,UEFA,3,Alloa_Athletic_F.C.,Alloa Athletic,2016,2016,2016,yes
Scott McKenna,Scotland,UEFA,4,Ayr_United_F.C.,Ayr United,2016–2017,2016,2017,yes
Scott McKenna,Scotland,UEFA,5,Nottingham_Forest_F.C.,Nottingham Forest,2020–2024,2020,2024,no
Scott McKenna,Scotland,UEFA,6,F.C._Copenhagen,Copenhagen,2024,2024,2024,yes
Scott McKenna,Scotland,UEFA,7,UD_Las_Palmas,Las Palmas,2024–2025,2024,2025,no
Scott McKenna,Scotland,UEFA,8,GNK_Dinamo_Zagreb,Dinamo Zagreb,2025–,2025,,no
Mathew Ryan,Australia,AFC,1,Blacktown_City_FC,Blacktown City,2009–2010,2009,2010,no
Mathew Ryan,Australia,AFC,2,Central_Coast_Mariners_FC,Central Coast Mariners,2010–2013,2010,2013,no
Mathew Ryan,Australia,AFC,3,Club_Brugge_KV,Club Brugge,2013–2015,2013,2015,no
Mathew Ryan,Australia,AFC,4,Valencia_CF,Valencia,2015–2017,2015,2017,no
Mathew Ryan,Australia,AFC,5,KRC_Genk,Genk,2017,2017,2017,yes
Mathew Ryan,Australia,AFC,6,Brighton_%26_Hove_Albion_F.C.,Brighton & Hove Albion,2017–2021,2017,2021,no
Mathew Ryan,Australia,AFC,7,Arsenal_F.C.,Arsenal,2021,2021,2021,yes
Mathew Ryan,Australia,AFC,8,Real_Sociedad,Real Sociedad,2021–2022,2021,2022,no
Mathew Ryan,Australia,AFC,9,F.C._Copenhagen,Copenhagen,2022–2023,2022,2023,no
Mathew Ryan,Australia,AFC,10,AZ_Alkmaar,AZ,2023–2024,2023,2024,no
Mathew Ryan,Australia,AFC,11,AS_Roma,Roma,2024–2025,2024,2025,no
Mathew Ryan,Australia,AFC,12,RC_Lens,Lens,2025,2025,2025,no
Mathew Ryan,Australia,AFC,13,Levante_UD,Levante,2025–,2025,,no
Miloš Degenek,Australia,AFC,1,VfB_Stuttgart_II,VfB Stuttgart II,2013–2015,2013,2015,no
Miloš Degenek,Australia,AFC,2,TSV_1860_Munich,1860 Munich,2015–2017,2015,2017,no
Miloš Degenek,Australia,AFC,3,Yokohama_F._Marinos,Yokohama F. Marinos,2017–2018,2017,2018,no
Miloš Degenek,Australia,AFC,4,Red_Star_Belgrade,Red Star Belgrade,2018,2018,2018,no
Miloš Degenek,Australia,AFC,5,Al-Hilal_FC,Al-Hilal,2019,2019,2019,no
Miloš Degenek,Australia,AFC,6,Red_Star_Belgrade,Red Star Belgrade,2019–2022,2019,2022,no
Miloš Degenek,Australia,AFC,7,Columbus_Crew,Columbus Crew,2022–2023,2022,2023,no
Miloš Degenek,Australia,AFC,8,Red_Star_Belgrade,Red Star Belgrade,2023–2024,2023,2024,no
Miloš Degenek,Australia,AFC,9,FK_TSC,TSC,2025–2026,2025,2026,no
Miloš Degenek,Australia,AFC,10,APOEL_FC,APOEL,2026–,2026,,no
Alessandro Circati,Australia,AFC,1,Perth_Glory_FC_Youth,Perth Glory NPL,2019–2021,2019,2021,no
Alessandro Circati,Australia,AFC,2,Parma_Calcio_1913,Parma,2022–,2022,,no
Jacob Italiano,Australia,AFC,1,FFA_Centre_of_Excellence,FFA CoE,2016–2017,2016,2017,no
Jacob Italiano,Australia,AFC,2,Perth_Glory_FC_NPL,Perth Glory NPL,2017–2019,2017,2019,no
Jacob Italiano,Australia,AFC,3,Perth_Glory_FC,Perth Glory,2017–2019,2017,2019,no
Jacob Italiano,Australia,AFC,4,Borussia_M%C3%B6nchengladbach_II,Borussia Mönchengladbach II,2019–2024,2019,2024,no
Jacob Italiano,Australia,AFC,5,Grazer_AK,Grazer AK,2024–,2024,,no
Jordan Bos,Australia,AFC,1,Melbourne_City_FC_Youth,Melbourne City NPL,2018–2023,2018,2023,no
Jordan Bos,Australia,AFC,2,Melbourne_City_FC,Melbourne City,2020–2023,2020,2023,no
Jordan Bos,Australia,AFC,3,K.V.C._Westerlo,Westerlo,2023–2025,2023,2025,no
Jordan Bos,Australia,AFC,4,Feyenoord,Feyenoord,2025–,2025,,no
Jason Geria,Australia,AFC,1,Melbourne_Victory_FC,Melbourne Victory,2013–2018,2013,2018,no
Jason Geria,Australia,AFC,2,JEF_United_Chiba,JEF United Chiba,2018–2020,2018,2020,no
Jason Geria,Australia,AFC,3,Perth_Glory_FC,Perth Glory,2021,2021,2021,no
Jason Geria,Australia,AFC,4,Melbourne_Victory_FC,Melbourne Victory,2021–2025,2021,2025,no
Jason Geria,Australia,AFC,5,Albirex_Niigata,Albirex Niigata,2025–,2025,,no
Mathew Leckie,Australia,AFC,1,Bulleen_Lions,Bulleen Lions,2008–2009,2008,2009,no
Mathew Leckie,Australia,AFC,2,Adelaide_United,Adelaide United,2009–2011,2009,2011,no
Mathew Leckie,Australia,AFC,3,Borussia_M%C3%B6nchengladbach_II,Borussia Mönchengladbach II,2011–2013,2011,2013,no
Mathew Leckie,Australia,AFC,4,Borussia_M%C3%B6nchengladbach,Borussia Mönchengladbach,2011–2012,2011,2012,no
Mathew Leckie,Australia,AFC,5,FSV_Frankfurt_II,FSV Frankfurt II,2012–2013,2012,2013,yes
Mathew Leckie,Australia,AFC,6,FSV_Frankfurt,FSV Frankfurt,2012–2013,2012,2013,yes
Mathew Leckie,Australia,AFC,7,FSV_Frankfurt,FSV Frankfurt,2013–2014,2013,2014,no
Mathew Leckie,Australia,AFC,8,FC_Ingolstadt_04,Ingolstadt 04,2014–2017,2014,2017,no
Mathew Leckie,Australia,AFC,9,Hertha_BSC,Hertha BSC,2017–2021,2017,2021,no
Mathew Leckie,Australia,AFC,10,Hertha_BSC_II,Hertha BSC II,2019,2019,2019,no
Mathew Leckie,Australia,AFC,11,Melbourne_City_FC,Melbourne City,2021–,2021,,no
Connor Metcalfe,Australia,AFC,1,Melbourne_City_FC_Youth,Melbourne City NPL,2017–2019,2017,2019,no
Connor Metcalfe,Australia,AFC,2,Melbourne_City_FC,Melbourne City,2017–2022,2017,2022,no
Connor Metcalfe,Australia,AFC,3,FC_St._Pauli,FC St. Pauli,2022–,2022,,no
Mohamed Touré,Australia,AFC,1,Adelaide_United_FC_Youth,Adelaide United NPL,2020–2022,2020,2022,no
Mohamed Touré,Australia,AFC,2,Adelaide_United_FC,Adelaide United,2020–2022,2020,2022,no
Mohamed Touré,Australia,AFC,3,Stade_de_Reims,Reims B,2022–2023,2022,2023,no
Mohamed Touré,Australia,AFC,4,Stade_de_Reims,Reims,2023–2024,2023,2024,no
Mohamed Touré,Australia,AFC,5,Paris_FC,Paris,2023–2024,2023,2024,yes
Mohamed Touré,Australia,AFC,6,Randers_FC,Randers,2024–2026,2024,2026,no
Mohamed Touré,Australia,AFC,7,Norwich_City_F.C.,Norwich City,2026–,2026,,no
Ajdin Hrustic,Australia,AFC,1,FC_Groningen,Jong Groningen,2015–2020,2015,2020,no
Ajdin Hrustic,Australia,AFC,2,FC_Groningen,Groningen,2017–2020,2017,2020,no
Ajdin Hrustic,Australia,AFC,3,Eintracht_Frankfurt,Eintracht Frankfurt,2020–2022,2020,2022,no
Ajdin Hrustic,Australia,AFC,4,Hellas_Verona_F.C.,Hellas Verona,2022–2024,2022,2024,no
Ajdin Hrustic,Australia,AFC,5,Heracles_Almelo,Heracles Almelo,2024,2024,2024,yes
Ajdin Hrustic,Australia,AFC,6,US_Salernitana_1919,Salernitana,2024–2025,2024,2025,no
Ajdin Hrustic,Australia,AFC,7,Heracles_Almelo,Heracles Almelo,2025–,2025,,no
Awer Mabil,Australia,AFC,1,Campbelltown_City_SC,Campbelltown City,2012,2012,2012,no
Awer Mabil,Australia,AFC,2,Adelaide_United_FC,Adelaide United,2013–2015,2013,2015,no
Awer Mabil,Australia,AFC,3,FC_Midtjylland,Midtjylland,2015–2022,2015,2022,no
Awer Mabil,Australia,AFC,4,Esbjerg_fB,Esbjerg fB,2016–2017,2016,2017,yes
Awer Mabil,Australia,AFC,5,F.C._Pa%C3%A7os_de_Ferreira,Paços de Ferreira,2017–2018,2017,2018,yes
Awer Mabil,Australia,AFC,6,Kas%C4%B1mpa%C5%9Fa_S.K.,Kasımpaşa,2022,2022,2022,yes
Awer Mabil,Australia,AFC,7,C%C3%A1diz_CF,Cádiz,2022–2023,2022,2023,no
Awer Mabil,Australia,AFC,8,AC_Sparta_Prague,Sparta Prague,2023,2023,2023,yes
Awer Mabil,Australia,AFC,9,Grasshopper_Club_Z%C3%BCrich,Grasshoppers,2023–2025,2023,2025,no
Awer Mabil,Australia,AFC,10,CD_Castell%C3%B3n,Castellón,2025–,2025,,no
Paul Izzo,Australia,AFC,1,Adelaide_United_FC,Adelaide United,2011–2015,2011,2015,no
Paul Izzo,Australia,AFC,2,Central_Coast_Mariners_FC,Central Coast Mariners,2015–2017,2015,2017,no
Paul Izzo,Australia,AFC,3,Adelaide_United_FC,Adelaide United,2017–2020,2017,2020,no
Paul Izzo,Australia,AFC,4,Xanthi_F.C.,Xanthi,2020–2022,2020,2022,no
Paul Izzo,Australia,AFC,5,Melbourne_Victory_FC,Melbourne Victory,2022–2024,2022,2024,no
Paul Izzo,Australia,AFC,6,Randers_FC,Randers,2024–,2024,,no
Aiden O'Neill,Australia,AFC,1,Burnley_F.C.,Burnley,2016–2020,2016,2020,no
Aiden O'Neill,Australia,AFC,2,Oldham_Athletic_A.F.C.,Oldham Athletic,2017,2017,2017,yes
Aiden O'Neill,Australia,AFC,3,Fleetwood_Town_F.C.,Fleetwood Town,2017–2018,2017,2018,yes
Aiden O'Neill,Australia,AFC,4,Central_Coast_Mariners_FC,Central Coast Mariners,2018–2019,2018,2019,yes
Aiden O'Neill,Australia,AFC,5,Brisbane_Roar_FC,Brisbane Roar,2019–2020,2019,2020,yes
Aiden O'Neill,Australia,AFC,6,Melbourne_City_FC,Melbourne City,2020–2023,2020,2023,no
Aiden O'Neill,Australia,AFC,7,Standard_Li%C3%A8ge,Standard Liège,2023–2025,2023,2025,no
Aiden O'Neill,Australia,AFC,8,New_York_City_FC,New York City FC,2025–,2025,,no
Cammy Devlin,Australia,AFC,1,Sutherland_Sharks_FC,Sutherland Sharks,2015,2015,2015,no
Cammy Devlin,Australia,AFC,2,Western_Sydney_Wanderers_FC_Youth,Western Sydney Wanderers NPL,2016–2017,2016,2017,no
Cammy Devlin,Australia,AFC,3,Sydney_FC_Youth,Sydney FC NPL,2017–2019,2017,2019,no
Cammy Devlin,Australia,AFC,4,Sydney_FC,Sydney FC,2018–2019,2018,2019,no
Cammy Devlin,Australia,AFC,5,Wellington_Phoenix_FC,Wellington Phoenix,2019–2021,2019,2021,no
Cammy Devlin,Australia,AFC,6,Wellington_Phoenix_FC_Reserves,Wellington Phoenix Reserves,2019,2019,2019,no
Cammy Devlin,Australia,AFC,7,Newcastle_Jets_FC,Newcastle Jets,2021,2021,2021,no
Cammy Devlin,Australia,AFC,8,Heart_of_Midlothian_F.C.,Heart of Midlothian,2021–,2021,,no
Kai Trewin,Australia,AFC,1,FFA_Centre_of_Excellence,FFA CoE,2016–2017,2016,2017,no
Kai Trewin,Australia,AFC,2,Brisbane_Roar_FC_NPL,Brisbane Roar NPL,2018–2020,2018,2020,no
Kai Trewin,Australia,AFC,3,Brisbane_Roar_FC,Brisbane Roar,2020–2024,2020,2024,no
Kai Trewin,Australia,AFC,4,Melbourne_City_FC,Melbourne City,2024–2026,2024,2026,no
Kai Trewin,Australia,AFC,5,New_York_City_FC,New York City FC,2026–,2026,,no
Aziz Behich,Australia,AFC,1,Green_Gully,Green Gully,2008–2009,2008,2009,no
Aziz Behich,Australia,AFC,2,Melbourne_Victory_FC,Melbourne Victory,2009–2010,2009,2010,no
Aziz Behich,Australia,AFC,3,Hume_City_FC,Hume City,2010,2010,2010,no
Aziz Behich,Australia,AFC,4,Melbourne_City_FC,Melbourne Heart,2010–2013,2010,2013,no
Aziz Behich,Australia,AFC,5,Bursaspor,Bursaspor,2013–2018,2013,2018,no
Aziz Behich,Australia,AFC,6,Melbourne_City_FC,Melbourne Heart,2013–2014,2013,2014,yes
Aziz Behich,Australia,AFC,7,PSV_Eindhoven,PSV Eindhoven,2018–2019,2018,2019,no
Aziz Behich,Australia,AFC,8,%C4%B0stanbul_Ba%C5%9Fak%C5%9Fehir_F.K.,Başakşehir,2019–2021,2019,2021,no
Aziz Behich,Australia,AFC,9,Kayserispor,Kayserispor,2020–2021,2020,2021,yes
Aziz Behich,Australia,AFC,10,Giresunspor,Giresunspor,2021–2022,2021,2022,no
Aziz Behich,Australia,AFC,11,Dundee_United_F.C.,Dundee United,2022–2023,2022,2023,no
Aziz Behich,Australia,AFC,12,Melbourne_City_FC,Melbourne City,2023–,2023,,no
Aziz Behich,Australia,AFC,13,Al_Nassr,Al Nassr,2024,2024,2024,yes
Nestory Irankunda,Australia,AFC,1,Adelaide_United_FC_Youth,Adelaide United Youth,2021–2023,2021,2023,no
Nestory Irankunda,Australia,AFC,2,Adelaide_United_FC,Adelaide United,2022–2024,2022,2024,no
Nestory Irankunda,Australia,AFC,3,FC_Bayern_Munich_II,Bayern Munich II,2024,2024,2024,no
Nestory Irankunda,Australia,AFC,4,FC_Bayern_Munich,Bayern Munich,2024–2025,2024,2025,no
Nestory Irankunda,Australia,AFC,5,Grasshopper_Club_Zurich,Grasshopper,2025,2025,2025,yes
Nestory Irankunda,Australia,AFC,6,Watford_F.C.,Watford,2025–,2025,,no
Patrick Beach,Australia,AFC,1,Central_Coast_Mariners_Academy,Central Coast Mariners NPL,2021–2023,2021,2023,no
Patrick Beach,Australia,AFC,2,Central_Coast_Mariners_FC,Central Coast Mariners,2021–2023,2021,2023,no
Patrick Beach,Australia,AFC,3,Melbourne_City_FC_Youth,Melbourne City NPL,2023–,2023,,no
Patrick Beach,Australia,AFC,4,Melbourne_City_FC,Melbourne City,2023–,2023,,no
Harry Souttar,Australia,AFC,1,Dundee_United_F.C.,Dundee United,2015–2016,2015,2016,no
Harry Souttar,Australia,AFC,2,Stoke_City_F.C.,Stoke City,2016–2023,2016,2023,no
Harry Souttar,Australia,AFC,3,Ross_County_F.C.,Ross County,2018,2018,2018,yes
Harry Souttar,Australia,AFC,4,Fleetwood_Town_F.C.,Fleetwood Town,2019–2020,2019,2020,yes
Harry Souttar,Australia,AFC,5,Leicester_City_F.C.,Leicester City,2023–,2023,,no
Harry Souttar,Australia,AFC,6,Sheffield_United_F.C.,Sheffield United,2024–2025,2024,2025,yes
Cristian Volpato,Australia,AFC,1,AS_Roma,Roma,2021–2023,2021,2023,no
Cristian Volpato,Australia,AFC,2,US_Sassuolo_Calcio,Sassuolo,2023–,2023,,no
Cameron Burgess,Australia,AFC,1,Fulham_F.C.,Fulham,2014–2017,2014,2017,no
Cameron Burgess,Australia,AFC,2,Ross_County_F.C.,Ross County,2015,2015,2015,yes
Cameron Burgess,Australia,AFC,3,Cheltenham_Town_F.C.,Cheltenham Town,2015-2016,2015,2016,yes
Cameron Burgess,Australia,AFC,4,Oldham_Athletic_A.F.C.,Oldham Athletic,2016–2017,2016,2017,yes
Cameron Burgess,Australia,AFC,5,Bury_F.C.,Bury,2017,2017,2017,yes
Cameron Burgess,Australia,AFC,6,Scunthorpe_United_F.C.,Scunthorpe United,2017–2020,2017,2020,no
Cameron Burgess,Australia,AFC,7,Salford_City_F.C.,Salford City,2019–2020,2019,2020,yes
Cameron Burgess,Australia,AFC,8,Accrington_Stanley_F.C.,Accrington Stanley,2020–2021,2020,2021,no
Cameron Burgess,Australia,AFC,9,Ipswich_Town_F.C.,Ipswich Town,2021–2025,2021,2025,no
Cameron Burgess,Australia,AFC,10,Swansea_City_A.F.C.,Swansea City,2025–,2025,,no
Jackson Irvine,Australia,AFC,1,Frankston_Pines_FC,Frankston Pines,2009,2009,2009,no
Jackson Irvine,Australia,AFC,2,Celtic_F.C.,Celtic,2012–2015,2012,2015,no
Jackson Irvine,Australia,AFC,3,Kilmarnock_F.C.,Kilmarnock,2013–2014,2013,2014,yes
Jackson Irvine,Australia,AFC,4,Ross_County_F.C.,Ross County,2014–2015,2014,2015,yes
Jackson Irvine,Australia,AFC,5,Ross_County_F.C.,Ross County,2015–2016,2015,2016,no
Jackson Irvine,Australia,AFC,6,Burton_Albion_F.C.,Burton Albion,2016–2017,2016,2017,no
Jackson Irvine,Australia,AFC,7,Hull_City_A.F.C.,Hull City,2017–2020,2017,2020,no
Jackson Irvine,Australia,AFC,8,Hibernian_F.C.,Hibernian,2021,2021,2021,no
Jackson Irvine,Australia,AFC,9,FC_St._Pauli,FC St. Pauli,2021–,2021,,no
Nishan Velupillay,Australia,AFC,1,Melbourne_Victory_FC_Youth,Melbourne Victory NPL,2019–2022,2019,2022,no
Nishan Velupillay,Australia,AFC,2,Melbourne_Victory_FC,Melbourne Victory,2021–,2021,,no
Paul Okon-Engstler,Australia,AFC,1,S.L._Benfica_B,Benfica B,2024–2025,2024,2025,no
Paul Okon-Engstler,Australia,AFC,2,Sydney_FC,Sydney FC,2025–,2025,,no
Lucas Herrington,Australia,AFC,1,Brisbane_Roar_FC_Youth,Brisbane Roar NPL,2023,2023,2023,no
Lucas Herrington,Australia,AFC,2,Brisbane_Roar_FC,Brisbane Roar,2024–2026,2024,2026,no
Lucas Herrington,Australia,AFC,3,Colorado_Rapids,Colorado Rapids,2026–,2026,,no
Tete Yengi,Australia,AFC,1,Adelaide_Comets_FC,Adelaide Comets,2019–2020,2019,2020,no
Tete Yengi,Australia,AFC,2,Newcastle_Jets_FC,Newcastle Jets,2020–2021,2020,2021,no
Tete Yengi,Australia,AFC,3,Newcastle_Jets_FC_NPL,Newcastle Jets NPL,2021,2021,2021,yes
Tete Yengi,Australia,AFC,4,Ipswich_Town_F.C.,Ipswich Town,2021–2024,2021,2024,no
Tete Yengi,Australia,AFC,5,Vaasan_Palloseura,VPS,2022,2022,2022,yes
Tete Yengi,Australia,AFC,6,Northampton_Town_F.C.,Northampton Town,2023,2023,2023,yes
Tete Yengi,Australia,AFC,7,Kuopion_Palloseura,KuPS,2023,2023,2023,yes
Tete Yengi,Australia,AFC,8,Livingston_F.C.,Livingston,2024–,2024,,no
Tete Yengi,Australia,AFC,9,FC_Machida_Zelvia,Machida Zelvia,2026–,2026,,yes
Gatito Fernández,Paraguay,CONMEBOL,1,Cerro_Porte%C3%B1o,Cerro Porteño,2007–2014,2007,2014,no
Gatito Fernández,Paraguay,CONMEBOL,2,Estudiantes_de_La_Plata,Estudiantes,2009–2010,2009,2010,yes
Gatito Fernández,Paraguay,CONMEBOL,3,Racing_Club_de_Avellaneda,Racing Club,2010–2011,2010,2011,yes
Gatito Fernández,Paraguay,CONMEBOL,4,FC_Utrecht,Utrecht,2011–2012,2011,2012,yes
Gatito Fernández,Paraguay,CONMEBOL,5,Esporte_Clube_Vit%C3%B3ria,Vitória,2014–2015,2014,2015,no
Gatito Fernández,Paraguay,CONMEBOL,6,Figueirense_FC,Figueirense,2016,2016,2016,no
Gatito Fernández,Paraguay,CONMEBOL,7,Botafogo_de_Futebol_e_Regatas,Botafogo,2017–2024,2017,2024,no
Gatito Fernández,Paraguay,CONMEBOL,8,Cerro_Porte%C3%B1o,Cerro Porteño,2025–,2025,,no
Gustavo Velázquez,Paraguay,CONMEBOL,1,Cerro_Porte%C3%B1o,Cerro Porteño,2012–2013,2012,2013,no
Gustavo Velázquez,Paraguay,CONMEBOL,2,Sportivo_Luque%C3%B1o,Sportivo Luqueño,2014,2014,2014,no
Gustavo Velázquez,Paraguay,CONMEBOL,3,Club_Nacional,Nacional Asunción,2014–2015,2014,2015,no
Gustavo Velázquez,Paraguay,CONMEBOL,4,Cerro_Porte%C3%B1o,Cerro Porteño,2016–2017,2016,2017,no
Gustavo Velázquez,Paraguay,CONMEBOL,5,Club_Sol_de_Am%C3%A9rica,Sol de América,2016–2017,2016,2017,yes
Gustavo Velázquez,Paraguay,CONMEBOL,6,Club_Nacional,Nacional Asunción,2018,2018,2018,no
Gustavo Velázquez,Paraguay,CONMEBOL,7,Lobos_BUAP,Lobos BUAP,2019,2019,2019,no
Gustavo Velázquez,Paraguay,CONMEBOL,8,FC_Ju%C3%A1rez,Juárez,2019–2022,2019,2022,no
Gustavo Velázquez,Paraguay,CONMEBOL,9,Newell%27s_Old_Boys,Newell's Old Boys,2022,2022,2022,yes
Gustavo Velázquez,Paraguay,CONMEBOL,10,Newell%27s_Old_Boys,Newell's Old Boys,2023–2024,2023,2024,no
Gustavo Velázquez,Paraguay,CONMEBOL,11,Cerro_Porte%C3%B1o,Cerro Porteño,2025–,2025,,no
Omar Alderete,Paraguay,CONMEBOL,1,Cerro_Porte%C3%B1o,Cerro Porteño,2016–2018,2016,2018,no
Omar Alderete,Paraguay,CONMEBOL,2,Club_de_Gimnasia_y_Esgrima_La_Plata,Gimnasia y Esgrima,2017–2018,2017,2018,yes
Omar Alderete,Paraguay,CONMEBOL,3,Club_Atl%C3%A9tico_Hurac%C3%A1n,Huracán,2018–2019,2018,2019,no
Omar Alderete,Paraguay,CONMEBOL,4,FC_Basel,Basel,2019–2020,2019,2020,no
Omar Alderete,Paraguay,CONMEBOL,5,Hertha_BSC,Hertha BSC,2020–2023,2020,2023,no
Omar Alderete,Paraguay,CONMEBOL,6,Valencia_CF,Valencia,2021–2022,2021,2022,yes
Omar Alderete,Paraguay,CONMEBOL,7,Getafe_CF,Getafe,2022–2023,2022,2023,yes
Omar Alderete,Paraguay,CONMEBOL,8,Getafe_CF,Getafe,2023–2025,2023,2025,no
Omar Alderete,Paraguay,CONMEBOL,9,Sunderland_A.F.C,Sunderland,2025–,2025,,no
Juan José Cáceres,Paraguay,CONMEBOL,1,Racing_Club_de_Avellaneda,Racing Club,2020–2025,2020,2025,no
Juan José Cáceres,Paraguay,CONMEBOL,2,Club_Atl%C3%A9tico_Lan%C3%BAs,Lanús,2023–2025,2023,2025,yes
Juan José Cáceres,Paraguay,CONMEBOL,3,Club_Atl%C3%A9tico_Lan%C3%BAs,Lanús,2025,2025,2025,no
Juan José Cáceres,Paraguay,CONMEBOL,4,FC_Dynamo_Moscow,Dynamo Moscow,2025–,2025,,no
Fabián Balbuena,Paraguay,CONMEBOL,1,Club_Cerro_Porte%C3%B1o_(Presidente_Franco),Cerro Porteño PF,2010–2012,2010,2012,no
Fabián Balbuena,Paraguay,CONMEBOL,2,Club_Rubio_%C3%91u,Rubio Ñu,2013,2013,2013,no
Fabián Balbuena,Paraguay,CONMEBOL,3,Club_Nacional,Nacional,2013–2014,2013,2014,no
Fabián Balbuena,Paraguay,CONMEBOL,4,Club_Libertad,Libertad,2014–2016,2014,2016,no
Fabián Balbuena,Paraguay,CONMEBOL,5,Sport_Club_Corinthians_Paulista,Corinthians,2016–2018,2016,2018,no
Fabián Balbuena,Paraguay,CONMEBOL,6,West_Ham_United_F.C.,West Ham United,2018–2021,2018,2021,no
Fabián Balbuena,Paraguay,CONMEBOL,7,FC_Dynamo_Moscow,Dynamo Moscow,2021–2025,2021,2025,no
Fabián Balbuena,Paraguay,CONMEBOL,8,Sport_Club_Corinthians_Paulista,Corinthians,2022–2023,2022,2023,yes
Fabián Balbuena,Paraguay,CONMEBOL,9,Gr%C3%AAmio_FBPA,Grêmio,2025–,2025,,no
Júnior Alonso,Paraguay,CONMEBOL,1,Cerro_Porte%C3%B1o,Cerro Porteño,2013–2016,2013,2016,no
Júnior Alonso,Paraguay,CONMEBOL,2,Lille_OSC,Lille,2017–2020,2017,2020,no
Júnior Alonso,Paraguay,CONMEBOL,3,Celta_de_Vigo,Celta,2018,2018,2018,yes
Júnior Alonso,Paraguay,CONMEBOL,4,Boca_Juniors,Boca Juniors,2019–2020,2019,2020,yes
Júnior Alonso,Paraguay,CONMEBOL,5,Clube_Atl%C3%A9tico_Mineiro,Atlético Mineiro,2020–2021,2020,2021,no
Júnior Alonso,Paraguay,CONMEBOL,6,FC_Krasnodar,Krasnodar,2022–2024,2022,2024,no
Júnior Alonso,Paraguay,CONMEBOL,7,Clube_Atl%C3%A9tico_Mineiro,Atlético Mineiro,2022,2022,2022,yes
Júnior Alonso,Paraguay,CONMEBOL,8,Clube_Atl%C3%A9tico_Mineiro,Atlético Mineiro,2024–,2024,,no
Ramón Sosa,Paraguay,CONMEBOL,1,Club_River_Plate_(Asunci%C3%B3n),River Plate,2020–2021,2020,2021,no
Ramón Sosa,Paraguay,CONMEBOL,2,Club_Olimpia,Olimpia,2021–2022,2021,2022,no
Ramón Sosa,Paraguay,CONMEBOL,3,Club_de_Gimnasia_y_Esgrima_La_Plata,Gimnasia LP,2022–2023,2022,2023,no
Ramón Sosa,Paraguay,CONMEBOL,4,Talleres_de_C%C3%B3rdoba,Talleres,2023–2024,2023,2024,no
Ramón Sosa,Paraguay,CONMEBOL,5,Nottingham_Forest_F.C.,Nottingham Forest,2024–2025,2024,2025,no
Ramón Sosa,Paraguay,CONMEBOL,6,Sociedade_Esportiva_Palmeiras,Palmeiras,2025–,2025,,no
Diego Gómez,Paraguay,CONMEBOL,1,Club_Libertad,Libertad,2022–2023,2022,2023,no
Diego Gómez,Paraguay,CONMEBOL,2,Inter_Miami_CF,Inter Miami,2023–2024,2023,2024,no
Diego Gómez,Paraguay,CONMEBOL,3,Brighton_%26_Hove_Albion_F.C.,Brighton & Hove Albion,2025–,2025,,no
Antonio Sanabria,Paraguay,CONMEBOL,1,FC_Barcelona_B,Barcelona B,2013–2014,2013,2014,no
Antonio Sanabria,Paraguay,CONMEBOL,2,US_Sassuolo_Calcio,Sassuolo,2014,2014,2014,no
Antonio Sanabria,Paraguay,CONMEBOL,3,AS_Roma,Roma,2014–2016,2014,2016,no
Antonio Sanabria,Paraguay,CONMEBOL,4,Sporting_de_Gij%C3%B3n,Sporting Gijón,2015–2016,2015,2016,yes
Antonio Sanabria,Paraguay,CONMEBOL,5,Real_Betis,Betis,2016–2021,2016,2021,no
Antonio Sanabria,Paraguay,CONMEBOL,6,Genoa_CFC,Genoa,2019–2020,2019,2020,yes
Antonio Sanabria,Paraguay,CONMEBOL,7,Torino_FC,Torino,2021–2025,2021,2025,no
Antonio Sanabria,Paraguay,CONMEBOL,8,US_Cremonese,Cremonese,2025–,2025,,no
Miguel Almirón,Paraguay,CONMEBOL,1,Cerro_Porte%C3%B1o,Cerro Porteño,2013–2015,2013,2015,no
Miguel Almirón,Paraguay,CONMEBOL,2,Club_Atl%C3%A9tico_Lan%C3%BAs,Lanús,2015–2016,2015,2016,no
Miguel Almirón,Paraguay,CONMEBOL,3,Atlanta_United_FC,Atlanta United,2016–2019,2016,2019,no
Miguel Almirón,Paraguay,CONMEBOL,4,Newcastle_United_F.C.,Newcastle United,2019–2025,2019,2025,no
Miguel Almirón,Paraguay,CONMEBOL,5,Atlanta_United_FC,Atlanta United,2025–,2025,,no
Maurício,Paraguay,CONMEBOL,1,Desportivo_Brasil,Desportivo Brasil,2019,2019,2019,no
Maurício,Paraguay,CONMEBOL,2,Cruzeiro_Esporte_Clube,Cruzeiro,2019,2019,2019,yes
Maurício,Paraguay,CONMEBOL,3,Cruzeiro_Esporte_Clube,Cruzeiro,2019–2020,2019,2020,no
Maurício,Paraguay,CONMEBOL,4,Sport_Club_Internacional,Internacional,2020–2024,2020,2024,no
Maurício,Paraguay,CONMEBOL,5,SE_Palmeiras,Palmeiras,2024–,2024,,no
Orlando Gill,Paraguay,CONMEBOL,1,Club_Sportivo_San_Lorenzo,CS San Lorenzo,2019–2024,2019,2024,no
Orlando Gill,Paraguay,CONMEBOL,2,San_Lorenzo_de_Almagro,San Lorenzo de Almagro II,2023–2024,2023,2024,yes
Orlando Gill,Paraguay,CONMEBOL,3,San_Lorenzo_de_Almagro,San Lorenzo de Almagro,2024–,2024,,no
José Canale,Paraguay,CONMEBOL,1,Club_Libertad,Libertad,2015–2023,2015,2023,no
José Canale,Paraguay,CONMEBOL,2,Club_Nacional,Nacional,2017,2017,2017,yes
José Canale,Paraguay,CONMEBOL,3,Club_Sol_de_Am%C3%A9rica,Sol de América,2020,2020,2020,yes
José Canale,Paraguay,CONMEBOL,4,Newell%27s_Old_Boys,Newell's Old Boys,2021,2021,2021,yes
José Canale,Paraguay,CONMEBOL,5,Godoy_Cruz_Antonio_Tomba,Godoy Cruz,2022,2022,2022,yes
José Canale,Paraguay,CONMEBOL,6,Club_Atl%C3%A9tico_Lan%C3%BAs,Lanús,2023–,2023,,no
José Canale,Paraguay,CONMEBOL,7,Quer%C3%A9taro_F.C.,Querétaro,2024–2025,2024,2025,yes
Andrés Cubas,Paraguay,CONMEBOL,1,Boca_Juniors,Boca Juniors,2014–2018,2014,2018,no
Andrés Cubas,Paraguay,CONMEBOL,2,Delfino_Pescara_1936,Pescara,2017,2017,2017,yes
Andrés Cubas,Paraguay,CONMEBOL,3,Defensa_y_Justicia,Defensa y Justicia,2017–2018,2017,2018,yes
Andrés Cubas,Paraguay,CONMEBOL,4,Talleres_de_C%C3%B3rdoba,Talleres,2018–2020,2018,2020,no
Andrés Cubas,Paraguay,CONMEBOL,5,N%C3%AEmes_Olympique,Nîmes,2020–2022,2020,2022,no
Andrés Cubas,Paraguay,CONMEBOL,6,Vancouver_Whitecaps_FC,Vancouver Whitecaps,2022–,2022,,no
Gustavo Gómez,Paraguay,CONMEBOL,1,Club_Libertad,Libertad,2011–2014,2011,2014,no
Gustavo Gómez,Paraguay,CONMEBOL,2,Club_Atl%C3%A9tico_Lan%C3%BAs,Lanús,2014–2016,2014,2016,no
Gustavo Gómez,Paraguay,CONMEBOL,3,A.C._Milan,AC Milan,2016–2019,2016,2019,no
Gustavo Gómez,Paraguay,CONMEBOL,4,SE_Palmeiras,Palmeiras,2018–2019,2018,2019,yes
Gustavo Gómez,Paraguay,CONMEBOL,5,SE_Palmeiras,Palmeiras,2019–,2019,,no
Damián Bobadilla,Paraguay,CONMEBOL,1,Cerro_Porte%C3%B1o,Cerro Porteño,2021–2023,2021,2023,no
Damián Bobadilla,Paraguay,CONMEBOL,2,S%C3%A3o_Paulo_FC,São Paulo,2024–,2024,,no
Kaku,Paraguay,CONMEBOL,1,Club_Atl%C3%A9tico_Hurac%C3%A1n,Huracán,2013–2017,2013,2017,no
Kaku,Paraguay,CONMEBOL,2,New_York_Red_Bulls,New York Red Bulls,2018–2020,2018,2020,no
Kaku,Paraguay,CONMEBOL,3,Al_Taawoun_FC,Al Taawoun,2021–2023,2021,2023,no
Kaku,Paraguay,CONMEBOL,4,Al_Ain_FC,Al Ain,2023–,2023,,no
Álex Arce,Paraguay,CONMEBOL,1,Cerro_Porte%C3%B1o,Cerro Porteño,2017–2019,2017,2019,no
Álex Arce,Paraguay,CONMEBOL,2,Club_Rubio_%C3%91u,Rubio Ñu,2019,2019,2019,no
Álex Arce,Paraguay,CONMEBOL,3,Sportivo_Ameliano,Sportivo Ameliano,2021–2023,2021,2023,no
Álex Arce,Paraguay,CONMEBOL,4,Independiente_Rivadavia,Independiente Rivadavia,2023–2024,2023,2024,no
Álex Arce,Paraguay,CONMEBOL,5,LDU_Quito,LDU Quito,2024–2025,2024,2025,no
Álex Arce,Paraguay,CONMEBOL,6,Independiente_Rivadavia,Independiente Rivadavia,2025–,2025,,no
Julio Enciso,Paraguay,CONMEBOL,1,Club_Libertad,Libertad,2019–2022,2019,2022,no
Julio Enciso,Paraguay,CONMEBOL,2,Brighton_%26_Hove_Albion_F.C.,Brighton & Hove Albion,2022–2025,2022,2025,no
Julio Enciso,Paraguay,CONMEBOL,3,Ipswich_Town_F.C.,Ipswich Town,2025,2025,2025,yes
Julio Enciso,Paraguay,CONMEBOL,4,RC_Strasbourg_Alsace,Strasbourg,2025–,2025,,no
Braian Ojeda,Paraguay,CONMEBOL,1,Club_Olimpia,Olimpia,2018–2021,2018,2021,no
Braian Ojeda,Paraguay,CONMEBOL,2,Defensa_y_Justicia,Defensa y Justicia,2019–2020,2019,2020,yes
Braian Ojeda,Paraguay,CONMEBOL,3,Nottingham_Forest_F.C.,Nottingham Forest,2021–2023,2021,2023,no
Braian Ojeda,Paraguay,CONMEBOL,4,Real_Salt_Lake,Real Salt Lake,2022–2023,2022,2023,yes
Braian Ojeda,Paraguay,CONMEBOL,5,Real_Salt_Lake,Real Salt Lake,2023–2026,2023,2026,no
Braian Ojeda,Paraguay,CONMEBOL,6,Orlando_City_SC,Orlando City,2026–,2026,,no
Gabriel Ávalos,Paraguay,CONMEBOL,1,Club_Atl%C3%A9tico_Tembetary,Tembetary,2008,2008,2008,no
Gabriel Ávalos,Paraguay,CONMEBOL,2,Defensores_de_Cambaceres,Defensores de Cambaceres,2008–2009,2008,2009,no
Gabriel Ávalos,Paraguay,CONMEBOL,3,Club_Atl%C3%A9tico_Tigre,Tigre,2009–2010,2009,2010,no
Gabriel Ávalos,Paraguay,CONMEBOL,4,Gimnasia_y_Esgrima_de_La_Plata,Gimnasia La Plata,2010–2011,2010,2011,no
Gabriel Ávalos,Paraguay,CONMEBOL,5,Independiente_F.B.C.,Independiente FBC,2012,2012,2012,no
Gabriel Ávalos,Paraguay,CONMEBOL,6,Club_General_D%C3%ADaz_(Luque),General Díaz,2013,2013,2013,no
Gabriel Ávalos,Paraguay,CONMEBOL,7,Deportes_Concepci%C3%B3n_(Chile),Deportes Concepción,2013–2014,2013,2014,no
Gabriel Ávalos,Paraguay,CONMEBOL,8,Crucero_del_Norte,Crucero del Norte,2014–2016,2014,2016,no
Gabriel Ávalos,Paraguay,CONMEBOL,9,Pe%C3%B1arol,Peñarol,2016,2016,2016,no
Gabriel Ávalos,Paraguay,CONMEBOL,10,Club_Atl%C3%A9tico_Nueva_Chicago,Nueva Chicago,2017–2018,2017,2018,no
Gabriel Ávalos,Paraguay,CONMEBOL,11,Godoy_Cruz_Antonio_Tomba,Godoy Cruz,2018–2020,2018,2020,no
Gabriel Ávalos,Paraguay,CONMEBOL,12,Club_Atl%C3%A9tico_Patronato,Patronato,2019–2020,2019,2020,yes
Gabriel Ávalos,Paraguay,CONMEBOL,13,Argentinos_Juniors,Argentinos Juniors,2020–2023,2020,2023,no
Gabriel Ávalos,Paraguay,CONMEBOL,14,Club_Atl%C3%A9tico_Independiente,Independiente,2024–,2024,,no
Gastón Olveira,Paraguay,CONMEBOL,1,Club_Atl%C3%A9tico_River_Plate_(Montevideo),River Plate Montevideo,2014–2021,2014,2021,no
Gastón Olveira,Paraguay,CONMEBOL,2,Club_Olimpia,Olimpia,2021,2021,2021,yes
Gastón Olveira,Paraguay,CONMEBOL,3,Club_Olimpia,Olimpia,2022–,2022,,no
Matías Galarza,Paraguay,CONMEBOL,1,Club_Olimpia,Olimpia,2021,2021,2021,no
Matías Galarza,Paraguay,CONMEBOL,2,CR_Vasco_da_Gama,Vasco da Gama,2021,2021,2021,yes
Matías Galarza,Paraguay,CONMEBOL,3,CR_Vasco_da_Gama,Vasco da Gama,2021–2025,2021,2025,no
Matías Galarza,Paraguay,CONMEBOL,4,Coritiba_Foot_Ball_Club,Coritiba,2022,2022,2022,yes
Matías Galarza,Paraguay,CONMEBOL,5,Talleres_de_C%C3%B3rdoba,Talleres,2023–2024,2023,2024,yes
Matías Galarza,Paraguay,CONMEBOL,6,Talleres_de_C%C3%B3rdoba,Talleres,2025,2025,2025,no
Matías Galarza,Paraguay,CONMEBOL,7,Club_Atl%C3%A9tico_River_Plate,River Plate,2025–,2025,,no
Matías Galarza,Paraguay,CONMEBOL,8,Atlanta_United_FC,Atlanta United,2026–,2026,,yes
Gustavo Caballero,Paraguay,CONMEBOL,1,Deportivo_Capiat%C3%A1,Deportivo Capiatá,2019,2019,2019,no
Gustavo Caballero,Paraguay,CONMEBOL,2,Sportivo_Ameliano,Sportivo Ameliano,2022,2022,2022,no
Gustavo Caballero,Paraguay,CONMEBOL,3,Club_Nacional,Nacional Asunción,2022–2025,2022,2025,no
Gustavo Caballero,Paraguay,CONMEBOL,4,Sportivo_Ameliano,Sportivo Ameliano,2023,2023,2023,yes
Gustavo Caballero,Paraguay,CONMEBOL,5,Santos_FC,Santos,2025–,2025,,no
Gustavo Caballero,Paraguay,CONMEBOL,6,Portsmouth_F.C.,Portsmouth,2026–,2026,,yes
Isidro Pitta,Paraguay,CONMEBOL,1,G.D._Santa_Cruz_de_Alvarenga,Alvarenga,2017–2018,2017,2018,no
Isidro Pitta,Paraguay,CONMEBOL,2,Deportivo_Santan%C3%AD,Deportivo Santaní,2019,2019,2019,no
Isidro Pitta,Paraguay,CONMEBOL,3,Sportivo_Luque%C3%B1o,Sportivo Luqueño,2020,2020,2020,no
Isidro Pitta,Paraguay,CONMEBOL,4,Club_Olimpia,Olimpia,2020–2021,2020,2021,no
Isidro Pitta,Paraguay,CONMEBOL,5,SD_Huesca,Huesca,2021–2022,2021,2022,no
Isidro Pitta,Paraguay,CONMEBOL,6,Esporte_Clube_Juventude,Juventude,2022,2022,2022,yes
Isidro Pitta,Paraguay,CONMEBOL,7,Cuiab%C3%A1_Esporte_Clube,Cuiabá,2023–2024,2023,2024,no
Isidro Pitta,Paraguay,CONMEBOL,8,Red_Bull_Bragantino,Red Bull Bragantino,2025–,2025,,no
Alexandro Maidana,Paraguay,CONMEBOL,1,Club_Guaran%C3%AD,Guaraní,2023–2026,2023,2026,no
Alexandro Maidana,Paraguay,CONMEBOL,2,Atyr%C3%A1_F.C.,Atyrá,2023,2023,2023,yes
Alexandro Maidana,Paraguay,CONMEBOL,3,Resistencia_S.C.,Resistencia,2024,2024,2024,yes
Alexandro Maidana,Paraguay,CONMEBOL,4,Talleres_de_C%C3%B3rdoba,Talleres,2026–,2026,,no
Mert Günok,Turkey,UEFA,1,Fenerbah%C3%A7e_S.K._(football),Fenerbahçe,2008–2015,2008,2015,no
Mert Günok,Turkey,UEFA,2,Bursaspor,Bursaspor,2015–2017,2015,2017,no
Mert Günok,Turkey,UEFA,3,%C4%B0stanbul_Ba%C5%9Fak%C5%9Fehir_F.K.,İstanbul Başakşehir,2017–2021,2017,2021,no
Mert Günok,Turkey,UEFA,4,Be%C5%9Fikta%C5%9F_J.K.,Beşiktaş,2021–2026,2021,2026,no
Mert Günok,Turkey,UEFA,5,Fenerbah%C3%A7e_S.K._(football),Fenerbahçe,2026–,2026,,no
Zeki Çelik,Turkey,UEFA,1,Bursaspor,Bursaspor,2015–2016,2015,2016,no
Zeki Çelik,Turkey,UEFA,2,Karacabey_Birlikspor,Karacabeyspor,2015–2016,2015,2016,yes
Zeki Çelik,Turkey,UEFA,3,%C4%B0stanbulspor,İstanbulspor,2016–2018,2016,2018,no
Zeki Çelik,Turkey,UEFA,4,Lille_OSC,Lille,2018–2022,2018,2022,no
Zeki Çelik,Turkey,UEFA,5,AS_Roma,Roma,2022–,2022,,no
Merih Demiral,Turkey,UEFA,1,A.C._Alcanenense,Alcanenense,2016–2017,2016,2017,no
Merih Demiral,Turkey,UEFA,2,Sporting_CP_B,Sporting CP B,2017,2017,2017,yes
Merih Demiral,Turkey,UEFA,3,Sporting_CP_B,Sporting CP B,2017–2019,2017,2019,no
Merih Demiral,Turkey,UEFA,4,Alanyaspor,Alanyaspor,2018–2019,2018,2019,yes
Merih Demiral,Turkey,UEFA,5,US_Sassuolo_Calcio,Sassuolo,2019,2019,2019,yes
Merih Demiral,Turkey,UEFA,6,Juventus_FC,Juventus,2019–2022,2019,2022,no
Merih Demiral,Turkey,UEFA,7,Atalanta_BC,Atalanta,2021–2022,2021,2022,yes
Merih Demiral,Turkey,UEFA,8,Atalanta_BC,Atalanta,2022–2023,2022,2023,no
Merih Demiral,Turkey,UEFA,9,Al-Ahli_Saudi_FC,Al-Ahli,2023–,2023,,no
Çağlar Söyüncü,Turkey,UEFA,1,Alt%C4%B1nordu_F.K.,Altınordu,2014–2016,2014,2016,no
Çağlar Söyüncü,Turkey,UEFA,2,SC_Freiburg,SC Freiburg,2016–2018,2016,2018,no
Çağlar Söyüncü,Turkey,UEFA,3,Leicester_City_F.C.,Leicester City,2018–2023,2018,2023,no
Çağlar Söyüncü,Turkey,UEFA,4,Atl%C3%A9tico_Madrid,Atlético Madrid,2023–2024,2023,2024,no
Çağlar Söyüncü,Turkey,UEFA,5,Fenerbah%C3%A7e_S.K._(football),Fenerbahçe,2024,2024,2024,yes
Çağlar Söyüncü,Turkey,UEFA,6,Fenerbah%C3%A7e_S.K._(football),Fenerbahçe,2024–,2024,,no
Salih Özcan,Turkey,UEFA,1,1._FC_K%C3%B6ln_II,1. Köln II,2016–2019,2016,2019,no
Salih Özcan,Turkey,UEFA,2,1._FC_K%C3%B6ln,1. Köln,2016–2022,2016,2022,no
Salih Özcan,Turkey,UEFA,3,Holstein_Kiel,Holstein Kiel,2019–2020,2019,2020,yes
Salih Özcan,Turkey,UEFA,4,Borussia_Dortmund,Borussia Dortmund,2022–2026,2022,2026,no
Salih Özcan,Turkey,UEFA,5,VfL_Wolfsburg,VfL Wolfsburg,2024–2025,2024,2025,yes
Orkun Kökçü,Turkey,UEFA,1,Feyenoord,Feyenoord,2018–2023,2018,2023,no
Orkun Kökçü,Turkey,UEFA,2,S.L._Benfica,Benfica,2023–,2023,,no
Orkun Kökçü,Turkey,UEFA,3,Be%C5%9Fikta%C5%9F_J.K.,Beşiktaş,2025–2026,2025,2026,yes
Orkun Kökçü,Turkey,UEFA,4,Be%C5%9Fikta%C5%9F_J.K.,Beşiktaş,2026–,2026,,no
Kerem Aktürkoğlu,Turkey,UEFA,1,%C4%B0stanbul_Ba%C5%9Fak%C5%9Fehir_F.K.,İstanbul Başakşehir,2015–2018,2015,2018,no
Kerem Aktürkoğlu,Turkey,UEFA,2,BB_Bodrumspor,Bodrumspor,2016–2017,2016,2017,yes
Kerem Aktürkoğlu,Turkey,UEFA,3,Karacabey_Belediyespor,Karacabey Belediyespor,2018–2019,2018,2019,no
Kerem Aktürkoğlu,Turkey,UEFA,4,24_Erzincanspor,24 Erzincanspor,2019–2020,2019,2020,no
Kerem Aktürkoğlu,Turkey,UEFA,5,Galatasaray_S.K._(football),Galatasaray,2020–2024,2020,2024,no
Kerem Aktürkoğlu,Turkey,UEFA,6,S.L._Benfica,Benfica,2024–2025,2024,2025,no
Kerem Aktürkoğlu,Turkey,UEFA,7,Fenerbah%C3%A7e_S.K._(football),Fenerbahçe,2025–,2025,,no
Arda Güler,Turkey,UEFA,1,Fenerbah%C3%A7e_S.K._(football),Fenerbahçe,2021–2023,2021,2023,no
Arda Güler,Turkey,UEFA,2,Real_Madrid_CF,Real Madrid,2023–,2023,,no
Deniz Gül,Turkey,UEFA,1,Hammarby_Fotboll,Hammarby IF,2022–2024,2022,2024,no
Deniz Gül,Turkey,UEFA,2,Hammarby_Talang_FF,Hammarby TFF,2023,2023,2023,yes
Deniz Gül,Turkey,UEFA,3,FC_Porto,Porto,2024–,2024,,no
Deniz Gül,Turkey,UEFA,4,FC_Porto_B,Porto B,2024,2024,2024,yes
Hakan Çalhanoğlu,Turkey,UEFA,1,Karlsruher_SC,Karlsruher SC,2011–2013,2011,2013,no
Hakan Çalhanoğlu,Turkey,UEFA,2,Hamburger_SV,Hamburger SV,2013–2014,2013,2014,no
Hakan Çalhanoğlu,Turkey,UEFA,3,Bayer_04_Leverkusen,Bayer Leverkusen,2014–2017,2014,2017,no
Hakan Çalhanoğlu,Turkey,UEFA,4,AC_Milan,AC Milan,2017–2021,2017,2021,no
Hakan Çalhanoğlu,Turkey,UEFA,5,Inter_Milan,Inter Milan,2021–,2021,,no
Kenan Yıldız,Turkey,UEFA,1,Juventus_Next_Gen,Juventus Next Gen,2022–2023,2022,2023,no
Kenan Yıldız,Turkey,UEFA,2,Juventus_FC,Juventus,2023–,2023,,no
Altay Bayındır,Turkey,UEFA,1,MKE_Ankarag%C3%BCc%C3%BC,Ankaragücü,2016–2019,2016,2019,no
Altay Bayındır,Turkey,UEFA,2,Fenerbah%C3%A7e_S.K._(football),Fenerbahçe,2019–2023,2019,2023,no
Altay Bayındır,Turkey,UEFA,3,Manchester_United_F.C.,Manchester United,2023–,2023,,no
Eren Elmalı,Turkey,UEFA,1,Kas%C4%B1mpa%C5%9Fa_S.K.,Kasımpaşa,2019–2022,2019,2022,no
Eren Elmalı,Turkey,UEFA,2,Silivrispor,Silivrispor,2019–2020,2019,2020,yes
Eren Elmalı,Turkey,UEFA,3,Trabzonspor,Trabzonspor,2022–2025,2022,2025,no
Eren Elmalı,Turkey,UEFA,4,Galatasaray_S.K._(football),Galatasaray,2025–,2025,,no
Abdülkerim Bardakcı,Turkey,UEFA,1,Konyaspor,Konyaspor,2011–2022,2011,2022,no
Abdülkerim Bardakcı,Turkey,UEFA,2,1922_Konyaspor,Anadolu Selçukluspor,2014,2014,2014,yes
Abdülkerim Bardakcı,Turkey,UEFA,3,Adana_Demirspor,Adana Demirspor,2014–2015,2014,2015,yes
Abdülkerim Bardakcı,Turkey,UEFA,4,Samsunspor,Samsunspor,2017–2018,2017,2018,yes
Abdülkerim Bardakcı,Turkey,UEFA,5,Giresunspor,Giresunspor,2018,2018,2018,yes
Abdülkerim Bardakcı,Turkey,UEFA,6,Denizlispor,Denizlispor,2018–2019,2018,2019,yes
Abdülkerim Bardakcı,Turkey,UEFA,7,Altay_S.K.,Altay,2019–2020,2019,2020,yes
Abdülkerim Bardakcı,Turkey,UEFA,8,Galatasaray_S.K._(football),Galatasaray,2022–,2022,,no
Ozan Kabak,Turkey,UEFA,1,Galatasaray_S.K._(football),Galatasaray,2018–2019,2018,2019,no
Ozan Kabak,Turkey,UEFA,2,VfB_Stuttgart,VfB Stuttgart,2019,2019,2019,no
Ozan Kabak,Turkey,UEFA,3,FC_Schalke_04,Schalke 04,2019–2022,2019,2022,no
Ozan Kabak,Turkey,UEFA,4,Liverpool_F.C.,Liverpool,2021,2021,2021,yes
Ozan Kabak,Turkey,UEFA,5,Norwich_City_F.C.,Norwich City,2021–2022,2021,2022,yes
Ozan Kabak,Turkey,UEFA,6,TSG_1899_Hoffenheim,TSG Hoffenheim,2022–,2022,,no
İsmail Yüksek,Turkey,UEFA,1,G%C3%B6lc%C3%BCkspor,Gölcükspor,2018–2020,2018,2020,no
İsmail Yüksek,Turkey,UEFA,2,Fenerbah%C3%A7e_S.K._(football),Fenerbahçe,2020–,2020,,no
İsmail Yüksek,Turkey,UEFA,3,Bal%C4%B1kesirspor,Balıkesirspor,2020–2021,2020,2021,yes
İsmail Yüksek,Turkey,UEFA,4,Adana_Demirspor,Adana Demirspor,2021,2021,2021,yes
İsmail Yüksek,Turkey,UEFA,5,Bursaspor,Bursaspor,2021–2022,2021,2022,yes
İrfan Can Kahveci,Turkey,UEFA,1,Gen%C3%A7lerbirli%C4%9Fi_S.K.,Gençlerbirliği,2012–2016,2012,2016,no
İrfan Can Kahveci,Turkey,UEFA,2,Hacettepe_S.K.,Hacettepe,2013–2014,2013,2014,yes
İrfan Can Kahveci,Turkey,UEFA,3,%C4%B0stanbul_Ba%C5%9Fak%C5%9Fehir_F.K.,İstanbul Başakşehir,2017–2021,2017,2021,no
İrfan Can Kahveci,Turkey,UEFA,4,Fenerbah%C3%A7e_S.K._(football),Fenerbahçe,2021–,2021,,no
İrfan Can Kahveci,Turkey,UEFA,5,Kas%C4%B1mpa%C5%9Fa_S.K.,Kasımpaşa,2026–,2026,,yes
Mert Müldür,Turkey,UEFA,1,SK_Rapid_Wien,Rapid Wien II,2017–2018,2017,2018,no
Mert Müldür,Turkey,UEFA,2,SK_Rapid_Wien,Rapid Wien,2018–2019,2018,2019,no
Mert Müldür,Turkey,UEFA,3,US_Sassuolo_Calcio,Sassuolo,2019–2023,2019,2023,no
Mert Müldür,Turkey,UEFA,4,Fenerbah%C3%A7e_S.K._(football),Fenerbahçe,2023–,2023,,no
Yunus Akgün,Turkey,UEFA,1,Galatasaray_S.K._(football),Galatasaray,2018–,2018,,no
Yunus Akgün,Turkey,UEFA,2,Adana_Demirspor,Adana Demirspor,2020–2022,2020,2022,yes
Yunus Akgün,Turkey,UEFA,3,Leicester_City_F.C.,Leicester City,2023–2024,2023,2024,yes
Ferdi Kadıoğlu,Turkey,UEFA,1,NEC_Nijmegen,NEC,2016–2018,2016,2018,no
Ferdi Kadıoğlu,Turkey,UEFA,2,Fenerbah%C3%A7e_S.K._(football),Fenerbahçe,2018–2024,2018,2024,no
Ferdi Kadıoğlu,Turkey,UEFA,3,Brighton_%26_Hove_Albion_F.C.,Brighton & Hove Albion,2024–,2024,,no
Barış Alper Yılmaz,Turkey,UEFA,1,Ankara_Demirspor,Ankara Demirspor,2017–2020,2017,2020,no
Barış Alper Yılmaz,Turkey,UEFA,2,Ankara_Ke%C3%A7i%C3%B6reng%C3%BCc%C3%BC,Ankara Keçiörengücü,2020–2021,2020,2021,no
Barış Alper Yılmaz,Turkey,UEFA,3,Galatasaray_S.K._(football),Galatasaray,2021–,2021,,no
Kaan Ayhan,Turkey,UEFA,1,FC_Schalke_04_II,Schalke 04 II,2013,2013,2013,no
Kaan Ayhan,Turkey,UEFA,2,FC_Schalke_04,Schalke 04,2013–2016,2013,2016,no
Kaan Ayhan,Turkey,UEFA,3,Eintracht_Frankfurt,Eintracht Frankfurt,2016,2016,2016,yes
Kaan Ayhan,Turkey,UEFA,4,Fortuna_D%C3%BCsseldorf,Fortuna Düsseldorf,2016–2020,2016,2020,no
Kaan Ayhan,Turkey,UEFA,5,U.S._Sassuolo_Calcio,Sassuolo,2020–2023,2020,2023,no
Kaan Ayhan,Turkey,UEFA,6,Galatasaray_S.K._(football),Galatasaray,2023,2023,2023,yes
Kaan Ayhan,Turkey,UEFA,7,Galatasaray_S.K._(football),Galatasaray,2023–,2023,,no
Uğurcan Çakır,Turkey,UEFA,1,Trabzonspor,Trabzonspor,2014–2025,2014,2025,no
Uğurcan Çakır,Turkey,UEFA,2,1461_Trabzon,1461 Trabzon,2016,2016,2016,yes
Uğurcan Çakır,Turkey,UEFA,3,Galatasaray_S.K._(football),Galatasaray,2025–,2025,,no
Oğuz Aydın,Turkey,UEFA,1,Bucaspor,Bucaspor,2018–2019,2018,2019,no
Oğuz Aydın,Turkey,UEFA,2,Bucaspor_1928,Bucaspor 1928,2019–2021,2019,2021,no
Oğuz Aydın,Turkey,UEFA,3,Karacabey_Belediyespor,Karacabey Belediyespor,2019–2020,2019,2020,yes
Oğuz Aydın,Turkey,UEFA,4,Alanyaspor,Alanyaspor,2021–2024,2021,2024,no
Oğuz Aydın,Turkey,UEFA,5,Fenerbah%C3%A7e_S.K._(football),Fenerbahçe,2024–,2024,,no
Samet Akaydin,Turkey,UEFA,1,Arsinspor,Arsinspor,2013–2014,2013,2014,no
Samet Akaydin,Turkey,UEFA,2,Sancaktepe_FK,Sancaktepe,2014–2018,2014,2018,no
Samet Akaydin,Turkey,UEFA,3,%C5%9Eanl%C4%B1urfaspor,Şanlıurfaspor,2018–2019,2018,2019,no
Samet Akaydin,Turkey,UEFA,4,Ankara_Ke%C3%A7i%C3%B6reng%C3%BCc%C3%BC_S.K.,Ankara Keçiörengücü,2019–2021,2019,2021,no
Samet Akaydin,Turkey,UEFA,5,Adana_Demirspor,Adana Demirspor,2021–2023,2021,2023,no
Samet Akaydin,Turkey,UEFA,6,Fenerbah%C3%A7e_S.K._(football),Fenerbahçe,2023–2025,2023,2025,no
Samet Akaydin,Turkey,UEFA,7,Panathinaikos_F.C.,Panathinaikos,2024,2024,2024,yes
Samet Akaydin,Turkey,UEFA,8,%C3%87aykur_Rizespor,Çaykur Rizespor,2025–,2025,,no
Can Uzun,Turkey,UEFA,1,1._FC_N%C3%BCrnberg_II,1. FC Nürnberg II,2023,2023,2023,no
Can Uzun,Turkey,UEFA,2,1._FC_N%C3%BCrnberg,1. FC Nürnberg,2023–2024,2023,2024,no
Can Uzun,Turkey,UEFA,3,Eintracht_Frankfurt,Eintracht Frankfurt,2024–,2024,,no
Matt Turner,United States,CONCACAF,1,Jersey_Express_S.C.,Jersey Express,2014–2015,2014,2015,no
Matt Turner,United States,CONCACAF,2,New_England_Revolution,New England Revolution,2016–2022,2016,2022,no
Matt Turner,United States,CONCACAF,3,Richmond_Kickers,Richmond Kickers,2016–2017,2016,2017,yes
Matt Turner,United States,CONCACAF,4,Arsenal_F.C.,Arsenal,2022–2023,2022,2023,no
Matt Turner,United States,CONCACAF,5,Nottingham_Forest_F.C.,Nottingham Forest,2023–2025,2023,2025,no
Matt Turner,United States,CONCACAF,6,Crystal_Palace_F.C.,Crystal Palace,2024–2025,2024,2025,yes
Matt Turner,United States,CONCACAF,7,Olympique_Lyonnais,Lyon,2025–,2025,,no
Matt Turner,United States,CONCACAF,8,New_England_Revolution,New England Revolution,2025–,2025,,yes
Sergiño Dest,United States,CONCACAF,1,Jong_Ajax,Jong Ajax,2018–2020,2018,2020,no
Sergiño Dest,United States,CONCACAF,2,AFC_Ajax,Ajax,2019–2020,2019,2020,no
Sergiño Dest,United States,CONCACAF,3,FC_Barcelona,Barcelona,2020–2024,2020,2024,no
Sergiño Dest,United States,CONCACAF,4,AC_Milan,AC Milan,2022–2023,2022,2023,yes
Sergiño Dest,United States,CONCACAF,5,PSV_Eindhoven,PSV,2023–2024,2023,2024,yes
Sergiño Dest,United States,CONCACAF,6,PSV_Eindhoven,PSV,2024–,2024,,no
Chris Richards,United States,CONCACAF,1,FC_Bayern_Munich_II,Bayern Munich II,2019–2021,2019,2021,no
Chris Richards,United States,CONCACAF,2,FC_Bayern_Munich,Bayern Munich,2020–2022,2020,2022,no
Chris Richards,United States,CONCACAF,3,TSG_1899_Hoffenheim,TSG Hoffenheim,2021,2021,2021,yes
Chris Richards,United States,CONCACAF,4,TSG_1899_Hoffenheim,TSG Hoffenheim,2021–2022,2021,2022,yes
Chris Richards,United States,CONCACAF,5,Crystal_Palace_F.C.,Crystal Palace,2022–,2022,,no
Tyler Adams,United States,CONCACAF,1,New_York_Red_Bulls_II,New York Red Bulls II,2015–2016,2015,2016,no
Tyler Adams,United States,CONCACAF,2,New_York_Red_Bulls,New York Red Bulls,2016–2019,2016,2019,no
Tyler Adams,United States,CONCACAF,3,RB_Leipzig,RB Leipzig,2019–2022,2019,2022,no
Tyler Adams,United States,CONCACAF,4,Leeds_United_F.C.,Leeds United,2022–2023,2022,2023,no
Tyler Adams,United States,CONCACAF,5,AFC_Bournemouth,Bournemouth,2023–,2023,,no
Antonee Robinson,United States,CONCACAF,1,Everton_F.C.,Everton,2015–2019,2015,2019,no
Antonee Robinson,United States,CONCACAF,2,Bolton_Wanderers_F.C.,Bolton Wanderers,2017–2018,2017,2018,yes
Antonee Robinson,United States,CONCACAF,3,Wigan_Athletic_F.C.,Wigan Athletic,2018–2019,2018,2019,yes
Antonee Robinson,United States,CONCACAF,4,Wigan_Athletic_F.C.,Wigan Athletic,2019–2020,2019,2020,no
Antonee Robinson,United States,CONCACAF,5,Fulham_F.C.,Fulham,2020–,2020,,no
Auston Trusty,United States,CONCACAF,1,Philadelphia_Union_II,Bethlehem Steel,2016–2017,2016,2017,no
Auston Trusty,United States,CONCACAF,2,Philadelphia_Union,Philadelphia Union,2017–2019,2017,2019,no
Auston Trusty,United States,CONCACAF,3,Colorado_Rapids,Colorado Rapids,2019–2022,2019,2022,no
Auston Trusty,United States,CONCACAF,4,Arsenal_F.C.,Arsenal,2022–2023,2022,2023,no
Auston Trusty,United States,CONCACAF,5,Colorado_Rapids,Colorado Rapids,2022,2022,2022,yes
Auston Trusty,United States,CONCACAF,6,Birmingham_City_F.C.,Birmingham City,2022–2023,2022,2023,yes
Auston Trusty,United States,CONCACAF,7,Sheffield_United_F.C.,Sheffield United,2023–2024,2023,2024,no
Auston Trusty,United States,CONCACAF,8,Celtic_F.C.,Celtic,2024–,2024,,no
Giovanni Reyna,United States,CONCACAF,1,Borussia_Dortmund,Borussia Dortmund,2020–2025,2020,2025,no
Giovanni Reyna,United States,CONCACAF,2,Nottingham_Forest_F.C.,Nottingham Forest,2024,2024,2024,yes
Giovanni Reyna,United States,CONCACAF,3,Borussia_M%C3%B6nchengladbach,Borussia Mönchengladbach,2025–,2025,,no
Weston McKennie,United States,CONCACAF,1,FC_Schalke_04,Schalke 04,2017–2021,2017,2021,no
Weston McKennie,United States,CONCACAF,2,Juventus_FC,Juventus,2020–2021,2020,2021,yes
Weston McKennie,United States,CONCACAF,3,Juventus_FC,Juventus,2021–,2021,,no
Weston McKennie,United States,CONCACAF,4,Leeds_United_F.C.,Leeds United,2023,2023,2023,yes
Ricardo Pepi,United States,CONCACAF,1,FC_Dallas,FC Dallas,2019–2021,2019,2021,no
Ricardo Pepi,United States,CONCACAF,2,North_Texas_SC,North Texas SC,2019–2020,2019,2020,no
Ricardo Pepi,United States,CONCACAF,3,FC_Augsburg,FC Augsburg,2022–2023,2022,2023,no
Ricardo Pepi,United States,CONCACAF,4,FC_Groningen,Groningen,2022–2023,2022,2023,yes
Ricardo Pepi,United States,CONCACAF,5,Jong_PSV,Jong PSV,2023–2024,2023,2024,no
Ricardo Pepi,United States,CONCACAF,6,PSV_Eindhoven,PSV,2023–,2023,,no
Christian Pulisic,United States,CONCACAF,1,Borussia_Dortmund,Borussia Dortmund,2016–2019,2016,2019,no
Christian Pulisic,United States,CONCACAF,2,Chelsea_F.C.,Chelsea,2019–2023,2019,2023,no
Christian Pulisic,United States,CONCACAF,3,AC_Milan,AC Milan,2023–,2023,,no
Brenden Aaronson,United States,CONCACAF,1,Philadelphia_Union_II,Bethlehem Steel,2017–2018,2017,2018,no
Brenden Aaronson,United States,CONCACAF,2,Philadelphia_Union,Philadelphia Union,2019–2020,2019,2020,no
Brenden Aaronson,United States,CONCACAF,3,FC_Red_Bull_Salzburg,Red Bull Salzburg,2021–2022,2021,2022,no
Brenden Aaronson,United States,CONCACAF,4,Leeds_United_F.C.,Leeds United,2022–,2022,,no
Brenden Aaronson,United States,CONCACAF,5,1._FC_Union_Berlin,Union Berlin,2023–2024,2023,2024,yes
Miles Robinson,United States,CONCACAF,1,Boston_Bolts_(USL),FC Boston,2016,2016,2016,no
Miles Robinson,United States,CONCACAF,2,Atlanta_United_FC,Atlanta United,2017–2023,2017,2023,no
Miles Robinson,United States,CONCACAF,3,Charleston_Battery,Charleston Battery,2017,2017,2017,yes
Miles Robinson,United States,CONCACAF,4,Atlanta_United_2,Atlanta United 2,2018,2018,2018,yes
Miles Robinson,United States,CONCACAF,5,FC_Cincinnati,FC Cincinnati,2024–,2024,,no
Tim Ream,United States,CONCACAF,1,Chicago_Fire_Premier,Chicago Fire Premier,2008–2009,2008,2009,no
Tim Ream,United States,CONCACAF,2,New_York_Red_Bulls,New York Red Bulls,2010–2011,2010,2011,no
Tim Ream,United States,CONCACAF,3,Bolton_Wanderers_F.C.,Bolton Wanderers,2012–2015,2012,2015,no
Tim Ream,United States,CONCACAF,4,Fulham_F.C.,Fulham,2015–2024,2015,2024,no
Tim Ream,United States,CONCACAF,5,Charlotte_FC,Charlotte,2024–,2024,,no
Sebastian Berhalter,United States,CONCACAF,1,Columbus_Crew,Columbus Crew,2020–2021,2020,2021,no
Sebastian Berhalter,United States,CONCACAF,2,Austin_FC,Austin FC,2021,2021,2021,yes
Sebastian Berhalter,United States,CONCACAF,3,Vancouver_Whitecaps_FC,Vancouver Whitecaps,2022–,2022,,no
Sebastian Berhalter,United States,CONCACAF,4,Whitecaps_FC_2,Whitecaps 2,2022,2022,2022,yes
Cristian Roldan,United States,CONCACAF,1,Washington_Crossfire,Washington Crossfire,2013–2014,2013,2014,no
Cristian Roldan,United States,CONCACAF,2,Seattle_Sounders_FC_2,Seattle Sounders FC 2,2015,2015,2015,no
Cristian Roldan,United States,CONCACAF,3,Seattle_Sounders_FC,Seattle Sounders FC,2015–,2015,,no
Alex Freeman,United States,CONCACAF,1,Orlando_City_SC,Orlando City,2022–2026,2022,2026,no
Alex Freeman,United States,CONCACAF,2,Orlando_City_B,Orlando City B,2022–2024,2022,2024,yes
Alex Freeman,United States,CONCACAF,3,Villarreal_CF,Villarreal,2026–,2026,,no
Malik Tillman,United States,CONCACAF,1,FC_Bayern_Munich_II,Bayern Munich II,2020–2022,2020,2022,no
Malik Tillman,United States,CONCACAF,2,FC_Bayern_Munich,Bayern Munich,2021–2024,2021,2024,no
Malik Tillman,United States,CONCACAF,3,Rangers_F.C.,Rangers,2022–2023,2022,2023,yes
Malik Tillman,United States,CONCACAF,4,Jong_PSV,Jong PSV,2023,2023,2023,yes
Malik Tillman,United States,CONCACAF,5,PSV_Eindhoven,PSV,2023–2024,2023,2024,yes
Malik Tillman,United States,CONCACAF,6,PSV_Eindhoven,PSV,2024–2025,2024,2025,no
Malik Tillman,United States,CONCACAF,7,Bayer_04_Leverkusen,Bayer Leverkusen,2025–,2025,,no
Max Arfsten,United States,CONCACAF,1,San_Jose_Earthquakes_II,San Jose Earthquakes II,2022,2022,2022,no
Max Arfsten,United States,CONCACAF,2,Columbus_Crew,Columbus Crew,2023–,2023,,no
Max Arfsten,United States,CONCACAF,3,Columbus_Crew_2,Columbus Crew 2,2023,2023,2023,yes
Haji Wright,United States,CONCACAF,1,New_York_Cosmos_(2013%E2%80%932020),New York Cosmos,2015,2015,2015,no
Haji Wright,United States,CONCACAF,2,FC_Schalke_04_II,Schalke 04 II,2017–2019,2017,2019,no
Haji Wright,United States,CONCACAF,3,FC_Schalke_04,Schalke 04,2017–2019,2017,2019,no
Haji Wright,United States,CONCACAF,4,SV_Sandhausen,SV Sandhausen,2017–2018,2017,2018,yes
Haji Wright,United States,CONCACAF,5,VVV-Venlo,VVV-Venlo,2019–2020,2019,2020,no
Haji Wright,United States,CONCACAF,6,S%C3%B8nderjyske_Fodbold,Sønderjyske,2020–2022,2020,2022,no
Haji Wright,United States,CONCACAF,7,Antalyaspor,Antalyaspor,2021–2022,2021,2022,yes
Haji Wright,United States,CONCACAF,8,Antalyaspor,Antalyaspor,2022–2023,2022,2023,no
Haji Wright,United States,CONCACAF,9,Coventry_City_F.C.,Coventry City,2023–,2023,,no
Folarin Balogun,United States,CONCACAF,1,Arsenal_F.C.,Arsenal,2020–2023,2020,2023,no
Folarin Balogun,United States,CONCACAF,2,Middlesbrough_F.C.,Middlesbrough,2022,2022,2022,yes
Folarin Balogun,United States,CONCACAF,3,Stade_de_Reims,Reims,2022–2023,2022,2023,yes
Folarin Balogun,United States,CONCACAF,4,AS_Monaco_FC,Monaco,2023–,2023,,no
Timothy Weah,United States,CONCACAF,1,Paris_Saint-Germain_Academy,Paris Saint-Germain B,2017–2018,2017,2018,no
Timothy Weah,United States,CONCACAF,2,Paris_Saint-Germain_F.C.,Paris Saint-Germain,2018–2019,2018,2019,no
Timothy Weah,United States,CONCACAF,3,Celtic_F.C.,Celtic,2019,2019,2019,yes
Timothy Weah,United States,CONCACAF,4,Lille_OSC,Lille,2019–2023,2019,2023,no
Timothy Weah,United States,CONCACAF,5,Juventus_FC,Juventus,2023–,2023,,no
Timothy Weah,United States,CONCACAF,6,Olympique_de_Marseille,Marseille,2025–,2025,,yes
Mark McKenzie,United States,CONCACAF,1,Bethlehem_Steel_FC,Bethlehem Steel,2016–2019,2016,2019,no
Mark McKenzie,United States,CONCACAF,2,Philadelphia_Union,Philadelphia Union,2018–2020,2018,2020,no
Mark McKenzie,United States,CONCACAF,3,KRC_Genk,Genk,2021–2024,2021,2024,no
Mark McKenzie,United States,CONCACAF,4,Toulouse_FC,Toulouse,2024–,2024,,no
Joe Scally,United States,CONCACAF,1,New_York_City_FC,New York City FC,2018–2020,2018,2020,no
Joe Scally,United States,CONCACAF,2,Borussia_M%C3%B6nchengladbach_II,Borussia Mönchengladbach II,2021,2021,2021,no
Joe Scally,United States,CONCACAF,3,Borussia_M%C3%B6nchengladbach,Borussia Mönchengladbach,2021–,2021,,no
Matt Freese,United States,CONCACAF,1,Philadelphia_Union_II,Bethlehem Steel,2017,2017,2017,no
Matt Freese,United States,CONCACAF,2,Philadelphia_Union,Philadelphia Union,2019–2022,2019,2022,no
Matt Freese,United States,CONCACAF,3,Philadelphia_Union_II,Philadelphia Union II,2019–2022,2019,2022,no
Matt Freese,United States,CONCACAF,4,New_York_City_FC,New York City FC,2023–,2023,,no
Chris Brady,United States,CONCACAF,1,Chicago_Fire_FC,Chicago Fire,2020–,2020,,no
Chris Brady,United States,CONCACAF,2,Forward_Madison_FC,Forward Madison,2020–2021,2020,2021,yes
Chris Brady,United States,CONCACAF,3,Chicago_Fire_FC_II,Chicago Fire II,2022,2022,2022,yes
Alejandro Zendejas,United States,CONCACAF,1,FC_Dallas,FC Dallas,2015–2016,2015,2016,no
Alejandro Zendejas,United States,CONCACAF,2,C.D._Guadalajara,Guadalajara,2016–2020,2016,2020,no
Alejandro Zendejas,United States,CONCACAF,3,Atl%C3%A9tico_Zacatepec,Zacatepec,2017–2018,2017,2018,yes
Alejandro Zendejas,United States,CONCACAF,4,Club_Necaxa,Necaxa,2020–2021,2020,2021,no
Alejandro Zendejas,United States,CONCACAF,5,Club_Am%C3%A9rica,América,2022–,2022,,no
Eloy Room,Curaçao,Unknown,1,SBV_Vitesse,Vitesse,2008–2017,2008,2017,no
Eloy Room,Curaçao,Unknown,2,Go_Ahead_Eagles,Go Ahead Eagles,2013–2014,2013,2014,yes
Eloy Room,Curaçao,Unknown,3,PSV_Eindhoven,PSV,2017–2019,2017,2019,no
Eloy Room,Curaçao,Unknown,4,Jong_PSV,Jong PSV,2017–2018,2017,2018,no
Eloy Room,Curaçao,Unknown,5,Columbus_Crew,Columbus Crew,2019–2023,2019,2023,no
Eloy Room,Curaçao,Unknown,6,SBV_Vitesse,Vitesse,2023–2024,2023,2024,no
Eloy Room,Curaçao,Unknown,7,Cercle_Brugge_KSV,Cercle Brugge,2024–2025,2024,2025,no
Eloy Room,Curaçao,Unknown,8,Miami_FC,Miami FC,2026–,2026,,no
Shurandy Sambo,Curaçao,Unknown,1,Jong_PSV,Jong PSV,2020–2024,2020,2024,no
Shurandy Sambo,Curaçao,Unknown,2,PSV_Eindhoven,PSV,2020–2024,2020,2024,no
Shurandy Sambo,Curaçao,Unknown,3,Sparta_Rotterdam,Sparta Rotterdam,2022–2023,2022,2023,yes
Shurandy Sambo,Curaçao,Unknown,4,Burnley_F.C.,Burnley,2024–,2024,,no
Shurandy Sambo,Curaçao,Unknown,5,Sparta_Rotterdam,Sparta Rotterdam,2025–2026,2025,2026,yes
Juriën Gaari,Curaçao,Unknown,1,VV_Smitshoek,Smitshoek,2012–2014,2012,2014,no
Juriën Gaari,Curaçao,Unknown,2,Kozakken_Boys,Kozakken Boys,2014–2018,2014,2018,no
Juriën Gaari,Curaçao,Unknown,3,RKC_Waalwijk,RKC Waalwijk,2018–2024,2018,2024,no
Juriën Gaari,Curaçao,Unknown,4,Al-Hazem_F.C.,Al-Hazem,2024–2025,2024,2025,no
Juriën Gaari,Curaçao,Unknown,5,Abha_Club,Abha,2025–,2025,,no
Roshon van Eijma,Curaçao,Unknown,1,Roda_JC_Kerkrade,Roda JC,2018–2020,2018,2020,no
Roshon van Eijma,Curaçao,Unknown,2,SC_Preu%C3%9Fen_M%C3%BCnster,Preußen Münster,2020–2021,2020,2021,no
Roshon van Eijma,Curaçao,Unknown,3,TOP_Oss,TOP Oss,2021–2024,2021,2024,no
Roshon van Eijma,Curaçao,Unknown,4,RKC_Waalwijk,RKC Waalwijk,2024–,2024,,no
Sherel Floranus,Curaçao,Unknown,1,Sparta_Rotterdam,Sparta Rotterdam,2015–2018,2015,2018,no
Sherel Floranus,Curaçao,Unknown,2,Sparta_Rotterdam,Jong Sparta,2016,2016,2016,no
Sherel Floranus,Curaçao,Unknown,3,SC_Heerenveen,SC Heerenveen,2018–2021,2018,2021,no
Sherel Floranus,Curaçao,Unknown,4,Antalyaspor,Antalyaspor,2021–2023,2021,2023,no
Sherel Floranus,Curaçao,Unknown,5,Almere_City_FC,Almere City,2023–2024,2023,2024,no
Sherel Floranus,Curaçao,Unknown,6,PEC_Zwolle,PEC Zwolle,2024–,2024,,no
Godfried Roemeratoe,Curaçao,Unknown,1,Jong_FC_Twente,Jong FC Twente,2017–2018,2017,2018,no
Godfried Roemeratoe,Curaçao,Unknown,2,FC_Twente,Twente,2017–2022,2017,2022,no
Godfried Roemeratoe,Curaçao,Unknown,3,Willem_II_Tilburg,Willem II,2021–2022,2021,2022,yes
Godfried Roemeratoe,Curaçao,Unknown,4,Hapoel_Tel_Aviv_F.C.,Hapoel Tel Aviv,2022–2023,2022,2023,no
Godfried Roemeratoe,Curaçao,Unknown,5,RKC_Waalwijk,RKC Waalwijk,2023–,2023,,no
Juninho Bacuna,Curaçao,Unknown,1,FC_Groningen,Groningen,2015–2018,2015,2018,no
Juninho Bacuna,Curaçao,Unknown,2,Huddersfield_Town_A.F.C.,Huddersfield Town,2018–2021,2018,2021,no
Juninho Bacuna,Curaçao,Unknown,3,Rangers_F.C.,Rangers,2021–2022,2021,2022,no
Juninho Bacuna,Curaçao,Unknown,4,Birmingham_City_F.C.,Birmingham City,2022–2024,2022,2024,no
Juninho Bacuna,Curaçao,Unknown,5,Al-Wehda_FC,Al-Wehda,2024–2025,2024,2025,no
Juninho Bacuna,Curaçao,Unknown,6,Gaziantep_F.K.,Gaziantep,2025–,2025,,no
Juninho Bacuna,Curaçao,Unknown,7,FC_Volendam,Volendam,2026–,2026,,yes
Livano Comenencia,Curaçao,Unknown,1,Jong_PSV,Jong PSV,2021–2023,2021,2023,no
Livano Comenencia,Curaçao,Unknown,2,Juventus_Next_Gen,Juventus Next Gen,2023–2025,2023,2025,no
Livano Comenencia,Curaçao,Unknown,3,FC_Z%C3%BCrich,Zürich,2025–,2025,,no
Jürgen Locadia,Curaçao,Unknown,1,PSV_Eindhoven,PSV,2011–2018,2011,2018,no
Jürgen Locadia,Curaçao,Unknown,2,Brighton_and_Hove_Albion_F.C.,Brighton & Hove Albion,2018–2022,2018,2022,no
Jürgen Locadia,Curaçao,Unknown,3,TSG_1899_Hoffenheim,Hoffenheim,2019–2020,2019,2020,yes
Jürgen Locadia,Curaçao,Unknown,4,FC_Cincinnati,FC Cincinnati,2020–2021,2020,2021,yes
Jürgen Locadia,Curaçao,Unknown,5,VfL_Bochum,Bochum,2022,2022,2022,no
Jürgen Locadia,Curaçao,Unknown,6,Persepolis_F.C.,Persepolis,2022,2022,2022,no
Jürgen Locadia,Curaçao,Unknown,7,Cangzhou_Mighty_Lions_F.C.,Cangzhou Mighty Lions,2023,2023,2023,no
Jürgen Locadia,Curaçao,Unknown,8,SD_Amorebieta,Amorebieta,2024,2024,2024,no
Jürgen Locadia,Curaçao,Unknown,9,CF_Intercity,Intercity,2024–2025,2024,2025,no
Jürgen Locadia,Curaçao,Unknown,10,Miami_FC,Miami FC,2026–,2026,,no
Leandro Bacuna,Curaçao,Unknown,1,FC_Groningen,Groningen,2009–2013,2009,2013,no
Leandro Bacuna,Curaçao,Unknown,2,Aston_Villa_F.C.,Aston Villa,2013–2017,2013,2017,no
Leandro Bacuna,Curaçao,Unknown,3,Reading_F.C.,Reading,2017–2019,2017,2019,no
Leandro Bacuna,Curaçao,Unknown,4,Cardiff_City_F.C.,Cardiff City,2019–2022,2019,2022,no
Leandro Bacuna,Curaçao,Unknown,5,Watford_F.C.,Watford,2022–2023,2022,2023,no
Leandro Bacuna,Curaçao,Unknown,6,FC_Groningen,Groningen,2023–2025,2023,2025,no
Leandro Bacuna,Curaçao,Unknown,7,Band%C4%B1rmaspor,Bandırmaspor,2025,2025,2025,no
Leandro Bacuna,Curaçao,Unknown,8,I%C4%9Fd%C4%B1r_F.K.,Iğdır FK,2026–,2026,,no
Jeremy Antonisse,Curaçao,Unknown,1,Jong_PSV,Jong PSV,2020–2023,2020,2023,no
Jeremy Antonisse,Curaçao,Unknown,2,PSV_Eindhoven,PSV,2021–2023,2021,2023,no
Jeremy Antonisse,Curaçao,Unknown,3,FC_Emmen,Emmen,2023,2023,2023,yes
Jeremy Antonisse,Curaçao,Unknown,4,Moreirense_F.C.,Moreirense,2023–2025,2023,2025,no
Jeremy Antonisse,Curaçao,Unknown,5,A.E._Kifisia_F.C.,A.E. Kifisia,2025–,2025,,no
Sontje Hansen,Curaçao,Unknown,1,Jong_Ajax,Jong Ajax,2019–2023,2019,2023,no
Sontje Hansen,Curaçao,Unknown,2,AFC_Ajax,Ajax,2019–2023,2019,2023,no
Sontje Hansen,Curaçao,Unknown,3,NEC_Nijmegen,NEC,2023–2025,2023,2025,no
Sontje Hansen,Curaçao,Unknown,4,Middlesbrough_F.C.,Middlesbrough,2025–,2025,,no
Tyrese Noslin,Curaçao,Unknown,1,Almere_City_FC,Jong Almere City,2020–2024,2020,2024,no
Tyrese Noslin,Curaçao,Unknown,2,SC_Telstar,Telstar,2024–,2024,,no
Kenji Gorré,Curaçao,Unknown,1,Swansea_City_A.F.C.,Swansea City,2014–2018,2014,2018,no
Kenji Gorré,Curaçao,Unknown,2,ADO_Den_Haag,ADO Den Haag,2015–2016,2015,2016,yes
Kenji Gorré,Curaçao,Unknown,3,Northampton_Town_F.C.,Northampton Town,2016–2017,2016,2017,yes
Kenji Gorré,Curaçao,Unknown,4,C.D._Nacional,Nacional,2018–2021,2018,2021,no
Kenji Gorré,Curaçao,Unknown,5,G.D._Estoril_Praia,Estoril,2019,2019,2019,yes
Kenji Gorré,Curaçao,Unknown,6,Boavista_F.C.,Boavista,2021–2023,2021,2023,no
Kenji Gorré,Curaçao,Unknown,7,Umm_Salal_SC,Umm Salal,2023–2025,2023,2025,no
Kenji Gorré,Curaçao,Unknown,8,Maccabi_Haifa_F.C.,Maccabi Haifa,2025–,2025,,no
Ar'jany Martha,Curaçao,Unknown,1,Jong_Ajax,Jong Ajax,2020–2024,2020,2024,no
Ar'jany Martha,Curaçao,Unknown,2,AFC_Ajax,Ajax,2023–2024,2023,2024,no
Ar'jany Martha,Curaçao,Unknown,3,K_Beerschot_VA,Beerschot,2024–2025,2024,2025,no
Ar'jany Martha,Curaçao,Unknown,4,Rotherham_United,Rotherham United,2025–,2025,,no
Jearl Margaritha,Curaçao,Unknown,1,VV_Hoogeveen,VV Hoogeveen,2019–2020,2019,2020,no
Jearl Margaritha,Curaçao,Unknown,2,Almere_City_FC,Almere City,2020–2021,2020,2021,no
Jearl Margaritha,Curaçao,Unknown,3,TOP_Oss,TOP Oss,2021–2023,2021,2023,no
Jearl Margaritha,Curaçao,Unknown,4,Sabah_FC_(Azerbaijan),Sabah,2023–2024,2023,2024,no
Jearl Margaritha,Curaçao,Unknown,5,Phoenix_Rising_FC,Phoenix Rising,2024–2025,2024,2025,no
Jearl Margaritha,Curaçao,Unknown,6,SK_Beveren,Beveren,2025–,2025,,no
Brandley Kuwas,Curaçao,Unknown,1,FC_Volendam,Volendam,2012–2015,2012,2015,no
Brandley Kuwas,Curaçao,Unknown,2,SBV_Excelsior,Excelsior,2015–2016,2015,2016,no
Brandley Kuwas,Curaçao,Unknown,3,Heracles_Almelo,Heracles Almelo,2016–2019,2016,2019,no
Brandley Kuwas,Curaçao,Unknown,4,Al-Nasr_Dubai_SC,Al Nasr,2019–2021,2019,2021,no
Brandley Kuwas,Curaçao,Unknown,5,Al_Jazira_Club,Al Jazira,2021,2021,2021,yes
Brandley Kuwas,Curaçao,Unknown,6,Maccabi_Tel_Aviv_F.C.,Maccabi Tel Aviv,2021–2022,2021,2022,no
Brandley Kuwas,Curaçao,Unknown,7,Giresunspor,Giresunspor,2022–2024,2022,2024,no
Brandley Kuwas,Curaçao,Unknown,8,FC_Volendam,Volendam,2024–,2024,,no
Armando Obispo,Curaçao,Unknown,1,Jong_PSV,Jong PSV,2016–2021,2016,2021,no
Armando Obispo,Curaçao,Unknown,2,PSV_Eindhoven,PSV,2018–,2018,,no
Armando Obispo,Curaçao,Unknown,3,SBV_Vitesse,Vitesse,2019–2020,2019,2020,yes
Gervane Kastaneer,Curaçao,Unknown,1,FC_Dordrecht,Dordrecht,2012–2013,2012,2013,no
Gervane Kastaneer,Curaçao,Unknown,2,ADO_Den_Haag,ADO Den Haag,2013–2017,2013,2017,no
Gervane Kastaneer,Curaçao,Unknown,3,FC_Eindhoven,FC Eindhoven,2016,2016,2016,yes
Gervane Kastaneer,Curaçao,Unknown,4,1._FC_Kaiserslautern,Kaiserslautern,2017–2018,2017,2018,no
Gervane Kastaneer,Curaçao,Unknown,5,1._FC_Kaiserslautern_II,Kaiserslautern II,2017–2018,2017,2018,yes
Gervane Kastaneer,Curaçao,Unknown,6,NAC_Breda,NAC,2018–2019,2018,2019,no
Gervane Kastaneer,Curaçao,Unknown,7,Coventry_City_F.C.,Coventry City,2019–2021,2019,2021,no
Gervane Kastaneer,Curaçao,Unknown,8,Heart_of_Midlothian_F.C.,Hearts,2021,2021,2021,yes
Gervane Kastaneer,Curaçao,Unknown,9,PEC_Zwolle,PEC Zwolle,2021–2023,2021,2023,no
Gervane Kastaneer,Curaçao,Unknown,10,CD_Castell%C3%B3n,Castellón,2023–2025,2023,2025,no
Gervane Kastaneer,Curaçao,Unknown,11,Persib_Bandung,Persib Bandung,2025,2025,2025,no
Gervane Kastaneer,Curaçao,Unknown,12,Persis_Solo,Persis Solo,2025–2026,2025,2026,no
Gervane Kastaneer,Curaçao,Unknown,13,Terengganu_FC,Terengganu,2026–,2026,,no
Joshua Brenet,Curaçao,Unknown,1,Jong_PSV,Jong PSV,2013–2015,2013,2015,no
Joshua Brenet,Curaçao,Unknown,2,PSV_Eindhoven,PSV,2012–2018,2012,2018,no
Joshua Brenet,Curaçao,Unknown,3,TSG_1899_Hoffenheim,TSG Hoffenheim,2018–2022,2018,2022,no
Joshua Brenet,Curaçao,Unknown,4,SBV_Vitesse,Vitesse,2020–2021,2020,2021,yes
Joshua Brenet,Curaçao,Unknown,5,TSG_1899_Hoffenheim_II,TSG Hoffenheim II,2021–2022,2021,2022,no
Joshua Brenet,Curaçao,Unknown,6,FC_Twente,Twente,2022–2024,2022,2024,no
Joshua Brenet,Curaçao,Unknown,7,Al-Rayyan_SC,Al-Rayyan,2024–2025,2024,2025,no
Joshua Brenet,Curaçao,Unknown,8,Livingston_F.C.,Livingston,2025–2026,2025,2026,no
Joshua Brenet,Curaçao,Unknown,9,Kayserispor,Kayserispor,2026-,2026,,no
Tahith Chong,Curaçao,Unknown,1,Manchester_United_F.C.,Manchester United,2019–2022,2019,2022,no
Tahith Chong,Curaçao,Unknown,2,SV_Werder_Bremen,Werder Bremen,2020–2021,2020,2021,yes
Tahith Chong,Curaçao,Unknown,3,Club_Brugge_KV,Club Brugge,2021,2021,2021,yes
Tahith Chong,Curaçao,Unknown,4,Birmingham_City_F.C.,Birmingham City,2021–2022,2021,2022,yes
Tahith Chong,Curaçao,Unknown,5,Birmingham_City_F.C.,Birmingham City,2022–2023,2022,2023,no
Tahith Chong,Curaçao,Unknown,6,Luton_Town_F.C.,Luton Town,2023–2025,2023,2025,no
Tahith Chong,Curaçao,Unknown,7,Sheffield_United_F.C.,Sheffield United,2025–,2025,,no
Kevin Felida,Curaçao,Unknown,1,FC_Den_Bosch,Den Bosch,2018–2022,2018,2022,no
Kevin Felida,Curaçao,Unknown,2,RKC_Waalwijk,RKC Waalwijk,2022–2025,2022,2025,no
Kevin Felida,Curaçao,Unknown,3,FC_Den_Bosch,Den Bosch,2025–,2025,,no
Riechedly Bazoer,Curaçao,Unknown,1,AFC_Ajax,Ajax,2013–2017,2013,2017,no
Riechedly Bazoer,Curaçao,Unknown,2,Jong_Ajax,Jong Ajax,2013–2014,2013,2014,yes
Riechedly Bazoer,Curaçao,Unknown,3,VfL_Wolfsburg,VfL Wolfsburg,2017–2019,2017,2019,no
Riechedly Bazoer,Curaçao,Unknown,4,FC_Porto_B,Porto B,2018,2018,2018,yes
Riechedly Bazoer,Curaçao,Unknown,5,FC_Porto,Porto,2018–2019,2018,2019,no
Riechedly Bazoer,Curaçao,Unknown,6,FC_Utrecht,Utrecht,2019,2019,2019,yes
Riechedly Bazoer,Curaçao,Unknown,7,SBV_Vitesse,Vitesse,2019–2022,2019,2022,no
Riechedly Bazoer,Curaçao,Unknown,8,AZ_Alkmaar,AZ,2022–2024,2022,2024,no
Riechedly Bazoer,Curaçao,Unknown,9,Konyaspor,Konyaspor,2024–,2024,,no
Deveron Fonville,Curaçao,Unknown,1,Jong_FC_Utrecht,Jong Utrecht,2022,2022,2022,no
Deveron Fonville,Curaçao,Unknown,2,USV_Hercules,USV Hercules,2023–2024,2023,2024,no
Deveron Fonville,Curaçao,Unknown,3,IJsselmeervogels,IJsselmeervogels,2024–2025,2024,2025,no
Deveron Fonville,Curaçao,Unknown,4,FC_Dordrecht,Dordrecht,2025,2025,2025,no
Deveron Fonville,Curaçao,Unknown,5,NEC_Nijmegen,NEC,2025–,2025,,no
Tyrick Bodak,Curaçao,Unknown,1,Jong_PSV,Jong PSV,2021–2023,2021,2023,no
Tyrick Bodak,Curaçao,Unknown,2,SC_Cambuur,Cambuur,2023–2024,2023,2024,no
Tyrick Bodak,Curaçao,Unknown,3,SC_Telstar,Telstar,2024–,2024,,no
Trevor Doornbusch,Curaçao,Unknown,1,SC_Heerenveen,Heerenveen,2017–2020,2017,2020,no
Trevor Doornbusch,Curaçao,Unknown,2,SC_Telstar,Telstar,2020–2022,2020,2022,no
Trevor Doornbusch,Curaçao,Unknown,3,FC_Dordrecht,Dordrecht,2022–2024,2022,2024,no
Trevor Doornbusch,Curaçao,Unknown,4,VVV-Venlo,VVV,2025–,2025,,no
Hernán Galíndez,Ecuador,CONMEBOL,1,Rosario_Central,Rosario Central,2008–2011,2008,2011,no
Hernán Galíndez,Ecuador,CONMEBOL,2,Quilmes_Atl%C3%A9tico_Club,Quilmes,2010–2011,2010,2011,yes
Hernán Galíndez,Ecuador,CONMEBOL,3,Rangers_de_Talca,Rangers,2012,2012,2012,no
Hernán Galíndez,Ecuador,CONMEBOL,4,C.D._Universidad_Cat%C3%B3lica_del_Ecuador,Universidad Católica,2012,2012,2012,yes
Hernán Galíndez,Ecuador,CONMEBOL,5,C.D._Universidad_Cat%C3%B3lica_del_Ecuador,Universidad Católica,2013–2021,2013,2021,no
Hernán Galíndez,Ecuador,CONMEBOL,6,Club_Universidad_de_Chile,Universidad de Chile,2022,2022,2022,no
Hernán Galíndez,Ecuador,CONMEBOL,7,S.D._Aucas,Aucas,2022–2023,2022,2023,no
Hernán Galíndez,Ecuador,CONMEBOL,8,Club_Atl%C3%A9tico_Hurac%C3%A1n,Huracán,2024–,2024,,no
Félix Torres,Ecuador,CONMEBOL,1,LDU_Portoviejo,LDU Portoviejo,2016–2017,2016,2017,no
Félix Torres,Ecuador,CONMEBOL,2,Barcelona_S.C.,Barcelona S.C.,2016–2017,2016,2017,yes
Félix Torres,Ecuador,CONMEBOL,3,Barcelona_S.C.,Barcelona S.C.,2017–2019,2017,2019,no
Félix Torres,Ecuador,CONMEBOL,4,Santos_Laguna,Santos Laguna,2019–2023,2019,2023,no
Félix Torres,Ecuador,CONMEBOL,5,Sport_Club_Corinthians_Paulista,Corinthians,2024–,2024,,no
Félix Torres,Ecuador,CONMEBOL,6,SC_Internacional,Internacional,2026–,2026,,yes
Piero Hincapié,Ecuador,CONMEBOL,1,Independiente_del_Valle,Independiente del Valle,2019–2020,2019,2020,no
Piero Hincapié,Ecuador,CONMEBOL,2,Talleres_de_C%C3%B3rdoba,Talleres,2020–2021,2020,2021,no
Piero Hincapié,Ecuador,CONMEBOL,3,Bayer_04_Leverkusen,Bayer Leverkusen,2021–,2021,,no
Piero Hincapié,Ecuador,CONMEBOL,4,Arsenal_F.C.,Arsenal,2025–,2025,,yes
Joel Ordóñez,Ecuador,CONMEBOL,1,C.S.D._Independiente_del_Valle,Independiente del Valle,2022,2022,2022,no
Joel Ordóñez,Ecuador,CONMEBOL,2,Club_NXT,Club NXT,2022–2023,2022,2023,no
Joel Ordóñez,Ecuador,CONMEBOL,3,Club_Brugge_KV,Club Brugge,2023–,2023,,no
Jordy Alcívar,Ecuador,CONMEBOL,1,L.D.U._Quito,L.D.U. Quito,2018–2021,2018,2021,no
Jordy Alcívar,Ecuador,CONMEBOL,2,Charlotte_FC,Charlotte FC,2022,2022,2022,no
Jordy Alcívar,Ecuador,CONMEBOL,3,Independiente_del_Valle,Independiente del Valle,2022–,2022,,no
Jordy Alcívar,Ecuador,CONMEBOL,4,Club_Le%C3%B3n,León,2024,2024,2024,yes
Willian Pacho,Ecuador,CONMEBOL,1,Independiente_del_Valle,Independiente del Valle,2019–2022,2019,2022,no
Willian Pacho,Ecuador,CONMEBOL,2,Royal_Antwerp_F.C.,Royal Antwerp,2022–2023,2022,2023,no
Willian Pacho,Ecuador,CONMEBOL,3,Eintracht_Frankfurt,Eintracht Frankfurt,2023–2024,2023,2024,no
Willian Pacho,Ecuador,CONMEBOL,4,Paris_Saint-Germain_FC,Paris Saint-Germain,2024–,2024,,no
Pervis Estupiñán,Ecuador,CONMEBOL,1,L.D.U._Quito,LDU Quito,2015–2016,2015,2016,no
Pervis Estupiñán,Ecuador,CONMEBOL,2,Watford_F.C.,Watford,2016–2020,2016,2020,no
Pervis Estupiñán,Ecuador,CONMEBOL,3,Granada_CF_B,Granada B,2016–2017,2016,2017,yes
Pervis Estupiñán,Ecuador,CONMEBOL,4,Granada_CF,Granada,2016–2017,2016,2017,yes
Pervis Estupiñán,Ecuador,CONMEBOL,5,UD_Almer%C3%ADa,Almería,2017–2018,2017,2018,yes
Pervis Estupiñán,Ecuador,CONMEBOL,6,RCD_Mallorca,Mallorca,2018–2019,2018,2019,yes
Pervis Estupiñán,Ecuador,CONMEBOL,7,CA_Osasuna,Osasuna,2019–2020,2019,2020,yes
Pervis Estupiñán,Ecuador,CONMEBOL,8,Villarreal_CF,Villarreal,2020–2022,2020,2022,no
Pervis Estupiñán,Ecuador,CONMEBOL,9,Brighton_%26_Hove_Albion_F.C.,Brighton & Hove Albion,2022–2025,2022,2025,no
Pervis Estupiñán,Ecuador,CONMEBOL,10,AC_Milan,AC Milan,2025–,2025,,no
Anthony Valencia,Ecuador,CONMEBOL,1,C.D._Independiente_Juniors,Independiente Juniors,2020–2021,2020,2021,no
Anthony Valencia,Ecuador,CONMEBOL,2,C.S.D._Independiente_del_Valle,Independiente del Valle,2022,2022,2022,no
Anthony Valencia,Ecuador,CONMEBOL,3,Royal_Antwerp_FC,Royal Antwerp,2022–,2022,,no
John Yeboah,Ecuador,CONMEBOL,1,VfL_Wolfsburg,VfL Wolfsburg,2018–2020,2018,2020,no
John Yeboah,Ecuador,CONMEBOL,2,VfL_Wolfsburg_II,VfL Wolfsburg II,2019–2020,2019,2020,no
John Yeboah,Ecuador,CONMEBOL,3,VVV-Venlo,VVV-Venlo,2019–2020,2019,2020,yes
John Yeboah,Ecuador,CONMEBOL,4,Willem_II_(football_club),Willem II,2020–2022,2020,2022,no
John Yeboah,Ecuador,CONMEBOL,5,Almere_City_FC,Almere City,2021,2021,2021,yes
John Yeboah,Ecuador,CONMEBOL,6,MSV_Duisburg,MSV Duisburg,2022,2022,2022,yes
John Yeboah,Ecuador,CONMEBOL,7,%C5%9Al%C4%85sk_Wroc%C5%82aw,Śląsk Wrocław,2022–2023,2022,2023,no
John Yeboah,Ecuador,CONMEBOL,8,Rak%C3%B3w_Cz%C4%99stochowa,Raków Częstochowa,2023–2024,2023,2024,no
John Yeboah,Ecuador,CONMEBOL,9,Venezia_FC,Venezia,2024–,2024,,no
Kendry Páez,Ecuador,CONMEBOL,1,Independiente_del_Valle,Independiente del Valle,2023–2025,2023,2025,no
Kendry Páez,Ecuador,CONMEBOL,2,Chelsea_F.C.,Chelsea,2025–,2025,,no
Kendry Páez,Ecuador,CONMEBOL,3,RC_Strasbourg_Alsace,Strasbourg,2025–2026,2025,2026,yes
Kendry Páez,Ecuador,CONMEBOL,4,Club_Atl%C3%A9tico_River_Plate,River Plate,2026–,2026,,yes
Kevin Rodríguez,Ecuador,CONMEBOL,1,Imbabura_S.C.,Imbabura,2017–2022,2017,2022,no
Kevin Rodríguez,Ecuador,CONMEBOL,2,C.S.D._Independiente_del_Valle,Independiente del Valle,2023,2023,2023,no
Kevin Rodríguez,Ecuador,CONMEBOL,3,Royale_Union_Saint-Gilloise,Union Saint-Gilloise,2023–,2023,,no
Moisés Ramírez,Ecuador,CONMEBOL,1,C.S.D._Independiente_del_Valle,Independiente DV,2018–2025,2018,2025,no
Moisés Ramírez,Ecuador,CONMEBOL,2,Real_Sociedad_B,Real Sociedad B,2019,2019,2019,yes
Moisés Ramírez,Ecuador,CONMEBOL,3,A.E._Kifisia_F.C.,A.E. Kifisia,2025–,2025,,no
Enner Valencia,Ecuador,CONMEBOL,1,C.S._Emelec,Emelec,2010–2013,2010,2013,no
Enner Valencia,Ecuador,CONMEBOL,2,C.F._Pachuca,Pachuca,2014,2014,2014,no
Enner Valencia,Ecuador,CONMEBOL,3,West_Ham_United_F.C.,West Ham United,2014–2017,2014,2017,no
Enner Valencia,Ecuador,CONMEBOL,4,Everton_F.C.,Everton,2016–2017,2016,2017,yes
Enner Valencia,Ecuador,CONMEBOL,5,Tigres_UANL,Tigres UANL,2017–2020,2017,2020,no
Enner Valencia,Ecuador,CONMEBOL,6,Fenerbah%C3%A7e_S.K._(football),Fenerbahçe,2020–2023,2020,2023,no
Enner Valencia,Ecuador,CONMEBOL,7,SC_Internacional,Internacional,2023–2025,2023,2025,no
Enner Valencia,Ecuador,CONMEBOL,8,C.F._Pachuca,Pachuca,2025–,2025,,no
Alan Minda,Ecuador,CONMEBOL,1,C.D._Independiente_Juniors,Independiente Juniors,2020–2023,2020,2023,no
Alan Minda,Ecuador,CONMEBOL,2,C.S.D._Independiente_del_Valle,Independiente del Valle,2021–2023,2021,2023,no
Alan Minda,Ecuador,CONMEBOL,3,Cercle_Brugge_K.S.V.,Cercle Brugge,2023–2026,2023,2026,no
Alan Minda,Ecuador,CONMEBOL,4,Clube_Atl%C3%A9tico_Mineiro,Atlético Mineiro,2026–,2026,,no
Pedro Vite,Ecuador,CONMEBOL,1,C.D._Independiente_Juniors,Independiente Juniors,2019–2021,2019,2021,no
Pedro Vite,Ecuador,CONMEBOL,2,C.S.D._Independiente_del_Valle,Independiente del Valle,2021,2021,2021,no
Pedro Vite,Ecuador,CONMEBOL,3,Vancouver_Whitecaps_FC,Vancouver Whitecaps FC,2021–2025,2021,2025,no
Pedro Vite,Ecuador,CONMEBOL,4,Whitecaps_FC_2,Whitecaps FC 2,2022,2022,2022,yes
Pedro Vite,Ecuador,CONMEBOL,5,Pumas_UNAM,Pumas UNAM,2025–,2025,,no
Jordy Caicedo,Ecuador,CONMEBOL,1,C.D._Universidad_Cat%C3%B3lica_del_Ecuador,Universidad Católica,2015–2018,2015,2018,no
Jordy Caicedo,Ecuador,CONMEBOL,2,C.D._El_Nacional,El Nacional,2019,2019,2019,yes
Jordy Caicedo,Ecuador,CONMEBOL,3,Esporte_Clube_Vit%C3%B3ria,Vitória,2019–2021,2019,2021,no
Jordy Caicedo,Ecuador,CONMEBOL,4,PFC_CSKA_Sofia,CSKA Sofia,2021–2022,2021,2022,no
Jordy Caicedo,Ecuador,CONMEBOL,5,Tigres_UANL,Tigres UANL,2022–2024,2022,2024,no
Jordy Caicedo,Ecuador,CONMEBOL,6,Sivasspor,Sivasspor,2023,2023,2023,yes
Jordy Caicedo,Ecuador,CONMEBOL,7,Atlas_F.C.,Atlas,2023–2024,2023,2024,yes
Jordy Caicedo,Ecuador,CONMEBOL,8,Atlas_F.C.,Atlas,2024–,2024,,no
Jordy Caicedo,Ecuador,CONMEBOL,9,Sporting_de_Gij%C3%B3n,Sporting Gijón,2024–2026,2024,2026,yes
Jordy Caicedo,Ecuador,CONMEBOL,10,Club_Atl%C3%A9tico_Hurac%C3%A1n,Huracán,2026–,2026,,yes
Ángelo Preciado,Ecuador,CONMEBOL,1,Alianza_Cotopaxi_S.C.,Alianza Cotopaxi,2018,2018,2018,no
Ángelo Preciado,Ecuador,CONMEBOL,2,C.S.D._Independiente_del_Valle,Independiente del Valle,2018–2020,2018,2020,no
Ángelo Preciado,Ecuador,CONMEBOL,3,K.R.C._Genk,Genk,2021–2023,2021,2023,no
Ángelo Preciado,Ecuador,CONMEBOL,4,AC_Sparta_Prague,Sparta Prague,2023–2026,2023,2026,no
Ángelo Preciado,Ecuador,CONMEBOL,5,Clube_Atl%C3%A9tico_Mineiro,Atlético Mineiro,2026–,2026,,no
Denil Castillo,Ecuador,CONMEBOL,1,L.D.U._Quito,LDU Quito,2020–2023,2020,2023,no
Denil Castillo,Ecuador,CONMEBOL,2,FC_Shakhtar_Donetsk,Shakhtar Donetsk,2023–2024,2023,2024,no
Denil Castillo,Ecuador,CONMEBOL,3,FK_Partizan,Partizan,2024,2024,2024,yes
Denil Castillo,Ecuador,CONMEBOL,4,FC_Midtjylland,Midtjylland,2024–,2024,,no
Gonzalo Plata,Ecuador,CONMEBOL,1,C.S.D._Independiente_del_Valle,Independiente del Valle,2018–2019,2018,2019,no
Gonzalo Plata,Ecuador,CONMEBOL,2,Sporting_CP,Sporting CP,2019–2022,2019,2022,no
Gonzalo Plata,Ecuador,CONMEBOL,3,Sporting_CP_B,Sporting CP B,2021,2021,2021,no
Gonzalo Plata,Ecuador,CONMEBOL,4,Real_Valladolid,Valladolid,2021–2022,2021,2022,yes
Gonzalo Plata,Ecuador,CONMEBOL,5,Real_Valladolid,Valladolid,2022–2023,2022,2023,no
Gonzalo Plata,Ecuador,CONMEBOL,6,Al_Sadd_SC,Al Sadd,2023–2024,2023,2024,no
Gonzalo Plata,Ecuador,CONMEBOL,7,CR_Flamengo,Flamengo,2024–,2024,,no
Nilson Angulo,Ecuador,CONMEBOL,1,L.D.U._Quito,LDU Quito,2021–2022,2021,2022,no
Nilson Angulo,Ecuador,CONMEBOL,2,RSC_Anderlecht,Anderlecht,2022–2026,2022,2026,no
Nilson Angulo,Ecuador,CONMEBOL,3,RSCA_Futures,RSCA Futures,2022–2025,2022,2025,no
Nilson Angulo,Ecuador,CONMEBOL,4,Sunderland_A.F.C.,Sunderland,2026–,2026,,no
Alan Franco,Ecuador,CONMEBOL,1,C.S.D._Independiente_del_Valle,Independiente del Valle,2016–2020,2016,2020,no
Alan Franco,Ecuador,CONMEBOL,2,Clube_Atl%C3%A9tico_Mineiro,Atlético Mineiro,2020–,2020,,no
Alan Franco,Ecuador,CONMEBOL,3,Charlotte_FC,Charlotte FC,2022,2022,2022,yes
Alan Franco,Ecuador,CONMEBOL,4,Talleres_de_C%C3%B3rdoba,Talleres,2022–2023,2022,2023,yes
Gonzalo Valle,Ecuador,CONMEBOL,1,Guayaquil_City_F.C.,Guayaquil City,2017–2024,2017,2024,no
Gonzalo Valle,Ecuador,CONMEBOL,2,L.D.U._Quito,L.D.U. Quito,2024–,2024,,no
Moisés Caicedo,Ecuador,CONMEBOL,1,C.S.D._Independiente_del_Valle,Independiente del Valle,2019–2021,2019,2021,no
Moisés Caicedo,Ecuador,CONMEBOL,2,Brighton_%26_Hove_Albion_F.C.,Brighton & Hove Albion,2021–2023,2021,2023,no
Moisés Caicedo,Ecuador,CONMEBOL,3,K_Beerschot_VA,Beerschot,2021–2022,2021,2022,yes
Moisés Caicedo,Ecuador,CONMEBOL,4,Chelsea_F.C.,Chelsea,2023–,2023,,no
Jeremy Arévalo,Ecuador,CONMEBOL,1,Rayo_Cantabria,Racing B,2022–2024,2022,2024,no
Jeremy Arévalo,Ecuador,CONMEBOL,2,Racing_de_Santander,Racing Santander,2023–2026,2023,2026,no
Jeremy Arévalo,Ecuador,CONMEBOL,3,VfB_Stuttgart,VfB Stuttgart,2026–,2026,,no
Jeremy Arévalo,Ecuador,CONMEBOL,4,VfB_Stuttgart_II,VfB Stuttgart II,2026–,2026,,no
Jackson Porozo,Ecuador,CONMEBOL,1,Manta_F.C.,Manta,2017–2018,2017,2018,no
Jackson Porozo,Ecuador,CONMEBOL,2,Boavista_F.C.,Boavista,2020–2022,2020,2022,no
Jackson Porozo,Ecuador,CONMEBOL,3,ES_Troyes_AC,Troyes,2022–2025,2022,2025,no
Jackson Porozo,Ecuador,CONMEBOL,4,Olympiacos_F.C.,Olympiacos,2023–2024,2023,2024,yes
Jackson Porozo,Ecuador,CONMEBOL,5,Kas%C4%B1mpa%C5%9Fa_S.K.,Kasımpaşa,2024,2024,2024,yes
Jackson Porozo,Ecuador,CONMEBOL,6,CD_Legan%C3%A9s,Leganés,2024,2024,2024,yes
Jackson Porozo,Ecuador,CONMEBOL,7,Club_Tijuana,Tijuana,2025,2025,2025,yes
Jackson Porozo,Ecuador,CONMEBOL,8,Club_Tijuana,Tijuana,2026–,2026,,no
Yaimar Medina,Ecuador,CONMEBOL,1,Independiente_del_Valle,Independiente del Valle,2022–2025,2022,2025,no
Yaimar Medina,Ecuador,CONMEBOL,2,KRC_Genk,Genk,2025–,2025,,no
Manuel Neuer,Germany,UEFA,1,FC_Schalke_04_II,Schalke 04 II,2004–2006,2004,2006,no
Manuel Neuer,Germany,UEFA,2,FC_Schalke_04,Schalke 04,2005–2011,2005,2011,no
Manuel Neuer,Germany,UEFA,3,FC_Bayern_Munich,Bayern Munich,2011–,2011,,no
Antonio Rüdiger,Germany,UEFA,1,VfB_Stuttgart_II,VfB Stuttgart II,2011–2015,2011,2015,no
Antonio Rüdiger,Germany,UEFA,2,VfB_Stuttgart,VfB Stuttgart,2012–2016,2012,2016,no
Antonio Rüdiger,Germany,UEFA,3,AS_Roma,Roma,2015–2016,2015,2016,yes
Antonio Rüdiger,Germany,UEFA,4,AS_Roma,Roma,2016–2017,2016,2017,no
Antonio Rüdiger,Germany,UEFA,5,Chelsea_F.C.,Chelsea,2017–2022,2017,2022,no
Antonio Rüdiger,Germany,UEFA,6,Real_Madrid_CF,Real Madrid,2022–,2022,,no
Waldemar Anton,Germany,UEFA,1,Hannover_96_II,Hannover 96 II,2015–2016,2015,2016,no
Waldemar Anton,Germany,UEFA,2,Hannover_96,Hannover 96,2016–2020,2016,2020,no
Waldemar Anton,Germany,UEFA,3,VfB_Stuttgart,VfB Stuttgart,2020–2024,2020,2024,no
Waldemar Anton,Germany,UEFA,4,Borussia_Dortmund,Borussia Dortmund,2024–,2024,,no
Jonathan Tah,Germany,UEFA,1,Hamburger_SV_II,Hamburger SV II,2013–2014,2013,2014,no
Jonathan Tah,Germany,UEFA,2,Hamburger_SV,Hamburger SV,2013–2015,2013,2015,no
Jonathan Tah,Germany,UEFA,3,Fortuna_D%C3%BCsseldorf,Fortuna Düsseldorf,2014–2015,2014,2015,yes
Jonathan Tah,Germany,UEFA,4,Bayer_04_Leverkusen,Bayer Leverkusen,2015–2025,2015,2025,no
Jonathan Tah,Germany,UEFA,5,FC_Bayern_Munich,Bayern Munich,2025–,2025,,no
Aleksandar Pavlović,Germany,UEFA,1,FC_Bayern_Munich_II,Bayern Munich II,2023–2024,2023,2024,no
Aleksandar Pavlović,Germany,UEFA,2,FC_Bayern_Munich,Bayern Munich,2023–,2023,,no
Joshua Kimmich,Germany,UEFA,1,RB_Leipzig,RB Leipzig,2013–2015,2013,2015,no
Joshua Kimmich,Germany,UEFA,2,FC_Bayern_Munich,Bayern Munich,2015–,2015,,no
Kai Havertz,Germany,UEFA,1,Bayer_04_Leverkusen,Bayer Leverkusen,2016–2020,2016,2020,no
Kai Havertz,Germany,UEFA,2,Chelsea_F.C.,Chelsea,2020–2023,2020,2023,no
Kai Havertz,Germany,UEFA,3,Arsenal_F.C.,Arsenal,2023–,2023,,no
Leon Goretzka,Germany,UEFA,1,VfL_Bochum,VfL Bochum,2012–2013,2012,2013,no
Leon Goretzka,Germany,UEFA,2,FC_Schalke_04,Schalke 04,2013–2018,2013,2018,no
Leon Goretzka,Germany,UEFA,3,FC_Schalke_04_II,Schalke 04 II,2015,2015,2015,no
Leon Goretzka,Germany,UEFA,4,FC_Bayern_Munich,Bayern Munich,2018–2026,2018,2026,no
Jamie Leweling,Germany,UEFA,1,SpVgg_Greuther_F%C3%BCrth,Greuther Fürth,2019–2022,2019,2022,no
Jamie Leweling,Germany,UEFA,2,1._FC_Union_Berlin,Union Berlin,2022–2024,2022,2024,no
Jamie Leweling,Germany,UEFA,3,VfB_Stuttgart,VfB Stuttgart,2023–2024,2023,2024,yes
Jamie Leweling,Germany,UEFA,4,VfB_Stuttgart,VfB Stuttgart,2024–,2024,,no
Jamal Musiala,Germany,UEFA,1,FC_Bayern_Munich_II,Bayern Munich II,2020–2021,2020,2021,no
Jamal Musiala,Germany,UEFA,2,FC_Bayern_Munich,Bayern Munich,2020–,2020,,no
Nick Woltemade,Germany,UEFA,1,SV_Werder_Bremen,Werder Bremen,2020–2024,2020,2024,no
Nick Woltemade,Germany,UEFA,2,SV_Werder_Bremen_II,Werder Bremen II,2022,2022,2022,no
Nick Woltemade,Germany,UEFA,3,SV_Elversberg,SV Elversberg,2022–2023,2022,2023,yes
Nick Woltemade,Germany,UEFA,4,VfB_Stuttgart,VfB Stuttgart,2024–2025,2024,2025,no
Nick Woltemade,Germany,UEFA,5,Newcastle_United_F.C.,Newcastle United,2025–,2025,,no
Oliver Baumann,Germany,UEFA,1,SC_Freiburg,SC Freiburg II,2009–2010,2009,2010,no
Oliver Baumann,Germany,UEFA,2,SC_Freiburg,SC Freiburg,2010–2014,2010,2014,no
Oliver Baumann,Germany,UEFA,3,TSG_1899_Hoffenheim,TSG Hoffenheim,2014–,2014,,no
Pascal Groß,Germany,UEFA,1,TSG_1899_Hoffenheim,TSG Hoffenheim,2008–2011,2008,2011,no
Pascal Groß,Germany,UEFA,2,TSG_1899_Hoffenheim_II,TSG Hoffenheim II,2009–2011,2009,2011,no
Pascal Groß,Germany,UEFA,3,Karlsruher_SC,Karlsruher SC,2011–2012,2011,2012,no
Pascal Groß,Germany,UEFA,4,Karlsruher_SC_II,Karlsruher SC II,2011,2011,2011,no
Pascal Groß,Germany,UEFA,5,FC_Ingolstadt_04,FC Ingolstadt,2012–2017,2012,2017,no
Pascal Groß,Germany,UEFA,6,FC_Ingolstadt_04_II,FC Ingolstadt II,2013,2013,2013,no
Pascal Groß,Germany,UEFA,7,Brighton_%26_Hove_Albion_F.C.,Brighton & Hove Albion,2017–2024,2017,2024,no
Pascal Groß,Germany,UEFA,8,Borussia_Dortmund,Borussia Dortmund,2024–2026,2024,2026,no
Pascal Groß,Germany,UEFA,9,Brighton_%26_Hove_Albion_F.C.,Brighton & Hove Albion,2026–,2026,,no
Maximilian Beier,Germany,UEFA,1,TSG_1899_Hoffenheim_II,TSG Hoffenheim II,2020–2024,2020,2024,no
Maximilian Beier,Germany,UEFA,2,TSG_1899_Hoffenheim,TSG Hoffenheim,2020–2024,2020,2024,no
Maximilian Beier,Germany,UEFA,3,Hannover_96,Hannover 96,2021–2023,2021,2023,yes
Maximilian Beier,Germany,UEFA,4,Borussia_Dortmund,Borussia Dortmund,2024–,2024,,no
Nico Schlotterbeck,Germany,UEFA,1,SC_Freiburg_II,SC Freiburg II,2018–2020,2018,2020,no
Nico Schlotterbeck,Germany,UEFA,2,SC_Freiburg,SC Freiburg,2019–2022,2019,2022,no
Nico Schlotterbeck,Germany,UEFA,3,1._FC_Union_Berlin,Union Berlin,2020–2021,2020,2021,yes
Nico Schlotterbeck,Germany,UEFA,4,Borussia_Dortmund,Borussia Dortmund,2022–,2022,,no
Angelo Stiller,Germany,UEFA,1,FC_Bayern_Munich_II,Bayern Munich II,2019–2021,2019,2021,no
Angelo Stiller,Germany,UEFA,2,FC_Bayern_Munich,Bayern Munich,2020–2021,2020,2021,no
Angelo Stiller,Germany,UEFA,3,TSG_1899_Hoffenheim,TSG Hoffenheim,2021–2023,2021,2023,no
Angelo Stiller,Germany,UEFA,4,VfB_Stuttgart,VfB Stuttgart,2023–,2023,,no
Florian Wirtz,Germany,UEFA,1,Bayer_04_Leverkusen,Bayer Leverkusen,2020–2025,2020,2025,no
Florian Wirtz,Germany,UEFA,2,Liverpool_F.C.,Liverpool,2025–,2025,,no
Nathaniel Brown,Germany,UEFA,1,1._FC_N%C3%BCrnberg_II,1. FC Nürnberg II,2022–2023,2022,2023,no
Nathaniel Brown,Germany,UEFA,2,1._FC_N%C3%BCrnberg,1. FC Nürnberg,2023–2024,2023,2024,no
Nathaniel Brown,Germany,UEFA,3,Eintracht_Frankfurt,Eintracht Frankfurt,2024–,2024,,no
Nathaniel Brown,Germany,UEFA,4,1._FC_N%C3%BCrnberg,1. FC Nürnberg,2024,2024,2024,yes
Leroy Sané,Germany,UEFA,1,FC_Schalke_04,Schalke 04,2014–2016,2014,2016,no
Leroy Sané,Germany,UEFA,2,Manchester_City_F.C.,Manchester City,2016–2020,2016,2020,no
Leroy Sané,Germany,UEFA,3,FC_Bayern_Munich,Bayern Munich,2020–2025,2020,2025,no
Leroy Sané,Germany,UEFA,4,Galatasaray_S.K._(football),Galatasaray,2025–,2025,,no
Nadiem Amiri,Germany,UEFA,1,TSG_1899_Hoffenheim_II,TSG Hoffenheim II,2014–2015,2014,2015,no
Nadiem Amiri,Germany,UEFA,2,TSG_1899_Hoffenheim,TSG Hoffenheim,2015–2019,2015,2019,no
Nadiem Amiri,Germany,UEFA,3,Bayer_04_Leverkusen,Bayer Leverkusen,2019–2024,2019,2024,no
Nadiem Amiri,Germany,UEFA,4,Genoa_CFC,Genoa,2022,2022,2022,yes
Nadiem Amiri,Germany,UEFA,5,1._FSV_Mainz_05,Mainz 05,2024–,2024,,no
Alexander Nübel,Germany,UEFA,1,SC_Paderborn_07,SC Paderborn,2014–2015,2014,2015,no
Alexander Nübel,Germany,UEFA,2,FC_Schalke_04_II,Schalke 04 II,2015–2019,2015,2019,no
Alexander Nübel,Germany,UEFA,3,FC_Schalke_04,Schalke 04,2016–2020,2016,2020,no
Alexander Nübel,Germany,UEFA,4,FC_Bayern_Munich,Bayern Munich,2020–,2020,,no
Alexander Nübel,Germany,UEFA,5,AS_Monaco_FC,Monaco,2021–2023,2021,2023,yes
Alexander Nübel,Germany,UEFA,6,VfB_Stuttgart,VfB Stuttgart,2023–,2023,,yes
David Raum,Germany,UEFA,1,SpVgg_Greuther_F%C3%BCrth_II,Greuther Fürth II,2016–2019,2016,2019,no
David Raum,Germany,UEFA,2,SpVgg_Greuther_F%C3%BCrth,Greuther Fürth,2016–2021,2016,2021,no
David Raum,Germany,UEFA,3,TSG_1899_Hoffenheim,TSG Hoffenheim,2021–2022,2021,2022,no
David Raum,Germany,UEFA,4,RB_Leipzig,RB Leipzig,2022–,2022,,no
Felix Nmecha,Germany,UEFA,1,Manchester_City_F.C.,Manchester City,2019–2021,2019,2021,no
Felix Nmecha,Germany,UEFA,2,VfL_Wolfsburg,VfL Wolfsburg,2021–2023,2021,2023,no
Felix Nmecha,Germany,UEFA,3,Borussia_Dortmund,Borussia Dortmund,2023–,2023,,no
Malick Thiaw,Germany,UEFA,1,FC_Schalke_04,Schalke 04,2020–2022,2020,2022,no
Malick Thiaw,Germany,UEFA,2,AC_Milan,AC Milan,2022–2025,2022,2025,no
Malick Thiaw,Germany,UEFA,3,Newcastle_United_F.C.,Newcastle United,2025–,2025,,no
Assan Ouédraogo,Germany,UEFA,1,FC_Schalke_04,Schalke 04,2023–2024,2023,2024,no
Assan Ouédraogo,Germany,UEFA,2,FC_Schalke_04_II,Schalke 04 II,2024,2024,2024,no
Assan Ouédraogo,Germany,UEFA,3,RB_Leipzig,RB Leipzig,2024–,2024,,no
Deniz Undav,Germany,UEFA,1,TSV_Havelse,TSV Havelse,2015–2017,2015,2017,no
Deniz Undav,Germany,UEFA,2,Eintracht_Braunschweig_II,Eintracht Braunschweig II,2017–2018,2017,2018,no
Deniz Undav,Germany,UEFA,3,SV_Meppen,SV Meppen,2018–2020,2018,2020,no
Deniz Undav,Germany,UEFA,4,Royale_Union_Saint-Gilloise,Union SG,2020–2022,2020,2022,no
Deniz Undav,Germany,UEFA,5,Brighton_%26_Hove_Albion_F.C.,Brighton & Hove Albion,2022–2024,2022,2024,no
Deniz Undav,Germany,UEFA,6,VfB_Stuttgart,VfB Stuttgart,2023–2024,2023,2024,yes
Deniz Undav,Germany,UEFA,7,VfB_Stuttgart,VfB Stuttgart,2024–,2024,,no
Yahia Fofana,Ivory Coast,CAF,1,Le_Havre_AC,Le Havre B,2016–2019,2016,2019,no
Yahia Fofana,Ivory Coast,CAF,2,Le_Havre_AC,Le Havre,2019–2022,2019,2022,no
Yahia Fofana,Ivory Coast,CAF,3,Angers_SCO,Angers,2022–2025,2022,2025,no
Yahia Fofana,Ivory Coast,CAF,4,%C3%87aykur_Rizespor,Çaykur Rizespor,2025–,2025,,no
Ousmane Diomande,Ivory Coast,CAF,1,FC_Midtjylland,Midtjylland,2022–2023,2022,2023,no
Ousmane Diomande,Ivory Coast,CAF,2,C.D._Mafra,Mafra,2022–2023,2022,2023,yes
Ousmane Diomande,Ivory Coast,CAF,3,Sporting_CP,Sporting CP,2023–,2023,,no
Ghislain Konan,Ivory Coast,CAF,1,ASEC_Mimosas,ASEC Mimosas,2013–2016,2013,2016,no
Ghislain Konan,Ivory Coast,CAF,2,Vit%C3%B3ria_S.C._B,Vitória Guimarães B,2016,2016,2016,no
Ghislain Konan,Ivory Coast,CAF,3,Vit%C3%B3ria_S.C.,Vitória Guimarães,2016–2018,2016,2018,no
Ghislain Konan,Ivory Coast,CAF,4,Stade_de_Reims,Reims,2018–2022,2018,2022,no
Ghislain Konan,Ivory Coast,CAF,5,Al_Nassr_FC,Al-Nassr,2022–2024,2022,2024,no
Ghislain Konan,Ivory Coast,CAF,6,Al-Fayha_FC,Al-Fayha,2023–2024,2023,2024,yes
Ghislain Konan,Ivory Coast,CAF,7,Burgos_CF,Burgos,2025,2025,2025,no
Ghislain Konan,Ivory Coast,CAF,8,Gil_Vicente_F.C.,Gil Vicente,2025–,2025,,no
Jean Michaël Seri,Ivory Coast,CAF,1,ASEC_Mimosas,ASEC Mimosas,2010–2013,2010,2013,no
Jean Michaël Seri,Ivory Coast,CAF,2,F.C._Porto_B,Porto B,2012–2013,2012,2013,yes
Jean Michaël Seri,Ivory Coast,CAF,3,F.C._Pa%C3%A7os_de_Ferreira,Paços de Ferreira,2013–2015,2013,2015,no
Jean Michaël Seri,Ivory Coast,CAF,4,OGC_Nice,Nice,2015–2018,2015,2018,no
Jean Michaël Seri,Ivory Coast,CAF,5,Fulham_F.C.,Fulham,2018–2022,2018,2022,no
Jean Michaël Seri,Ivory Coast,CAF,6,Galatasaray_S.K._(football),Galatasaray,2019–2020,2019,2020,yes
Jean Michaël Seri,Ivory Coast,CAF,7,FC_Girondins_de_Bordeaux,Bordeaux,2021,2021,2021,yes
Jean Michaël Seri,Ivory Coast,CAF,8,Hull_City_A.F.C.,Hull City,2022–2024,2022,2024,no
Jean Michaël Seri,Ivory Coast,CAF,9,Al-Orobah_FC,Al-Orobah,2024–2025,2024,2025,no
Jean Michaël Seri,Ivory Coast,CAF,10,NK_Maribor,Maribor,2025–,2025,,no
Wilfried Singo,Ivory Coast,CAF,1,Torino_FC,Torino,2020–2023,2020,2023,no
Wilfried Singo,Ivory Coast,CAF,2,AS_Monaco_FC,Monaco,2023–2025,2023,2025,no
Wilfried Singo,Ivory Coast,CAF,3,Galatasaray_S.K._(football),Galatasaray,2025–,2025,,no
Seko Fofana,Ivory Coast,CAF,1,Manchester_City_F.C.,Manchester City,2014–2016,2014,2016,no
Seko Fofana,Ivory Coast,CAF,2,Fulham_F.C.,Fulham,2014–2015,2014,2015,yes
Seko Fofana,Ivory Coast,CAF,3,SC_Bastia,Bastia,2015–2016,2015,2016,yes
Seko Fofana,Ivory Coast,CAF,4,Udinese_Calcio,Udinese,2016–2020,2016,2020,no
Seko Fofana,Ivory Coast,CAF,5,RC_Lens,Lens,2020–2023,2020,2023,no
Seko Fofana,Ivory Coast,CAF,6,Al_Nassr_FC,Al-Nassr,2023–2025,2023,2025,no
Seko Fofana,Ivory Coast,CAF,7,Al-Ettifaq_FC,Al-Ettifaq,2024–2025,2024,2025,yes
Seko Fofana,Ivory Coast,CAF,8,Stade_Rennais_FC,Rennes,2025–,2025,,no
Seko Fofana,Ivory Coast,CAF,9,FC_Porto,Porto,2026–,2026,,yes
Odilon Kossounou,Ivory Coast,CAF,1,Hammarby_Fotboll,Hammarby IF,2019,2019,2019,no
Odilon Kossounou,Ivory Coast,CAF,2,Club_Brugge_KV,Club Brugge,2019–2021,2019,2021,no
Odilon Kossounou,Ivory Coast,CAF,3,Bayer_04_Leverkusen,Bayer Leverkusen,2021–2025,2021,2025,no
Odilon Kossounou,Ivory Coast,CAF,4,Atalanta_BC,Atalanta,2024–2025,2024,2025,yes
Odilon Kossounou,Ivory Coast,CAF,5,Atalanta_BC,Atalanta,2025–,2025,,no
Franck Kessié,Ivory Coast,CAF,1,Stella_Club_d%27Adjam%C3%A9,Stella Club,2014,2014,2014,no
Franck Kessié,Ivory Coast,CAF,2,Atalanta_BC,Atalanta,2015–2019,2015,2019,no
Franck Kessié,Ivory Coast,CAF,3,AC_Cesena,Cesena,2015–2016,2015,2016,yes
Franck Kessié,Ivory Coast,CAF,4,AC_Milan,AC Milan,2017–2019,2017,2019,yes
Franck Kessié,Ivory Coast,CAF,5,AC_Milan,AC Milan,2019–2022,2019,2022,no
Franck Kessié,Ivory Coast,CAF,6,FC_Barcelona,Barcelona,2022–2023,2022,2023,no
Franck Kessié,Ivory Coast,CAF,7,Al-Ahli_Saudi_FC,Al-Ahli,2023–,2023,,no
Ange-Yoan Bonny,Ivory Coast,CAF,1,LB_Ch%C3%A2teauroux,Châteauroux II,2020–2021,2020,2021,no
Ange-Yoan Bonny,Ivory Coast,CAF,2,Parma_Calcio_1913,Parma,2021–2025,2021,2025,no
Ange-Yoan Bonny,Ivory Coast,CAF,3,Inter_Milan,Inter Milan,2025–,2025,,no
Simon Adingra,Ivory Coast,CAF,1,FC_Nordsj%C3%A6lland,Nordsjælland,2021–2022,2021,2022,no
Simon Adingra,Ivory Coast,CAF,2,Brighton_%26_Hove_Albion_F.C.,Brighton & Hove Albion,2022–2025,2022,2025,no
Simon Adingra,Ivory Coast,CAF,3,Royale_Union_Saint-Gilloise,Union SG,2022–2023,2022,2023,yes
Simon Adingra,Ivory Coast,CAF,4,Sunderland_A.F.C.,Sunderland,2025–,2025,,no
Simon Adingra,Ivory Coast,CAF,5,AS_Monaco_FC,Monaco,2026–,2026,,yes
Yan Diomande,Ivory Coast,CAF,1,CD_Legan%C3%A9s_B,Leganés B,2025,2025,2025,no
Yan Diomande,Ivory Coast,CAF,2,CD_Legan%C3%A9s,Leganés,2025,2025,2025,no
Yan Diomande,Ivory Coast,CAF,3,RB_Leipzig,RB Leipzig,2025–,2025,,no
Elye Wahi,Ivory Coast,CAF,1,Montpellier_HSC_II,Montpellier II,2019–2020,2019,2020,no
Elye Wahi,Ivory Coast,CAF,2,Montpellier_HSC,Montpellier,2020–2023,2020,2023,no
Elye Wahi,Ivory Coast,CAF,3,RC_Lens,Lens,2023–2024,2023,2024,no
Elye Wahi,Ivory Coast,CAF,4,Olympique_de_Marseille,Marseille,2024–2025,2024,2025,no
Elye Wahi,Ivory Coast,CAF,5,Eintracht_Frankfurt,Eintracht Frankfurt,2025–,2025,,no
Elye Wahi,Ivory Coast,CAF,6,OGC_Nice,Nice,2026–,2026,,yes
Christopher Opéri,Ivory Coast,CAF,1,Stade_Malherbe_Caen,Caen II,2014–2017,2014,2017,no
Christopher Opéri,Ivory Coast,CAF,2,LB_Ch%C3%A2teauroux,Châteauroux II,2017–2021,2017,2021,no
Christopher Opéri,Ivory Coast,CAF,3,K.A.A._Gent,Gent,2021–2022,2021,2022,no
Christopher Opéri,Ivory Coast,CAF,4,Le_Havre_AC,Le Havre,2022–2025,2022,2025,no
Christopher Opéri,Ivory Coast,CAF,5,%C4%B0stanbul_Ba%C5%9Fak%C5%9Fehir_F.K.,İstanbul Başakşehir,2025–,2025,,no
Oumar Diakité,Ivory Coast,CAF,1,ASEC_Mimosas,ASEC Mimosas,2020–2022,2020,2022,no
Oumar Diakité,Ivory Coast,CAF,2,FC_Red_Bull_Salzburg,Red Bull Salzburg,2022–2023,2022,2023,no
Oumar Diakité,Ivory Coast,CAF,3,FC_Liefering,Liefering,2022–2023,2022,2023,yes
Oumar Diakité,Ivory Coast,CAF,4,Stade_de_Reims,Reims,2023–,2023,,no
Oumar Diakité,Ivory Coast,CAF,5,Cercle_Brugge_KSV,Cercle Brugge,2025–,2025,,yes
Amad Diallo,Ivory Coast,CAF,1,Atalanta_B.C.,Atalanta,2019–2021,2019,2021,no
Amad Diallo,Ivory Coast,CAF,2,Manchester_United_F.C.,Manchester United,2021–,2021,,no
Amad Diallo,Ivory Coast,CAF,3,Rangers_F.C.,Rangers,2022,2022,2022,yes
Amad Diallo,Ivory Coast,CAF,4,Sunderland_A.F.C.,Sunderland,2022–2023,2022,2023,yes
Mohamed Koné,Ivory Coast,CAF,1,Le_Havre_AC,Le Havre B,2020–2023,2020,2023,no
Mohamed Koné,Ivory Coast,CAF,2,Le_Havre_AC,Le Havre,2021–2024,2021,2024,no
Mohamed Koné,Ivory Coast,CAF,3,USL_Dunkerque,Dunkerque,2024,2024,2024,yes
Mohamed Koné,Ivory Coast,CAF,4,Royal_Charleroi_S.C.,Charleroi,2024–,2024,,no
Guéla Doué,Ivory Coast,CAF,1,Stade_Rennais_F.C.,Rennes B,2020–2023,2020,2023,no
Guéla Doué,Ivory Coast,CAF,2,Stade_Rennais_F.C.,Rennes,2023–2024,2023,2024,no
Guéla Doué,Ivory Coast,CAF,3,RC_Strasbourg_Alsace,Strasbourg,2024–,2024,,no
Ibrahim Sangaré,Ivory Coast,CAF,1,Toulouse_FC,Toulouse B,2016–2017,2016,2017,no
Ibrahim Sangaré,Ivory Coast,CAF,2,Toulouse_FC,Toulouse,2016–2020,2016,2020,no
Ibrahim Sangaré,Ivory Coast,CAF,3,PSV_Eindhoven,PSV,2020–2023,2020,2023,no
Ibrahim Sangaré,Ivory Coast,CAF,4,Nottingham_Forest_F.C.,Nottingham Forest,2023–,2023,,no
Nicolas Pépé,Ivory Coast,CAF,1,Poitiers_FC,Poitiers,2012–2013,2012,2013,no
Nicolas Pépé,Ivory Coast,CAF,2,Angers_SCO,Angers II,2013–2015,2013,2015,no
Nicolas Pépé,Ivory Coast,CAF,3,Angers_SCO,Angers,2013–2017,2013,2017,no
Nicolas Pépé,Ivory Coast,CAF,4,US_Orl%C3%A9ans,Orléans,2015–2016,2015,2016,yes
Nicolas Pépé,Ivory Coast,CAF,5,Lille_OSC,Lille,2017–2019,2017,2019,no
Nicolas Pépé,Ivory Coast,CAF,6,Arsenal_F.C.,Arsenal,2019–2023,2019,2023,no
Nicolas Pépé,Ivory Coast,CAF,7,OGC_Nice,Nice,2022–2023,2022,2023,yes
Nicolas Pépé,Ivory Coast,CAF,8,Trabzonspor,Trabzonspor,2023–2024,2023,2024,no
Nicolas Pépé,Ivory Coast,CAF,9,Villarreal_CF,Villarreal,2024–,2024,,no
Emmanuel Agbadou,Ivory Coast,CAF,1,US_Monastir_(football),Monastir,2019–2020,2019,2020,no
Emmanuel Agbadou,Ivory Coast,CAF,2,K.A.S._Eupen,Eupen,2020–2022,2020,2022,no
Emmanuel Agbadou,Ivory Coast,CAF,3,Stade_de_Reims,Reims,2022–2025,2022,2025,no
Emmanuel Agbadou,Ivory Coast,CAF,4,Wolverhampton_Wanderers_F.C.,Wolverhampton Wanderers,2025–2026,2025,2026,no
Emmanuel Agbadou,Ivory Coast,CAF,5,Be%C5%9Fikta%C5%9F_J.K.,Beşiktaş,2026–,2026,,no
Evan Ndicka,Ivory Coast,CAF,1,AJ_Auxerre,Auxerre,2017–2018,2017,2018,no
Evan Ndicka,Ivory Coast,CAF,2,Eintracht_Frankfurt,Eintracht Frankfurt,2018–2023,2018,2023,no
Evan Ndicka,Ivory Coast,CAF,3,AS_Roma,Roma,2023–,2023,,no
Evann Guessand,Ivory Coast,CAF,1,OGC_Nice,Nice B,2018–2020,2018,2020,no
Evann Guessand,Ivory Coast,CAF,2,OGC_Nice,Nice,2020–2025,2020,2025,no
Evann Guessand,Ivory Coast,CAF,3,FC_Lausanne-Sport,Lausanne-Sport,2020–2021,2020,2021,yes
Evann Guessand,Ivory Coast,CAF,4,FC_Nantes,Nantes,2022–2023,2022,2023,yes
Evann Guessand,Ivory Coast,CAF,5,Aston_Villa_F.C.,Aston Villa,2025–,2025,,no
Evann Guessand,Ivory Coast,CAF,6,Crystal_Palace_F.C.,Crystal Palace,2026–,2026,,yes
Alban Lafont,Ivory Coast,CAF,1,Toulouse_FC,Toulouse,2015–2018,2015,2018,no
Alban Lafont,Ivory Coast,CAF,2,ACF_Fiorentina,Fiorentina,2018–2021,2018,2021,no
Alban Lafont,Ivory Coast,CAF,3,FC_Nantes,Nantes,2019–2021,2019,2021,yes
Alban Lafont,Ivory Coast,CAF,4,FC_Nantes,Nantes,2021–,2021,,no
Alban Lafont,Ivory Coast,CAF,5,FC_Nantes,Nantes B,2025,2025,2025,no
Alban Lafont,Ivory Coast,CAF,6,Panathinaikos_F.C.,Panathinaikos,2025–2026,2025,2026,yes
Bazoumana Touré,Ivory Coast,CAF,1,ASEC_Mimosas,ASEC Mimosas,2022–2024,2022,2024,no
Bazoumana Touré,Ivory Coast,CAF,2,Hammarby_Fotboll,Hammarby IF,2024–2025,2024,2025,no
Bazoumana Touré,Ivory Coast,CAF,3,TSG_1899_Hoffenheim,TSG Hoffenheim,2025–,2025,,no
Parfait Guiagon,Ivory Coast,CAF,1,Africa_Sports_d%27Abidjan,Africa Sports,2020,2020,2020,no
Parfait Guiagon,Ivory Coast,CAF,2,Maccabi_Tel_Aviv_F.C.,Maccabi Tel Aviv,2020,2020,2020,yes
Parfait Guiagon,Ivory Coast,CAF,3,Maccabi_Tel_Aviv_F.C.,Maccabi Tel Aviv,2020–2023,2020,2023,no
Parfait Guiagon,Ivory Coast,CAF,4,Beitar_Tel_Aviv_Bat_Yam_F.C.,Beitar Tel Aviv Bat Yam,2020–2021,2020,2021,yes
Parfait Guiagon,Ivory Coast,CAF,5,Maccabi_Netanya_F.C.,Maccabi Netanya,2021–2022,2021,2022,yes
Parfait Guiagon,Ivory Coast,CAF,6,R._Charleroi_S.C.,Charleroi,2023–,2023,,no
Christ Inao Oulaï,Ivory Coast,CAF,1,SC_Bastia,Bastia II,2024–2025,2024,2025,no
Christ Inao Oulaï,Ivory Coast,CAF,2,Trabzonspor,Trabzonspor,2025–,2025,,no
Zion Suzuki,Japan,AFC,1,Urawa_Red_Diamonds,Urawa Red Diamonds,2021–2024,2021,2024,no
Zion Suzuki,Japan,AFC,2,Sint-Truidense_V.V.,Sint-Truiden,2023–2024,2023,2024,yes
Zion Suzuki,Japan,AFC,3,Parma_Calcio_1913,Parma,2024–,2024,,no
Yukinari Sugawara,Japan,AFC,1,Nagoya_Grampus,Nagoya Grampus,2018–2020,2018,2020,no
Yukinari Sugawara,Japan,AFC,2,AZ_Alkmaar,Jong AZ,2019–2020,2019,2020,yes
Yukinari Sugawara,Japan,AFC,3,AZ_Alkmaar,Jong AZ,2020–2021,2020,2021,no
Yukinari Sugawara,Japan,AFC,4,AZ_Alkmaar,AZ,2020–2024,2020,2024,no
Yukinari Sugawara,Japan,AFC,5,Southampton_F.C.,Southampton,2024–26,2024,,no
Yukinari Sugawara,Japan,AFC,6,SV_Werder_Bremen,Werder Bremen,2025–2026,2025,2026,yes
Shōgo Taniguchi,Japan,AFC,1,Kawasaki_Frontale,Kawasaki Frontale,2014–2022,2014,2022,no
Shōgo Taniguchi,Japan,AFC,2,Al-Rayyan_SC,Al-Rayyan,2023–2024,2023,2024,no
Shōgo Taniguchi,Japan,AFC,3,Sint-Truidense_VV,Sint-Truiden,2024–,2024,,no
Kō Itakura,Japan,AFC,1,Kawasaki_Frontale,Kawasaki Frontale,2015–2018,2015,2018,no
Kō Itakura,Japan,AFC,2,J.League_U-22_Selection,J. League U-22,2015,2015,2015,yes
Kō Itakura,Japan,AFC,3,Vegalta_Sendai,Vegalta Sendai,2018,2018,2018,yes
Kō Itakura,Japan,AFC,4,Manchester_City_F.C.,Manchester City,2019–2022,2019,2022,no
Kō Itakura,Japan,AFC,5,FC_Groningen,FC Groningen,2019–2021,2019,2021,yes
Kō Itakura,Japan,AFC,6,FC_Schalke_04,Schalke 04,2021–2022,2021,2022,yes
Kō Itakura,Japan,AFC,7,Borussia_M%C3%B6nchengladbach,Borussia Mönchengladbach,2022–2025,2022,2025,no
Kō Itakura,Japan,AFC,8,AFC_Ajax,Ajax,2025–,2025,,no
Yūto Nagatomo,Japan,AFC,1,FC_Tokyo,FC Tokyo,2007–2011,2007,2011,no
Yūto Nagatomo,Japan,AFC,2,AC_Cesena,Cesena,2010–2011,2010,2011,yes
Yūto Nagatomo,Japan,AFC,3,Inter_Milan,Inter Milan,2011,2011,2011,yes
Yūto Nagatomo,Japan,AFC,4,Inter_Milan,Inter Milan,2011–2018,2011,2018,no
Yūto Nagatomo,Japan,AFC,5,Galatasaray_S.K._(football),Galatasaray,2018,2018,2018,yes
Yūto Nagatomo,Japan,AFC,6,Galatasaray_S.K._(football),Galatasaray,2018–2020,2018,2020,no
Yūto Nagatomo,Japan,AFC,7,Olympique_de_Marseille,Marseille,2020–2021,2020,2021,no
Yūto Nagatomo,Japan,AFC,8,FC_Tokyo,FC Tokyo,2021–,2021,,no
Shūto Machino,Japan,AFC,1,Yokohama_F._Marinos,Yokohama F. Marinos,2018–2019,2018,2019,no
Shūto Machino,Japan,AFC,2,Giravanz_Kitakyushu,Giravanz Kitakyushu,2019,2019,2019,yes
Shūto Machino,Japan,AFC,3,Giravanz_Kitakyushu,Giravanz Kitakyushu,2020,2020,2020,no
Shūto Machino,Japan,AFC,4,Shonan_Bellmare,Shonan Bellmare,2021–2023,2021,2023,no
Shūto Machino,Japan,AFC,5,Holstein_Kiel,Holstein Kiel,2023–2025,2023,2025,no
Shūto Machino,Japan,AFC,6,Borussia_M%C3%B6nchengladbach,Borussia Mönchengladbach,2025–,2025,,no
Ao Tanaka,Japan,AFC,1,Kawasaki_Frontale,Kawasaki Frontale,2018–2022,2018,2022,no
Ao Tanaka,Japan,AFC,2,Fortuna_D%C3%BCsseldorf,Fortuna Düsseldorf,2021–2022,2021,2022,yes
Ao Tanaka,Japan,AFC,3,Fortuna_D%C3%BCsseldorf,Fortuna Düsseldorf,2022–2024,2022,2024,no
Ao Tanaka,Japan,AFC,4,Leeds_United_F.C.,Leeds United,2024–,2024,,no
Takefusa Kubo,Japan,AFC,1,FC_Tokyo_U-23,FC Tokyo U-23,2016–2018,2016,2018,no
Takefusa Kubo,Japan,AFC,2,FC_Tokyo,FC Tokyo,2016–2019,2016,2019,no
Takefusa Kubo,Japan,AFC,3,Yokohama_F._Marinos,Yokohama F. Marinos,2018,2018,2018,yes
Takefusa Kubo,Japan,AFC,4,Real_Madrid_CF,Real Madrid,2019–2022,2019,2022,no
Takefusa Kubo,Japan,AFC,5,RCD_Mallorca,Mallorca,2019–2020,2019,2020,yes
Takefusa Kubo,Japan,AFC,6,Villarreal_CF,Villarreal,2020–2021,2020,2021,yes
Takefusa Kubo,Japan,AFC,7,Getafe_CF,Getafe,2021,2021,2021,yes
Takefusa Kubo,Japan,AFC,8,RCD_Mallorca,Mallorca,2021–2022,2021,2022,yes
Takefusa Kubo,Japan,AFC,9,Real_Sociedad,Real Sociedad,2022–,2022,,no
Keisuke Gotō,Japan,AFC,1,J%C3%BAbilo_Iwata,Júbilo Iwata,2022–2023,2022,2023,no
Keisuke Gotō,Japan,AFC,2,RSCA_Futures,RSCA Futures,2024,2024,2024,yes
Keisuke Gotō,Japan,AFC,3,RSCA_Futures,RSCA Futures,2024–,2024,,no
Keisuke Gotō,Japan,AFC,4,RSC_Anderlecht,Anderlecht,2025–2026,2025,2026,no
Keisuke Gotō,Japan,AFC,5,Sint-Truidense_V.V.,Sint-Truiden,2025–2026,2025,2026,yes
Keisuke Gotō,Japan,AFC,6,SC_Freiburg,SC Freiburg,2026–,2026,,no
Ritsu Dōan,Japan,AFC,1,Gamba_Osaka,Gamba Osaka,2015–2018,2015,2018,no
Ritsu Dōan,Japan,AFC,2,FC_Groningen,Groningen,2017–2018,2017,2018,yes
Ritsu Dōan,Japan,AFC,3,FC_Groningen,Groningen,2018–2019,2018,2019,no
Ritsu Dōan,Japan,AFC,4,PSV_Eindhoven,PSV,2019–2022,2019,2022,no
Ritsu Dōan,Japan,AFC,5,Arminia_Bielefeld,Arminia Bielefeld,2020–2021,2020,2021,yes
Ritsu Dōan,Japan,AFC,6,SC_Freiburg,SC Freiburg,2022–2025,2022,2025,no
Ritsu Dōan,Japan,AFC,7,Eintracht_Frankfurt,Eintracht Frankfurt,2025–,2025,,no
Daizen Maeda,Japan,AFC,1,Matsumoto_Yamaga,Matsumoto Yamaga,2016–2020,2016,2020,no
Daizen Maeda,Japan,AFC,2,Mito_HollyHock,Mito HollyHock,2017,2017,2017,yes
Daizen Maeda,Japan,AFC,3,C.S._Mar%C3%ADtimo,Marítimo,2019–2020,2019,2020,yes
Daizen Maeda,Japan,AFC,4,Yokohama_F._Marinos,Yokohama F. Marinos,2020,2020,2020,yes
Daizen Maeda,Japan,AFC,5,Yokohama_F._Marinos,Yokohama F. Marinos,2021–2022,2021,2022,no
Daizen Maeda,Japan,AFC,6,Celtic_F.C.,Celtic,2022,2022,2022,yes
Daizen Maeda,Japan,AFC,7,Celtic_F.C.,Celtic,2022–,2022,,no
Keisuke Ōsako,Japan,AFC,1,Sanfrecce_Hiroshima,Sanfrecce Hiroshima,2018–,2018,,no
Keito Nakamura,Japan,AFC,1,Gamba_Osaka,Gamba Osaka,2018–2021,2018,2021,no
Keito Nakamura,Japan,AFC,2,Gamba_Osaka_U-23,Gamba Osaka U23,2018–2019,2018,2019,no
Keito Nakamura,Japan,AFC,3,FC_Twente,Twente,2019–2020,2019,2020,yes
Keito Nakamura,Japan,AFC,4,Sint-Truidense_V.V.,Sint-Truiden,2020-2021,2020,2021,yes
Keito Nakamura,Japan,AFC,5,FC_Juniors_O%C3%96,Juniors OÖ,2021,2021,2021,yes
Keito Nakamura,Japan,AFC,6,LASK,LASK,2021–2023,2021,2023,no
Keito Nakamura,Japan,AFC,7,Stade_de_Reims,Reims,2023–,2023,,no
Junya Itō,Japan,AFC,1,Ventforet_Kofu,Ventforet Kofu,2015,2015,2015,no
Junya Itō,Japan,AFC,2,Kashiwa_Reysol,Kashiwa Reysol,2016–2020,2016,2020,no
Junya Itō,Japan,AFC,3,KRC_Genk,Genk,2019–2020,2019,2020,yes
Junya Itō,Japan,AFC,4,KRC_Genk,Genk,2020–2022,2020,2022,no
Junya Itō,Japan,AFC,5,Stade_de_Reims,Reims,2022–2025,2022,2025,no
Junya Itō,Japan,AFC,6,KRC_Genk,Genk,2025–,2025,,no
Daichi Kamada,Japan,AFC,1,Sagan_Tosu,Sagan Tosu,2015–2017,2015,2017,no
Daichi Kamada,Japan,AFC,2,J.League_U-22_Selection,J.League U-22,2015,2015,2015,yes
Daichi Kamada,Japan,AFC,3,Eintracht_Frankfurt,Eintracht Frankfurt,2017–2023,2017,2023,no
Daichi Kamada,Japan,AFC,4,Sint-Truidense_V.V.,Sint-Truiden,2018–2019,2018,2019,yes
Daichi Kamada,Japan,AFC,5,SS_Lazio,Lazio,2023–2024,2023,2024,no
Daichi Kamada,Japan,AFC,6,Crystal_Palace_F.C.,Crystal Palace,2024–,2024,,no
Tsuyoshi Watanabe,Japan,AFC,1,FC_Tokyo_U-23,FC Tokyo U-23,2018–2019,2018,2019,no
Tsuyoshi Watanabe,Japan,AFC,2,FC_Tokyo,FC Tokyo,2019–2021,2019,2021,no
Tsuyoshi Watanabe,Japan,AFC,3,K.V._Kortrijk,Kortrijk,2022–2023,2022,2023,no
Tsuyoshi Watanabe,Japan,AFC,4,KAA_Gent,Gent,2023–2025,2023,2025,no
Tsuyoshi Watanabe,Japan,AFC,5,Feyenoord,Feyenoord,2025–,2025,,no
Yuito Suzuki,Japan,AFC,1,Shimizu_S-Pulse,Shimizu S-Pulse,2020–2023,2020,2023,no
Yuito Suzuki,Japan,AFC,2,RC_Strasbourg_Alsace,Strasbourg,2023,2023,2023,yes
Yuito Suzuki,Japan,AFC,3,Br%C3%B8ndby_IF,Brøndby,2023–2025,2023,2025,no
Yuito Suzuki,Japan,AFC,4,SC_Freiburg,SC Freiburg,2025–,2025,,no
Ayase Ueda,Japan,AFC,1,Kashima_Antlers,Kashima Antlers,2019–2022,2019,2022,no
Ayase Ueda,Japan,AFC,2,Cercle_Brugge_KSV,Cercle Brugge,2022–2023,2022,2023,no
Ayase Ueda,Japan,AFC,3,Feyenoord,Feyenoord,2023–,2023,,no
Kōki Ogawa,Japan,AFC,1,J%C3%BAbilo_Iwata,Júbilo Iwata,2016–2021,2016,2021,no
Kōki Ogawa,Japan,AFC,2,Mito_HollyHock,Mito HollyHock,2019,2019,2019,yes
Kōki Ogawa,Japan,AFC,3,Yokohama_FC,Yokohama FC,2022–2024,2022,2024,no
Kōki Ogawa,Japan,AFC,4,NEC_Nijmegen,NEC Nijmegen,2023–2024,2023,2024,yes
Kōki Ogawa,Japan,AFC,5,NEC_Nijmegen,NEC Nijmegen,2024–,2024,,no
Ayumu Seko,Japan,AFC,1,Cerezo_Osaka_U-23,Cerezo Osaka U-23,2016–2019,2016,2019,no
Ayumu Seko,Japan,AFC,2,Cerezo_Osaka,Cerezo Osaka,2016–2022,2016,2022,no
Ayumu Seko,Japan,AFC,3,Grasshopper_Club_Z%C3%BCrich,Grasshopper,2022–2025,2022,2025,no
Ayumu Seko,Japan,AFC,4,Le_Havre_AC,Le Havre,2025–,2025,,no
Hiroki Itō,Japan,AFC,1,J%C3%BAbilo_Iwata,Júbilo Iwata,2018–2022,2018,2022,no
Hiroki Itō,Japan,AFC,2,Nagoya_Grampus,Nagoya Grampus,2019,2019,2019,yes
Hiroki Itō,Japan,AFC,3,VfB_Stuttgart,VfB Stuttgart,2021–2022,2021,2022,yes
Hiroki Itō,Japan,AFC,4,VfB_Stuttgart,VfB Stuttgart,2022–2024,2022,2024,no
Hiroki Itō,Japan,AFC,5,FC_Bayern_Munich,Bayern Munich,2024–,2024,,no
Takehiro Tomiyasu,Japan,AFC,1,Avispa_Fukuoka,Avispa Fukuoka,2015–2017,2015,2017,no
Takehiro Tomiyasu,Japan,AFC,2,Sint-Truidense_V.V.,Sint-Truiden,2018–2019,2018,2019,no
Takehiro Tomiyasu,Japan,AFC,3,Bologna_F.C._1909,Bologna,2019–2021,2019,2021,no
Takehiro Tomiyasu,Japan,AFC,4,Arsenal_F.C.,Arsenal,2021–2025,2021,2025,no
Takehiro Tomiyasu,Japan,AFC,5,AFC_Ajax,Ajax,2025–,2025,,no
Tomoki Hayakawa,Japan,AFC,1,Kashima_Antlers,Kashima Antlers,2021–,2021,,no
Kaishū Sano,Japan,AFC,1,FC_Machida_Zelvia,Machida Zelvia,2019–2022,2019,2022,no
Kaishū Sano,Japan,AFC,2,Kashima_Antlers,Kashima Antlers,2023–2024,2023,2024,no
Kaishū Sano,Japan,AFC,3,1._FSV_Mainz_05,Mainz 05,2024–,2024,,no
Junnosuke Suzuki,Japan,AFC,1,Shonan_Bellmare,Shonan Bellmare,2022–2025,2022,2025,no
Junnosuke Suzuki,Japan,AFC,2,F.C._Copenhagen,Copenhagen,2025–,2025,,no
Kento Shiogai,Japan,AFC,1,Yokohama_F._Marinos,Yokohama F. Marinos,2024,2024,2024,no
Kento Shiogai,Japan,AFC,2,NEC_Nijmegen,NEC,2024–2026,2024,2026,no
Kento Shiogai,Japan,AFC,3,VfL_Wolfsburg,VfL Wolfsburg,2026–,2026,,no
Bart Verbruggen,Netherlands,UEFA,1,RSC_Anderlecht,Anderlecht,2020–2023,2020,2023,no
Bart Verbruggen,Netherlands,UEFA,2,RSCA_Futures,Anderlecht II,2022–2023,2022,2023,no
Bart Verbruggen,Netherlands,UEFA,3,Brighton_%26_Hove_Albion_F.C.,Brighton & Hove Albion,2023–,2023,,no
Lutsharel Geertruida,Netherlands,UEFA,1,Feyenoord,Feyenoord,2017–2024,2017,2024,no
Lutsharel Geertruida,Netherlands,UEFA,2,RB_Leipzig,RB Leipzig,2024–,2024,,no
Lutsharel Geertruida,Netherlands,UEFA,3,Sunderland_A.F.C.,Sunderland,2025–2026,2025,2026,yes
Marten de Roon,Netherlands,UEFA,1,Sparta_Rotterdam,Sparta Rotterdam,2010–2012,2010,2012,no
Marten de Roon,Netherlands,UEFA,2,SC_Heerenveen,Heerenveen,2012–2015,2012,2015,no
Marten de Roon,Netherlands,UEFA,3,Atalanta_BC,Atalanta,2015–2016,2015,2016,no
Marten de Roon,Netherlands,UEFA,4,Middlesbrough_F.C.,Middlesbrough,2016–2017,2016,2017,no
Marten de Roon,Netherlands,UEFA,5,Atalanta_BC,Atalanta,2017–,2017,,no
Virgil van Dijk,Netherlands,UEFA,1,FC_Groningen,Groningen,2011–2013,2011,2013,no
Virgil van Dijk,Netherlands,UEFA,2,Celtic_F.C.,Celtic,2013–2015,2013,2015,no
Virgil van Dijk,Netherlands,UEFA,3,Southampton_F.C.,Southampton,2015–2018,2015,2018,no
Virgil van Dijk,Netherlands,UEFA,4,Liverpool_F.C.,Liverpool,2018–,2018,,no
Nathan Aké,Netherlands,UEFA,1,Chelsea_F.C.,Chelsea,2012–2017,2012,2017,no
Nathan Aké,Netherlands,UEFA,2,Reading_F.C.,Reading,2015,2015,2015,yes
Nathan Aké,Netherlands,UEFA,3,Watford_F.C.,Watford,2015–2016,2015,2016,yes
Nathan Aké,Netherlands,UEFA,4,AFC_Bournemouth,Bournemouth,2016–2017,2016,2017,yes
Nathan Aké,Netherlands,UEFA,5,AFC_Bournemouth,Bournemouth,2017–2020,2017,2020,no
Nathan Aké,Netherlands,UEFA,6,Manchester_City_F.C.,Manchester City,2020–,2020,,no
Jan Paul van Hecke,Netherlands,UEFA,1,NAC_Breda,NAC Breda,2019–2020,2019,2020,no
Jan Paul van Hecke,Netherlands,UEFA,2,Brighton_%26_Hove_Albion_F.C.,Brighton & Hove Albion,2020–2026,2020,2026,no
Jan Paul van Hecke,Netherlands,UEFA,3,SC_Heerenveen,Heerenveen,2020–2021,2020,2021,yes
Jan Paul van Hecke,Netherlands,UEFA,4,Blackburn_Rovers_F.C.,Blackburn Rovers,2021–2022,2021,2022,yes
Jan Paul van Hecke,Netherlands,UEFA,5,Tottenham_Hotspur_F.C.,Tottenham Hotspur,2026–,2026,,no
Justin Kluivert,Netherlands,UEFA,1,Jong_Ajax,Jong Ajax,2016–2017,2016,2017,no
Justin Kluivert,Netherlands,UEFA,2,AFC_Ajax,Ajax,2016–2018,2016,2018,no
Justin Kluivert,Netherlands,UEFA,3,AS_Roma,Roma,2018–2023,2018,2023,no
Justin Kluivert,Netherlands,UEFA,4,RB_Leipzig,RB Leipzig,2020–2021,2020,2021,yes
Justin Kluivert,Netherlands,UEFA,5,OGC_Nice,Nice,2021–2022,2021,2022,yes
Justin Kluivert,Netherlands,UEFA,6,Valencia_CF,Valencia,2022–2023,2022,2023,yes
Justin Kluivert,Netherlands,UEFA,7,AFC_Bournemouth,Bournemouth,2023–,2023,,no
Ryan Gravenberch,Netherlands,UEFA,1,Jong_Ajax,Jong Ajax,2018–2020,2018,2020,no
Ryan Gravenberch,Netherlands,UEFA,2,AFC_Ajax,Ajax,2018–2022,2018,2022,no
Ryan Gravenberch,Netherlands,UEFA,3,FC_Bayern_Munich,Bayern Munich,2022–2023,2022,2023,no
Ryan Gravenberch,Netherlands,UEFA,4,Liverpool_F.C.,Liverpool,2023–,2023,,no
Wout Weghorst,Netherlands,UEFA,1,FC_Emmen,Emmen,2012–2014,2012,2014,no
Wout Weghorst,Netherlands,UEFA,2,Heracles_Almelo,Heracles,2014–2016,2014,2016,no
Wout Weghorst,Netherlands,UEFA,3,AZ_Alkmaar,AZ,2016–2018,2016,2018,no
Wout Weghorst,Netherlands,UEFA,4,VfL_Wolfsburg,VfL Wolfsburg,2018–2022,2018,2022,no
Wout Weghorst,Netherlands,UEFA,5,Burnley_F.C.,Burnley,2022–2024,2022,2024,no
Wout Weghorst,Netherlands,UEFA,6,Be%C5%9Fikta%C5%9F_J.K.,Beşiktaş,2022–2023,2022,2023,yes
Wout Weghorst,Netherlands,UEFA,7,Manchester_United_F.C.,Manchester United,2023,2023,2023,yes
Wout Weghorst,Netherlands,UEFA,8,TSG_1899_Hoffenheim,Hoffenheim,2023–2024,2023,2024,yes
Wout Weghorst,Netherlands,UEFA,9,AFC_Ajax,Ajax,2024–,2024,,no
Memphis Depay,Netherlands,UEFA,1,PSV_Eindhoven,PSV Eindhoven,2011–2015,2011,2015,no
Memphis Depay,Netherlands,UEFA,2,Manchester_United_F.C.,Manchester United,2015–2017,2015,2017,no
Memphis Depay,Netherlands,UEFA,3,Olympique_Lyonnais,Lyon,2017–2021,2017,2021,no
Memphis Depay,Netherlands,UEFA,4,FC_Barcelona,Barcelona,2021–2023,2021,2023,no
Memphis Depay,Netherlands,UEFA,5,Atl%C3%A9tico_Madrid,Atlético Madrid,2023–2024,2023,2024,no
Memphis Depay,Netherlands,UEFA,6,Sport_Club_Corinthians_Paulista,Corinthians,2024–,2024,,no
Cody Gakpo,Netherlands,UEFA,1,Jong_PSV,Jong PSV,2016–2019,2016,2019,no
Cody Gakpo,Netherlands,UEFA,2,PSV_Eindhoven,PSV,2018–2023,2018,2023,no
Cody Gakpo,Netherlands,UEFA,3,Liverpool_F.C.,Liverpool,2023–,2023,,no
Mats Wieffer,Netherlands,UEFA,1,Jong_FC_Twente,Jong Twente,2018,2018,2018,no
Mats Wieffer,Netherlands,UEFA,2,FC_Twente,Twente,2018–2020,2018,2020,no
Mats Wieffer,Netherlands,UEFA,3,Excelsior_Rotterdam,Excelsior,2020–2022,2020,2022,no
Mats Wieffer,Netherlands,UEFA,4,Feyenoord,Feyenoord,2022–2024,2022,2024,no
Mats Wieffer,Netherlands,UEFA,5,Brighton_%26_Hove_Albion_F.C.,Brighton & Hove Albion,2024–,2024,,no
Robin Roefs,Netherlands,UEFA,1,NEC_Nijmegen,NEC,2019–2025,2019,2025,no
Robin Roefs,Netherlands,UEFA,2,Sunderland_A.F.C.,Sunderland,2025–,2025,,no
Tijjani Reijnders,Netherlands,UEFA,1,PEC_Zwolle,PEC Zwolle,2017,2017,2017,no
Tijjani Reijnders,Netherlands,UEFA,2,Jong_AZ,Jong AZ,2017–2021,2017,2021,no
Tijjani Reijnders,Netherlands,UEFA,3,AZ_Alkmaar,AZ,2018–2023,2018,2023,no
Tijjani Reijnders,Netherlands,UEFA,4,RKC_Waalwijk,RKC Waalwijk,2019–2020,2019,2020,yes
Tijjani Reijnders,Netherlands,UEFA,5,AC_Milan,AC Milan,2023–2025,2023,2025,no
Tijjani Reijnders,Netherlands,UEFA,6,Manchester_City_F.C.,Manchester City,2025–,2025,,no
Micky van de Ven,Netherlands,UEFA,1,FC_Volendam,Volendam,2019–2021,2019,2021,no
Micky van de Ven,Netherlands,UEFA,2,VfL_Wolfsburg,VfL Wolfsburg,2021–2023,2021,2023,no
Micky van de Ven,Netherlands,UEFA,3,Tottenham_Hotspur_F.C.,Tottenham Hotspur,2023–,2023,,no
Guus Til,Netherlands,UEFA,1,Jong_AZ,Jong AZ,2016–2017,2016,2017,no
Guus Til,Netherlands,UEFA,2,AZ_Alkmaar,AZ,2016–2019,2016,2019,no
Guus Til,Netherlands,UEFA,3,FC_Spartak_Moscow,Spartak Moscow,2019–2022,2019,2022,no
Guus Til,Netherlands,UEFA,4,SC_Freiburg,SC Freiburg,2020–2021,2020,2021,yes
Guus Til,Netherlands,UEFA,5,SC_Freiburg_II,SC Freiburg II,2020–2021,2020,2021,yes
Guus Til,Netherlands,UEFA,6,Feyenoord,Feyenoord,2021–2022,2021,2022,yes
Guus Til,Netherlands,UEFA,7,PSV_Eindhoven,PSV,2022–,2022,,no
Noa Lang,Netherlands,UEFA,1,Jong_Ajax,Jong Ajax,2017–2021,2017,2021,no
Noa Lang,Netherlands,UEFA,2,AFC_Ajax,Ajax,2019–2021,2019,2021,no
Noa Lang,Netherlands,UEFA,3,FC_Twente,Twente,2019–2020,2019,2020,yes
Noa Lang,Netherlands,UEFA,4,Club_Brugge_KV,Club Brugge,2020–2021,2020,2021,yes
Noa Lang,Netherlands,UEFA,5,Club_Brugge_KV,Club Brugge,2021–2023,2021,2023,no
Noa Lang,Netherlands,UEFA,6,PSV_Eindhoven,PSV,2023–2025,2023,2025,no
Noa Lang,Netherlands,UEFA,7,SSC_Napoli,Napoli,2025–,2025,,no
Noa Lang,Netherlands,UEFA,8,Galatasaray_S.K._(football),Galatasaray,2026–,2026,,yes
Donyell Malen,Netherlands,UEFA,1,Jong_PSV,Jong PSV,2017–2018,2017,2018,no
Donyell Malen,Netherlands,UEFA,2,PSV_Eindhoven,PSV,2018–2021,2018,2021,no
Donyell Malen,Netherlands,UEFA,3,Borussia_Dortmund,Borussia Dortmund,2021–2025,2021,2025,no
Donyell Malen,Netherlands,UEFA,4,Aston_Villa_F.C.,Aston Villa,2025–2026,2025,2026,no
Donyell Malen,Netherlands,UEFA,5,AS_Roma,Roma,2026,2026,2026,yes
Donyell Malen,Netherlands,UEFA,6,AS_Roma,Roma,2026–,2026,,no
Brian Brobbey,Netherlands,UEFA,1,Jong_Ajax,Jong Ajax,2018–2021,2018,2021,no
Brian Brobbey,Netherlands,UEFA,2,AFC_Ajax,Ajax,2020–2021,2020,2021,no
Brian Brobbey,Netherlands,UEFA,3,RB_Leipzig,RB Leipzig,2021–2022,2021,2022,no
Brian Brobbey,Netherlands,UEFA,4,AFC_Ajax,Ajax,2022,2022,2022,yes
Brian Brobbey,Netherlands,UEFA,5,AFC_Ajax,Ajax,2022–2025,2022,2025,no
Brian Brobbey,Netherlands,UEFA,6,Sunderland_A.F.C.,Sunderland,2025–,2025,,no
Teun Koopmeiners,Netherlands,UEFA,1,Jong_AZ,Jong AZ,2016–2018,2016,2018,no
Teun Koopmeiners,Netherlands,UEFA,2,AZ_Alkmaar,AZ,2017–2021,2017,2021,no
Teun Koopmeiners,Netherlands,UEFA,3,Atalanta_BC,Atalanta,2021–2024,2021,2024,no
Teun Koopmeiners,Netherlands,UEFA,4,Juventus_FC,Juventus,2024–,2024,,no
Frenkie de Jong,Netherlands,UEFA,1,Willem_II_(football_club),Willem II,2015,2015,2015,no
Frenkie de Jong,Netherlands,UEFA,2,Jong_Ajax,Jong Ajax,2015–2017,2015,2017,no
Frenkie de Jong,Netherlands,UEFA,3,AFC_Ajax,Ajax,2016–2019,2016,2019,no
Frenkie de Jong,Netherlands,UEFA,4,FC_Barcelona,Barcelona,2019–,2019,,no
Denzel Dumfries,Netherlands,UEFA,1,Sparta_Rotterdam,Sparta Rotterdam,2014–2017,2014,2017,no
Denzel Dumfries,Netherlands,UEFA,2,SC_Heerenveen,Heerenveen,2017–2018,2017,2018,no
Denzel Dumfries,Netherlands,UEFA,3,PSV_Eindhoven,PSV,2018–2021,2018,2021,no
Denzel Dumfries,Netherlands,UEFA,4,Inter_Milan,Inter Milan,2021–,2021,,no
Mark Flekken,Netherlands,UEFA,1,Alemannia_Aachen,Alemannia Aachen,2012–2013,2012,2013,no
Mark Flekken,Netherlands,UEFA,2,SpVgg_Greuther_F%C3%BCrth,Greuther Fürth,2013–2016,2013,2016,no
Mark Flekken,Netherlands,UEFA,3,SpVgg_Greuther_F%C3%BCrth_II,Greuther Fürth II,2013–2016,2013,2016,no
Mark Flekken,Netherlands,UEFA,4,MSV_Duisburg,MSV Duisburg,2016–2018,2016,2018,no
Mark Flekken,Netherlands,UEFA,5,SC_Freiburg,SC Freiburg,2018–2023,2018,2023,no
Mark Flekken,Netherlands,UEFA,6,SC_Freiburg_II,SC Freiburg II,2021,2021,2021,no
Mark Flekken,Netherlands,UEFA,7,Brentford_F.C.,Brentford,2023–2025,2023,2025,no
Mark Flekken,Netherlands,UEFA,8,Bayer_04_Leverkusen,Bayer Leverkusen,2025–,2025,,no
Crysencio Summerville,Netherlands,UEFA,1,Feyenoord,Feyenoord,2018–2020,2018,2020,no
Crysencio Summerville,Netherlands,UEFA,2,FC_Dordrecht,FC Dordrecht,2018–2019,2018,2019,yes
Crysencio Summerville,Netherlands,UEFA,3,ADO_Den_Haag,ADO Den Haag,2019–2020,2019,2020,yes
Crysencio Summerville,Netherlands,UEFA,4,Leeds_United_F.C.,Leeds United,2020–2024,2020,2024,no
Crysencio Summerville,Netherlands,UEFA,5,West_Ham_United_F.C.,West Ham United,2024–,2024,,no
Jorrel Hato,Netherlands,UEFA,1,Jong_Ajax,Jong Ajax,2022–2023,2022,2023,no
Jorrel Hato,Netherlands,UEFA,2,AFC_Ajax,Ajax,2023–2025,2023,2025,no
Jorrel Hato,Netherlands,UEFA,3,Chelsea_F.C.,Chelsea,2025–,2025,,no
Quinten Timber,Netherlands,UEFA,1,Jong_Ajax,Jong Ajax,2018–2021,2018,2021,no
Quinten Timber,Netherlands,UEFA,2,FC_Utrecht,Utrecht,2021–2022,2021,2022,no
Quinten Timber,Netherlands,UEFA,3,Feyenoord,Feyenoord,2022–2026,2022,2026,no
Quinten Timber,Netherlands,UEFA,4,Olympique_de_Marseille,Marseille,2026–,2026,,no
Jacob Widell Zetterström,Sweden,Unknown,1,IFK_Liding%C3%B6_Fotboll,IFK Lidingö,2015–2018,2015,2018,no
Jacob Widell Zetterström,Sweden,Unknown,2,Djurg%C3%A5rdens_IF_Fotboll,Djurgårdens IF,2019–2024,2019,2024,no
Jacob Widell Zetterström,Sweden,Unknown,3,IFK_Liding%C3%B6_Fotboll,IFK Lidingö,2019,2019,2019,yes
Jacob Widell Zetterström,Sweden,Unknown,4,Derby_County_F.C.,Derby County,2024–,2024,,no
Gustaf Lagerbielke,Sweden,Unknown,1,AIK_Fotboll,AIK,2018,2018,2018,no
Gustaf Lagerbielke,Sweden,Unknown,2,Sollentuna_FK,Sollentuna FK,2018,2018,2018,yes
Gustaf Lagerbielke,Sweden,Unknown,3,Sollentuna_FK,Sollentuna FK,2019–2020,2019,2020,no
Gustaf Lagerbielke,Sweden,Unknown,4,V%C3%A4ster%C3%A5s_SK_Fotboll,Västerås SK,2021,2021,2021,no
Gustaf Lagerbielke,Sweden,Unknown,5,IF_Elfsborg,IF Elfsborg,2021–2023,2021,2023,no
Gustaf Lagerbielke,Sweden,Unknown,6,Degerfors_IF,Degerfors IF,2022,2022,2022,yes
Gustaf Lagerbielke,Sweden,Unknown,7,Celtic_F.C.,Celtic,2023–2025,2023,2025,no
Gustaf Lagerbielke,Sweden,Unknown,8,FC_Twente,Twente,2024–2025,2024,2025,yes
Gustaf Lagerbielke,Sweden,Unknown,9,S.C._Braga,Braga,2025–,2025,,no
Victor Lindelöf,Sweden,Unknown,1,V%C3%A4ster%C3%A5s_SK_Fotboll,Västerås SK,2009–2012,2009,2012,no
Victor Lindelöf,Sweden,Unknown,2,S.L._Benfica_B,Benfica B,2012–2015,2012,2015,no
Victor Lindelöf,Sweden,Unknown,3,S.L._Benfica,Benfica,2013–2017,2013,2017,no
Victor Lindelöf,Sweden,Unknown,4,Manchester_United_F.C.,Manchester United,2017–2025,2017,2025,no
Victor Lindelöf,Sweden,Unknown,5,Aston_Villa_F.C.,Aston Villa,2025–,2025,,no
Isak Hien,Sweden,Unknown,1,Vasalunds_IF,Vasalund,2017–2020,2017,2020,no
Isak Hien,Sweden,Unknown,2,Djurg%C3%A5rdens_IF_Fotboll,Djurgården,2021–2022,2021,2022,no
Isak Hien,Sweden,Unknown,3,Vasalunds_IF,Vasalund,2021,2021,2021,yes
Isak Hien,Sweden,Unknown,4,Hellas_Verona_FC,Hellas Verona,2022–2024,2022,2024,no
Isak Hien,Sweden,Unknown,5,Atalanta_BC,Atalanta,2024–,2024,,no
Gabriel Gudmundsson,Sweden,Unknown,1,Halmstads_BK,Halmstads BK,2016–2019,2016,2019,no
Gabriel Gudmundsson,Sweden,Unknown,2,FC_Groningen,Groningen,2019–2021,2019,2021,no
Gabriel Gudmundsson,Sweden,Unknown,3,Lille_OSC,Lille,2021–2025,2021,2025,no
Gabriel Gudmundsson,Sweden,Unknown,4,Leeds_United_F.C.,Leeds United,2025–,2025,,no
Herman Johansson,Sweden,Unknown,1,Friska_Viljor_FC,Friska Viljor FC,2014–2019,2014,2019,no
Herman Johansson,Sweden,Unknown,2,Sandvikens_IF,Sandvikens IF,2020,2020,2020,no
Herman Johansson,Sweden,Unknown,3,Mj%C3%A4llby_AIF,Mjällby AIF,2021–2025,2021,2025,no
Herman Johansson,Sweden,Unknown,4,FC_Dallas,FC Dallas,2026–,2026,,no
Lucas Bergvall,Sweden,Unknown,1,IF_Brommapojkarna,IF Brommapojkarna,2021–2022,2021,2022,no
Lucas Bergvall,Sweden,Unknown,2,Djurg%C3%A5rdens_IF_Fotboll,Djurgården,2023–2024,2023,2024,no
Lucas Bergvall,Sweden,Unknown,3,Tottenham_Hotspur_F.C.,Tottenham Hotspur,2024–,2024,,no
Daniel Svensson,Sweden,Unknown,1,IF_Brommapojkarna,Brommapojkarna,2020,2020,2020,no
Daniel Svensson,Sweden,Unknown,2,FC_Nordsj%C3%A6lland,Nordsjælland,2020–2025,2020,2025,no
Daniel Svensson,Sweden,Unknown,3,Borussia_Dortmund,Borussia Dortmund,2025,2025,2025,yes
Daniel Svensson,Sweden,Unknown,4,Borussia_Dortmund,Borussia Dortmund,2025–,2025,,no
Alexander Isak,Sweden,Unknown,1,AIK_Fotboll,AIK,2016–2017,2016,2017,no
Alexander Isak,Sweden,Unknown,2,Borussia_Dortmund_II,Borussia Dortmund II,2017–2019,2017,2019,no
Alexander Isak,Sweden,Unknown,3,Borussia_Dortmund,Borussia Dortmund,2017–2019,2017,2019,no
Alexander Isak,Sweden,Unknown,4,Willem_II_(football_club),Willem II,2019,2019,2019,yes
Alexander Isak,Sweden,Unknown,5,Real_Sociedad,Real Sociedad,2019–2022,2019,2022,no
Alexander Isak,Sweden,Unknown,6,Newcastle_United_F.C.,Newcastle United,2022–2025,2022,2025,no
Alexander Isak,Sweden,Unknown,7,Liverpool_F.C.,Liverpool,2025–,2025,,no
Benjamin Nygren,Sweden,Unknown,1,IFK_G%C3%B6teborg,IFK Göteborg,2018–2019,2018,2019,no
Benjamin Nygren,Sweden,Unknown,2,K.R.C._Genk,Genk,2019–2022,2019,2022,no
Benjamin Nygren,Sweden,Unknown,3,SC_Heerenveen,Heerenveen,2020–2022,2020,2022,yes
Benjamin Nygren,Sweden,Unknown,4,FC_Nordsj%C3%A6lland,Nordsjælland,2022–2025,2022,2025,no
Benjamin Nygren,Sweden,Unknown,5,Celtic_F.C.,Celtic,2025–,2025,,no
Anthony Elanga,Sweden,Unknown,1,Manchester_United_F.C.,Manchester United,2021–2023,2021,2023,no
Anthony Elanga,Sweden,Unknown,2,Nottingham_Forest_F.C.,Nottingham Forest,2023–2025,2023,2025,no
Anthony Elanga,Sweden,Unknown,3,Newcastle_United_F.C.,Newcastle United,2025–,2025,,no
Viktor Johansson,Sweden,Unknown,1,Aston_Villa_F.C.,Aston Villa,2017–2018,2017,2018,no
Viktor Johansson,Sweden,Unknown,2,Alfreton_Town_F.C.,Alfreton Town,2018,2018,2018,yes
Viktor Johansson,Sweden,Unknown,3,Leicester_City_F.C.,Leicester City,2018–2020,2018,2020,no
Viktor Johansson,Sweden,Unknown,4,Rotherham_United_F.C.,Rotherham United,2020–2024,2020,2024,no
Viktor Johansson,Sweden,Unknown,5,Stoke_City_F.C.,Stoke City,2024–,2024,,no
Ken Sema,Sweden,Unknown,1,IFK_Norrk%C3%B6ping,IFK Norrköping,2013,2013,2013,no
Ken Sema,Sweden,Unknown,2,IF_Sylvia,IF Sylvia,2013,2013,2013,yes
Ken Sema,Sweden,Unknown,3,Ljungskile_SK,Ljungskile SK,2014–2015,2014,2015,no
Ken Sema,Sweden,Unknown,4,%C3%96stersunds_FK,Östersunds FK,2016–2018,2016,2018,no
Ken Sema,Sweden,Unknown,5,Watford_F.C.,Watford,2018–2025,2018,2025,no
Ken Sema,Sweden,Unknown,6,Udinese_Calcio,Udinese,2019–2020,2019,2020,yes
Ken Sema,Sweden,Unknown,7,Pafos_FC,Pafos,2025–,2025,,no
Hjalmar Ekdal,Sweden,Unknown,1,IK_Frej,IK Frej,2018–2019,2018,2019,no
Hjalmar Ekdal,Sweden,Unknown,2,Assyriska_FF,Assyriska FF,2018,2018,2018,yes
Hjalmar Ekdal,Sweden,Unknown,3,Hammarby_Fotboll,Hammarby IF,2019–2020,2019,2020,no
Hjalmar Ekdal,Sweden,Unknown,4,IK_Frej,IK Frej,2019,2019,2019,yes
Hjalmar Ekdal,Sweden,Unknown,5,IK_Sirius_Fotboll,IK Sirius,2020,2020,2020,yes
Hjalmar Ekdal,Sweden,Unknown,6,Djurg%C3%A5rdens_IF_Fotboll,Djurgårdens IF,2021–2023,2021,2023,no
Hjalmar Ekdal,Sweden,Unknown,7,Burnley_F.C.,Burnley,2023–,2023,,no
Hjalmar Ekdal,Sweden,Unknown,8,FC_Groningen,Groningen,2025,2025,2025,yes
Carl Starfelt,Sweden,Unknown,1,IF_Brommapojkarna,IF Brommapojkarna,2013–2017,2013,2017,no
Carl Starfelt,Sweden,Unknown,2,IFK_G%C3%B6teborg,IFK Göteborg,2018–2019,2018,2019,no
Carl Starfelt,Sweden,Unknown,3,FC_Rubin_Kazan,Rubin Kazan,2019–2021,2019,2021,no
Carl Starfelt,Sweden,Unknown,4,Celtic_F.C.,Celtic,2021–2023,2021,2023,no
Carl Starfelt,Sweden,Unknown,5,RC_Celta_de_Vigo,Celta Vigo,2023–,2023,,no
Jesper Karlström,Sweden,Unknown,1,IF_Brommapojkarna,IF Brommapojkarna,2012–2014,2012,2014,no
Jesper Karlström,Sweden,Unknown,2,Djurg%C3%A5rdens_IF_Fotboll,Djurgårdens IF,2015–2020,2015,2020,no
Jesper Karlström,Sweden,Unknown,3,IF_Brommapojkarna,IF Brommapojkarna,2017,2017,2017,yes
Jesper Karlström,Sweden,Unknown,4,Lech_Pozna%C5%84,Lech Poznań,2021–2024,2021,2024,no
Jesper Karlström,Sweden,Unknown,5,Udinese_Calcio,Udinese,2024–,2024,,no
Viktor Gyökeres,Sweden,Unknown,1,IF_Brommapojkarna,IF Brommapojkarna,2015–2017,2015,2017,no
Viktor Gyökeres,Sweden,Unknown,2,Brighton_%26_Hove_Albion_F.C.,Brighton & Hove Albion,2018–2021,2018,2021,no
Viktor Gyökeres,Sweden,Unknown,3,FC_St._Pauli,St. Pauli,2019–2020,2019,2020,yes
Viktor Gyökeres,Sweden,Unknown,4,Swansea_City_A.F.C.,Swansea City,2020–2021,2020,2021,yes
Viktor Gyökeres,Sweden,Unknown,5,Coventry_City_F.C.,Coventry City,2021,2021,2021,yes
Viktor Gyökeres,Sweden,Unknown,6,Coventry_City_F.C.,Coventry City,2021–2023,2021,2023,no
Viktor Gyökeres,Sweden,Unknown,7,Sporting_CP,Sporting CP,2023–2025,2023,2025,no
Viktor Gyökeres,Sweden,Unknown,8,Arsenal_F.C.,Arsenal,2025–,2025,,no
Yasin Ayari,Sweden,Unknown,1,AIK_Fotboll,AIK,2020–2023,2020,2023,no
Yasin Ayari,Sweden,Unknown,2,Brighton_%26_Hove_Albion_F.C.,Brighton & Hove Albion,2023–,2023,,no
Yasin Ayari,Sweden,Unknown,3,Coventry_City_F.C.,Coventry City,2023–2024,2023,2024,yes
Yasin Ayari,Sweden,Unknown,4,Blackburn_Rovers_F.C.,Blackburn Rovers,2024,2024,2024,yes
Mattias Svanberg,Sweden,Unknown,1,Malm%C3%B6_FF,Malmö FF,2015–2018,2015,2018,no
Mattias Svanberg,Sweden,Unknown,2,Bologna_FC_1909,Bologna,2018–2022,2018,2022,no
Mattias Svanberg,Sweden,Unknown,3,VfL_Wolfsburg,VfL Wolfsburg,2022–,2022,,no
Eric Smith,Sweden,Unknown,1,Halmstads_BK,Halmstads BK,2014–2015,2014,2015,no
Eric Smith,Sweden,Unknown,2,IFK_Norrk%C3%B6ping,IFK Norrköping,2016–2018,2016,2018,no
Eric Smith,Sweden,Unknown,3,K.A.A._Gent,Gent,2018–2021,2018,2021,no
Eric Smith,Sweden,Unknown,4,Troms%C3%B8_IL,Tromsø,2019,2019,2019,yes
Eric Smith,Sweden,Unknown,5,IFK_Norrk%C3%B6ping,IFK Norrköping,2020,2020,2020,yes
Eric Smith,Sweden,Unknown,6,FC_St._Pauli,FC St. Pauli,2021,2021,2021,yes
Eric Smith,Sweden,Unknown,7,FC_St._Pauli,FC St. Pauli,2021–,2021,,no
Alexander Bernhardsson,Sweden,Unknown,1,Jonsereds_IF,Jonsereds IF,2016–2017,2016,2017,no
Alexander Bernhardsson,Sweden,Unknown,2,S%C3%A4vedalens_IF,Sävedalens IF,2018,2018,2018,no
Alexander Bernhardsson,Sweden,Unknown,3,%C3%96rgryte_IS,Örgryte IS,2019,2019,2019,no
Alexander Bernhardsson,Sweden,Unknown,4,IF_Elfsborg,IF Elfsborg,2020–2023,2020,2023,no
Alexander Bernhardsson,Sweden,Unknown,5,Holstein_Kiel,Holstein Kiel,2024–,2024,,no
Besfort Zeneli,Sweden,Unknown,1,IF_Elfsborg,IF Elfsborg,2022–2025,2022,2025,no
Besfort Zeneli,Sweden,Unknown,2,Royale_Union_Saint-Gilloise,Union Saint-Gilloise,2026–,2026,,no
Kristoffer Nordfeldt,Sweden,Unknown,1,IF_Brommapojkarna,IF Brommapojkarna,2006–2011,2006,2011,no
Kristoffer Nordfeldt,Sweden,Unknown,2,SC_Heerenveen,Heerenveen,2012–2015,2012,2015,no
Kristoffer Nordfeldt,Sweden,Unknown,3,Swansea_City_A.F.C.,Swansea City,2015–2019,2015,2019,no
Kristoffer Nordfeldt,Sweden,Unknown,4,Gen%C3%A7lerbirli%C4%9Fi_S.K.,Gençlerbirliği,2019–2021,2019,2021,no
Kristoffer Nordfeldt,Sweden,Unknown,5,AIK_Fotboll,AIK,2021–,2021,,no
Elliot Stroud,Sweden,Unknown,1,IK_Oddevold,IK Oddevold,2019–2022,2019,2022,no
Elliot Stroud,Sweden,Unknown,2,Mj%C3%A4llby_AIF,Mjällby AIF,2023–,2023,,no
Gustaf Nilsson,Sweden,Unknown,1,Falkenbergs_FF,Falkenbergs FF,2014–2016,2014,2016,no
Gustaf Nilsson,Sweden,Unknown,2,Br%C3%B8ndby_IF,Brøndby IF,2016–2018,2016,2018,no
Gustaf Nilsson,Sweden,Unknown,3,Silkeborg_IF,Silkeborg IF,2017–2018,2017,2018,yes
Gustaf Nilsson,Sweden,Unknown,4,Vejle_Boldklub,Vejle BK,2018–2019,2018,2019,no
Gustaf Nilsson,Sweden,Unknown,5,BK_H%C3%A4cken,BK Häcken,2019–2020,2019,2020,no
Gustaf Nilsson,Sweden,Unknown,6,Falkenbergs_FF,Falkenbergs FF,2020,2020,2020,yes
Gustaf Nilsson,Sweden,Unknown,7,SV_Wehen_Wiesbaden,Wehen Wiesbaden,2021–2022,2021,2022,no
Gustaf Nilsson,Sweden,Unknown,8,Royale_Union_Saint-Gilloise,Union SG,2022–2024,2022,2024,no
Gustaf Nilsson,Sweden,Unknown,9,Club_Brugge_KV,Club Brugge,2024–,2024,,no
Taha Ali,Sweden,Unknown,1,Sundbybergs_IK,Sundbybergs IK,2017,2017,2017,no
Taha Ali,Sweden,Unknown,2,IFK_Stocksund,IFK Stocksund,2018–2019,2018,2019,no
Taha Ali,Sweden,Unknown,3,Sollentuna_FK,Sollentuna FK,2020,2020,2020,no
Taha Ali,Sweden,Unknown,4,%C3%96rebro_SK,Örebro SK,2021,2021,2021,no
Taha Ali,Sweden,Unknown,5,V%C3%A4ster%C3%A5s_SK_FK,Västerås SK,2021,2021,2021,yes
Taha Ali,Sweden,Unknown,6,Helsingborgs_IF,Helsingborgs IF,2022,2022,2022,no
Taha Ali,Sweden,Unknown,7,Malm%C3%B6_FF,Malmö FF,2023–,2023,,no
Mouhib Chamakh,Tunisia,CAF,1,CO_M%C3%A9denine,CO Médenine,2017–2022,2017,2022,no
Mouhib Chamakh,Tunisia,CAF,2,ES_M%C3%A9tlaoui,ES Métlaoui,2022–2025,2022,2025,no
Mouhib Chamakh,Tunisia,CAF,3,Club_Africain,Club Africain,2025–,2025,,no
Ali Abdi,Tunisia,CAF,1,JS_Kairouan,JS Kairouan,2011–2012,2011,2012,no
Ali Abdi,Tunisia,CAF,2,Esp%C3%A9rance_Sportive_de_Tunis,Espérance de Tunis,2012–2016,2012,2016,no
Ali Abdi,Tunisia,CAF,3,Stade_Tunisien,Stade Tunisien,2014,2014,2014,yes
Ali Abdi,Tunisia,CAF,4,Club_Africain,Club Africain,2016–2019,2016,2019,no
Ali Abdi,Tunisia,CAF,5,Paris_FC,Paris,2019–2021,2019,2021,no
Ali Abdi,Tunisia,CAF,6,Paris_FC,Paris B,2020,2020,2020,no
Ali Abdi,Tunisia,CAF,7,Stade_Malherbe_Caen,Caen,2021–2024,2021,2024,no
Ali Abdi,Tunisia,CAF,8,Stade_Malherbe_Caen,Caen B,2021,2021,2021,no
Ali Abdi,Tunisia,CAF,9,OGC_Nice,Nice,2024–,2024,,no
Montassar Talbi,Tunisia,CAF,1,Esp%C3%A9rance_Sportive_de_Tunis,Espérance de Tunis,2017–2018,2017,2018,no
Montassar Talbi,Tunisia,CAF,2,%C3%87aykur_Rizespor,Çaykur Rizespor,2018–2021,2018,2021,no
Montassar Talbi,Tunisia,CAF,3,Benevento_Calcio,Benevento,2021,2021,2021,no
Montassar Talbi,Tunisia,CAF,4,FC_Rubin_Kazan,Rubin Kazan,2021–2022,2021,2022,no
Montassar Talbi,Tunisia,CAF,5,FC_Lorient,Lorient,2022–,2022,,no
Omar Rekik,Tunisia,CAF,1,Hertha_BSC_II,Hertha BSC II,2020–2021,2020,2021,no
Omar Rekik,Tunisia,CAF,2,Arsenal_F.C.,Arsenal,2021–2024,2021,2024,no
Omar Rekik,Tunisia,CAF,3,Sparta_Rotterdam,Sparta Rotterdam,2022–2023,2022,2023,yes
Omar Rekik,Tunisia,CAF,4,Sparta_Rotterdam,Jong Sparta,2022,2022,2022,yes
Omar Rekik,Tunisia,CAF,5,Wigan_Athletic_F.C.,Wigan Athletic,2023,2023,2023,yes
Omar Rekik,Tunisia,CAF,6,Wigan_Athletic_F.C.,Wigan Athletic,2023–2024,2023,2024,yes
Omar Rekik,Tunisia,CAF,7,Servette_FC,Servette,2024,2024,2024,yes
Omar Rekik,Tunisia,CAF,8,NK_Maribor,Maribor,2025–,2025,,no
Adem Arous,Tunisia,CAF,1,Stade_Tunisien,Stade Tunisien,2022–2025,2022,2025,no
Adem Arous,Tunisia,CAF,2,Kas%C4%B1mpa%C5%9Fa_S.K.,Kasımpaşa,2025–,2025,,no
Dylan Bronn,Tunisia,CAF,1,AS_Cannes,Cannes,2013–2016,2013,2016,no
Dylan Bronn,Tunisia,CAF,2,Chamois_Niortais_F.C.,Chamois Niortais,2016–2017,2016,2017,no
Dylan Bronn,Tunisia,CAF,3,K.A.A._Gent,Gent,2017–2019,2017,2019,no
Dylan Bronn,Tunisia,CAF,4,FC_Metz,Metz,2020–2022,2020,2022,no
Dylan Bronn,Tunisia,CAF,5,US_Salernitana_1919,Salernitana,2022–2025,2022,2025,no
Dylan Bronn,Tunisia,CAF,6,Servette_FC,Servette,2024,2024,2024,yes
Dylan Bronn,Tunisia,CAF,7,Servette_FC,Servette,2025–,2025,,no
Elias Achouri,Tunisia,CAF,1,Vit%C3%B3ria_S.C._B,Vitória Guimarães B,2019–2020,2019,2020,no
Elias Achouri,Tunisia,CAF,2,G.D._Estoril_Praia,Estoril,2020–2022,2020,2022,no
Elias Achouri,Tunisia,CAF,3,C.D._Trofense,Trofense,2021–2022,2021,2022,yes
Elias Achouri,Tunisia,CAF,4,Viborg_FF,Viborg,2022–2023,2022,2023,no
Elias Achouri,Tunisia,CAF,5,F.C._Copenhagen,Copenhagen,2023–,2023,,no
Elias Saad,Tunisia,CAF,1,HSV_Barmbek-Uhlenhorst,HSV Barmbek-Uhlenhorst,2019–2021,2019,2021,no
Elias Saad,Tunisia,CAF,2,FC_Eintracht_Norderstedt_03,Eintracht Norderstedt,2021–2022,2021,2022,no
Elias Saad,Tunisia,CAF,3,FC_St._Pauli_II,FC St. Pauli II,2023–2024,2023,2024,no
Elias Saad,Tunisia,CAF,4,FC_St._Pauli,FC St. Pauli,2023–2025,2023,2025,no
Elias Saad,Tunisia,CAF,5,FC_Augsburg,FC Augsburg,2025–,2025,,no
Elias Saad,Tunisia,CAF,6,Hannover_96,Hannover 96,2026–,2026,,yes
Hazem Mastouri,Tunisia,CAF,1,Degache,AS Degache,2016–2020,2016,2020,no
Hazem Mastouri,Tunisia,CAF,2,Tozeur,LPS Tozeur,2020–2021,2020,2021,no
Hazem Mastouri,Tunisia,CAF,3,ES_M%C3%A9tlaoui,ES Métlaoui,2021–2023,2021,2023,no
Hazem Mastouri,Tunisia,CAF,4,Al-Najaf_FC,Al-Najaf FC,2023–2024,2023,2024,no
Hazem Mastouri,Tunisia,CAF,5,US_Monastir_(football),US Monastir,2024–2025,2024,2025,no
Hazem Mastouri,Tunisia,CAF,6,FC_Dynamo_Makhachkala,Dynamo Makhachkala,2025–,2025,,no
Hannibal Mejbri,Tunisia,CAF,1,Manchester_United_F.C.,Manchester United,2021–2024,2021,2024,no
Hannibal Mejbri,Tunisia,CAF,2,Birmingham_City_F.C.,Birmingham City,2022–2023,2022,2023,yes
Hannibal Mejbri,Tunisia,CAF,3,Sevilla_FC,Sevilla,2024,2024,2024,yes
Hannibal Mejbri,Tunisia,CAF,4,Burnley_F.C.,Burnley,2024–,2024,,no
Ismaël Gharbi,Tunisia,CAF,1,Paris_Saint-Germain_F.C.,Paris Saint-Germain,2021–2024,2021,2024,no
Ismaël Gharbi,Tunisia,CAF,2,FC_Stade_Lausanne_Ouchy,Stade Lausanne Ouchy,2023–2024,2023,2024,yes
Ismaël Gharbi,Tunisia,CAF,3,S.C._Braga,Braga,2024–,2024,,no
Ismaël Gharbi,Tunisia,CAF,4,FC_Augsburg,FC Augsburg,2025–,2025,,yes
Mortadha Ben Ouanes,Tunisia,CAF,1,%C3%89toile_Sportive_du_Sahel,ES Sahel,2013–2015,2013,2015,no
Mortadha Ben Ouanes,Tunisia,CAF,2,US_Monastir_(football),US Monastir,2015,2015,2015,yes
Mortadha Ben Ouanes,Tunisia,CAF,3,CA_Bizertin,CA Bizertin,2015–2018,2015,2018,no
Mortadha Ben Ouanes,Tunisia,CAF,4,%C3%89toile_Sportive_du_Sahel,ES Sahel,2018–2021,2018,2021,no
Mortadha Ben Ouanes,Tunisia,CAF,5,Kas%C4%B1mpa%C5%9Fa_S.K.,Kasımpaşa,2021–,2021,,no
Rani Khedira,Tunisia,CAF,1,VfB_Stuttgart_II,VfB Stuttgart II,2012–2014,2012,2014,no
Rani Khedira,Tunisia,CAF,2,VfB_Stuttgart,VfB Stuttgart,2014,2014,2014,no
Rani Khedira,Tunisia,CAF,3,RB_Leipzig,RB Leipzig,2014–2017,2014,2017,no
Rani Khedira,Tunisia,CAF,4,RB_Leipzig_II,RB Leipzig II,2015–2016,2015,2016,no
Rani Khedira,Tunisia,CAF,5,FC_Augsburg,Augsburg,2017–2021,2017,2021,no
Rani Khedira,Tunisia,CAF,6,1._FC_Union_Berlin,Union Berlin,2021–,2021,,no
Khalil Ayari,Tunisia,CAF,1,Stade_Tunisien,Stade Tunisien,2024–,2024,,no
Khalil Ayari,Tunisia,CAF,2,Paris_Saint-Germain_FC,Paris Saint-Germain,2025–,2025,,yes
Hadj Mahmoud,Tunisia,CAF,1,%C3%89toile_Sportive_du_Sahel,Étoile du Sahel,2019–2021,2019,2021,no
Hadj Mahmoud,Tunisia,CAF,2,FC_Lugano,Lugano,2021–,2021,,no
Aymen Dahmen,Tunisia,CAF,1,CS_Sfaxien,CS Sfaxien,2018–2023,2018,2023,no
Aymen Dahmen,Tunisia,CAF,2,Al-Hazem_F.C.,Al-Hazem,2023–2024,2023,2024,no
Aymen Dahmen,Tunisia,CAF,3,CS_Sfaxien,CS Sfaxien,2024–,2024,,no
Ellyes Skhiri,Tunisia,CAF,1,Montpellier_HSC,Montpellier B,2014–2015,2014,2015,no
Ellyes Skhiri,Tunisia,CAF,2,Montpellier_HSC,Montpellier,2015–2019,2015,2019,no
Ellyes Skhiri,Tunisia,CAF,3,1._FC_K%C3%B6ln,1. FC Köln,2019–2023,2019,2023,no
Ellyes Skhiri,Tunisia,CAF,4,Eintracht_Frankfurt,Eintracht Frankfurt,2023–,2023,,no
Rayan Elloumi,Tunisia,CAF,1,Whitecaps_FC_Academy,Whitecaps FC Academy,2024,2024,2024,no
Rayan Elloumi,Tunisia,CAF,2,Whitecaps_FC_2,Whitecaps FC 2,2024–2025,2024,2025,no
Rayan Elloumi,Tunisia,CAF,3,Vancouver_Whitecaps_FC,Vancouver Whitecaps FC,2025,2025,2025,yes
Rayan Elloumi,Tunisia,CAF,4,Vancouver_Whitecaps_FC,Vancouver Whitecaps FC,2025–,2025,,no
Firas Chaouat,Tunisia,CAF,1,CS_Sfaxien,CS Sfaxien,2015–2020,2015,2020,no
Firas Chaouat,Tunisia,CAF,2,Abha_Club,Abha,2019–2020,2019,2020,yes
Firas Chaouat,Tunisia,CAF,3,Ismaily_SC,Ismaily,2022–2023,2022,2023,no
Firas Chaouat,Tunisia,CAF,4,Al-Muharraq_SC,Al Muharraq,2023–2024,2023,2024,no
Firas Chaouat,Tunisia,CAF,5,%C3%89toile_Sportive_du_Sahel,Étoile Sportive du Sahel,2024–2025,2024,2025,no
Firas Chaouat,Tunisia,CAF,6,Club_Africain,Club Africain,2025–,2025,,no
Yan Valery,Tunisia,CAF,1,Southampton_F.C.,Southampton,2018–2022,2018,2022,no
Yan Valery,Tunisia,CAF,2,Birmingham_City_F.C.,Birmingham City,2021,2021,2021,yes
Yan Valery,Tunisia,CAF,3,Angers_SCO,Angers,2022–2024,2022,2024,no
Yan Valery,Tunisia,CAF,4,Sheffield_Wednesday_F.C.,Sheffield Wednesday,2024–,2024,,no
Yan Valery,Tunisia,CAF,5,BSC_Young_Boys,Young Boys,2026,2026,2026,yes
Mohamed Amine Ben Hamida,Tunisia,CAF,1,Esp%C3%A9rance_Sportive_de_Tunis,Espérance de Tunis,2016–,2016,,no
Mohamed Amine Ben Hamida,Tunisia,CAF,2,Olympique_B%C3%A9ja,Olympique Béja,2016–2017,2016,2017,yes
Mohamed Amine Ben Hamida,Tunisia,CAF,3,AS_Soliman,AS Soliman,2017–2019,2017,2019,yes
Sabri Ben Hessen,Tunisia,CAF,1,CS_Sfaxien,CS Sfaxien,2013–2025,2013,2025,no
Sabri Ben Hessen,Tunisia,CAF,2,CS_Hammam-Lif,CS Hammam-Lif,2018,2018,2018,yes
Sabri Ben Hessen,Tunisia,CAF,3,%C3%89toile_Sportive_du_Sahel,ES Sahel,2025–,2025,,no
Moutaz Neffati,Tunisia,CAF,1,IFK_Norrk%C3%B6ping,IFK Norrköping,2023–,2023,,no
Moutaz Neffati,Tunisia,CAF,2,IF_Sylvia,IF Sylvia,2023,2023,2023,yes
Moutaz Neffati,Tunisia,CAF,3,Knattspyrnuf%C3%A9lag_Reykjav%C3%ADkur,KR,2024,2024,2024,yes
Raed Chikhaoui,Tunisia,CAF,1,ES_Hammam_Sousse,Hammam Sousse,2022–2024,2022,2024,no
Raed Chikhaoui,Tunisia,CAF,2,US_Monastir_(football),US Monastir,2024–,2024,,no
Anis Ben Slimane,Tunisia,CAF,1,Akademisk_Boldklub,AB,2017–2019,2017,2019,no
Anis Ben Slimane,Tunisia,CAF,2,Br%C3%B8ndby_IF,Brøndby,2020–2023,2020,2023,no
Anis Ben Slimane,Tunisia,CAF,3,Sheffield_United_F.C.,Sheffield United,2023–2025,2023,2025,no
Anis Ben Slimane,Tunisia,CAF,4,Norwich_City_F.C.,Norwich City,2024–2025,2024,2025,yes
Anis Ben Slimane,Tunisia,CAF,5,Norwich_City_F.C.,Norwich City,2025–,2025,,no
Sebastian Tounekti,Tunisia,CAF,1,Tromsdalen_UIL,Tromsdalen,2018–2019,2018,2019,no
Sebastian Tounekti,Tunisia,CAF,2,FK_Bod%C3%B8/Glimt,Bodø/Glimt,2020–2022,2020,2022,no
Sebastian Tounekti,Tunisia,CAF,3,FC_Groningen,Groningen,2021–2022,2021,2022,yes
Sebastian Tounekti,Tunisia,CAF,4,FK_Haugesund,Haugesund,2022–2025,2022,2025,no
Sebastian Tounekti,Tunisia,CAF,5,Ranheim_Fotball,Ranheim,2023,2023,2023,yes
Sebastian Tounekti,Tunisia,CAF,6,Hammarby_Fotboll,Hammarby IF,2025,2025,2025,no
Sebastian Tounekti,Tunisia,CAF,7,Celtic_FC,Celtic,2025–,2025,,no
Thibaut Courtois,Belgium,UEFA,1,KRC_Genk,Genk,2009–2011,2009,2011,no
Thibaut Courtois,Belgium,UEFA,2,Chelsea_F.C.,Chelsea,2011–2018,2011,2018,no
Thibaut Courtois,Belgium,UEFA,3,Atl%C3%A9tico_Madrid,Atlético Madrid,2011–2014,2011,2014,yes
Thibaut Courtois,Belgium,UEFA,4,Real_Madrid_CF,Real Madrid,2018–,2018,,no
Zeno Debast,Belgium,UEFA,1,R.S.C._Anderlecht,Anderlecht,2021–2024,2021,2024,no
Zeno Debast,Belgium,UEFA,2,Sporting_CP,Sporting CP,2024–,2024,,no
Arthur Theate,Belgium,UEFA,1,KV_Oostende,Oostende,2020–2022,2020,2022,no
Arthur Theate,Belgium,UEFA,2,Bologna_FC_1909,Bologna,2021–2022,2021,2022,yes
Arthur Theate,Belgium,UEFA,3,Stade_Rennais_FC,Rennes,2022–2025,2022,2025,no
Arthur Theate,Belgium,UEFA,4,Eintracht_Frankfurt,Eintracht Frankfurt,2024–2025,2024,2025,yes
Arthur Theate,Belgium,UEFA,5,Eintracht_Frankfurt,Eintracht Frankfurt,2025–,2025,,no
Brandon Mechele,Belgium,UEFA,1,Club_Brugge_KV,Club Brugge,2013–,2013,,no
Brandon Mechele,Belgium,UEFA,2,Sint-Truidense_V.V.,Sint-Truidense,2016–2017,2016,2017,yes
Maxim De Cuyper,Belgium,UEFA,1,Club_Brugge_KV,Club Brugge,2020–2025,2020,2025,no
Maxim De Cuyper,Belgium,UEFA,2,Club_NXT,Club NXT,2020–2021,2020,2021,no
Maxim De Cuyper,Belgium,UEFA,3,KVC_Westerlo,Westerlo,2021–2023,2021,2023,yes
Maxim De Cuyper,Belgium,UEFA,4,Brighton_%26_Hove_Albion_F.C.,Brighton & Hove Albion,2025–,2025,,no
Axel Witsel,Belgium,UEFA,1,Standard_Li%C3%A8ge,Standard Liège,2006–2011,2006,2011,no
Axel Witsel,Belgium,UEFA,2,S.L._Benfica,Benfica,2011–2012,2011,2012,no
Axel Witsel,Belgium,UEFA,3,FC_Zenit_Saint_Petersburg,Zenit Saint Petersburg,2012–2016,2012,2016,no
Axel Witsel,Belgium,UEFA,4,Tianjin_Quanjian_F.C.,Tianjin Quanjian,2017–2018,2017,2018,no
Axel Witsel,Belgium,UEFA,5,Borussia_Dortmund,Borussia Dortmund,2018–2022,2018,2022,no
Axel Witsel,Belgium,UEFA,6,Atl%C3%A9tico_Madrid,Atlético Madrid,2022–2025,2022,2025,no
Axel Witsel,Belgium,UEFA,7,Girona_FC,Girona,2025–,2025,,no
Kevin De Bruyne,Belgium,UEFA,1,KRC_Genk,Genk,2008–2012,2008,2012,no
Kevin De Bruyne,Belgium,UEFA,2,Chelsea_F.C.,Chelsea,2012–2014,2012,2014,no
Kevin De Bruyne,Belgium,UEFA,3,SV_Werder_Bremen,Werder Bremen,2012–2013,2012,2013,yes
Kevin De Bruyne,Belgium,UEFA,4,VfL_Wolfsburg,VfL Wolfsburg,2014–2015,2014,2015,no
Kevin De Bruyne,Belgium,UEFA,5,Manchester_City_F.C.,Manchester City,2015–2025,2015,2025,no
Kevin De Bruyne,Belgium,UEFA,6,SSC_Napoli,Napoli,2025–,2025,,no
Youri Tielemans,Belgium,UEFA,1,R.S.C._Anderlecht,Anderlecht,2013–2017,2013,2017,no
Youri Tielemans,Belgium,UEFA,2,AS_Monaco_FC,Monaco,2017–2019,2017,2019,no
Youri Tielemans,Belgium,UEFA,3,Leicester_City_F.C.,Leicester City,2019,2019,2019,yes
Youri Tielemans,Belgium,UEFA,4,Leicester_City_F.C.,Leicester City,2019–2023,2019,2023,no
Youri Tielemans,Belgium,UEFA,5,Aston_Villa_F.C.,Aston Villa,2023–,2023,,no
Romelu Lukaku,Belgium,UEFA,1,R.S.C._Anderlecht,Anderlecht,2009–2011,2009,2011,no
Romelu Lukaku,Belgium,UEFA,2,Chelsea_F.C.,Chelsea,2011–2014,2011,2014,no
Romelu Lukaku,Belgium,UEFA,3,West_Bromwich_Albion_F.C.,West Bromwich Albion,2012–2013,2012,2013,yes
Romelu Lukaku,Belgium,UEFA,4,Everton_F.C.,Everton,2013–2017,2013,2017,no
Romelu Lukaku,Belgium,UEFA,5,Manchester_United_F.C.,Manchester United,2017–2019,2017,2019,no
Romelu Lukaku,Belgium,UEFA,6,Inter_Milan,Inter Milan,2019–2021,2019,2021,no
Romelu Lukaku,Belgium,UEFA,7,Chelsea_F.C.,Chelsea,2021–2024,2021,2024,no
Romelu Lukaku,Belgium,UEFA,8,Inter_Milan,Inter Milan,2022–2023,2022,2023,yes
Romelu Lukaku,Belgium,UEFA,9,AS_Roma,Roma,2023–2024,2023,2024,yes
Romelu Lukaku,Belgium,UEFA,10,SSC_Napoli,Napoli,2024–,2024,,no
Leandro Trossard,Belgium,UEFA,1,K.R.C._Genk,Genk,2012–2019,2012,2019,no
Leandro Trossard,Belgium,UEFA,2,Lommel_S.K.,Lommel United,2012–2013,2012,2013,yes
Leandro Trossard,Belgium,UEFA,3,K.V.C._Westerlo,Westerlo,2013–2014,2013,2014,yes
Leandro Trossard,Belgium,UEFA,4,Lommel_S.K.,Lommel United,2014–2015,2014,2015,yes
Leandro Trossard,Belgium,UEFA,5,Oud-Heverlee_Leuven,OH Leuven,2015–2016,2015,2016,yes
Leandro Trossard,Belgium,UEFA,6,Brighton_%26_Hove_Albion_F.C.,Brighton & Hove Albion,2019–2023,2019,2023,no
Leandro Trossard,Belgium,UEFA,7,Arsenal_F.C.,Arsenal,2023–,2023,,no
Jérémy Doku,Belgium,UEFA,1,RSC_Anderlecht,Anderlecht,2018–2020,2018,2020,no
Jérémy Doku,Belgium,UEFA,2,Stade_Rennais_FC,Rennes,2020–2023,2020,2023,no
Jérémy Doku,Belgium,UEFA,3,Manchester_City_F.C.,Manchester City,2023–,2023,,no
Senne Lammens,Belgium,UEFA,1,Club_NXT,Club NXT,2020–2023,2020,2023,no
Senne Lammens,Belgium,UEFA,2,Club_Brugge_KV,Club Brugge,2020–2023,2020,2023,no
Senne Lammens,Belgium,UEFA,3,Royal_Antwerp_FC,Young Reds Antwerp,2023–2025,2023,2025,no
Senne Lammens,Belgium,UEFA,4,Manchester_United_F.C.,Manchester United,2025–,2025,,no
Mike Penders,Belgium,UEFA,1,Jong_Genk,Jong Genk,2022–2024,2022,2024,no
Mike Penders,Belgium,UEFA,2,KRC_Genk,Genk,2024–2025,2024,2025,no
Mike Penders,Belgium,UEFA,3,Chelsea_F.C.,Chelsea,2025–,2025,,no
Mike Penders,Belgium,UEFA,4,RC_Strasbourg_Alsace,Strasbourg,2025–2026,2025,2026,yes
Dodi Lukébakio,Belgium,UEFA,1,R.S.C._Anderlecht,Anderlecht,2015–2018,2015,2018,no
Dodi Lukébakio,Belgium,UEFA,2,Toulouse_FC,Toulouse,2016–2017,2016,2017,yes
Dodi Lukébakio,Belgium,UEFA,3,R._Charleroi_S.C.,Charleroi,2017–2018,2017,2018,yes
Dodi Lukébakio,Belgium,UEFA,4,R._Charleroi_S.C.,Charleroi,2018-2019,2018,2019,no
Dodi Lukébakio,Belgium,UEFA,5,Watford_F.C.,Watford,2018–2019,2018,2019,no
Dodi Lukébakio,Belgium,UEFA,6,Fortuna_D%C3%BCsseldorf,Fortuna Düsseldorf,2018–2019,2018,2019,yes
Dodi Lukébakio,Belgium,UEFA,7,Hertha_BSC,Hertha BSC,2019–2023,2019,2023,no
Dodi Lukébakio,Belgium,UEFA,8,VfL_Wolfsburg,VfL Wolfsburg,2021–2022,2021,2022,yes
Dodi Lukébakio,Belgium,UEFA,9,Sevilla_FC,Sevilla,2023–2025,2023,2025,no
Dodi Lukébakio,Belgium,UEFA,10,S.L._Benfica,Benfica,2025–,2025,,no
Thomas Meunier,Belgium,UEFA,1,Royal_Excelsior_Virton,Virton,2009–2011,2009,2011,no
Thomas Meunier,Belgium,UEFA,2,Club_Brugge_KV,Club Brugge,2011–2016,2011,2016,no
Thomas Meunier,Belgium,UEFA,3,Paris_Saint-Germain_FC,Paris Saint-Germain,2016–2020,2016,2020,no
Thomas Meunier,Belgium,UEFA,4,Borussia_Dortmund,Borussia Dortmund,2020–2024,2020,2024,no
Thomas Meunier,Belgium,UEFA,5,Borussia_Dortmund_II,Borussia Dortmund II,2023,2023,2023,no
Thomas Meunier,Belgium,UEFA,6,Trabzonspor,Trabzonspor,2024,2024,2024,no
Thomas Meunier,Belgium,UEFA,7,Lille_OSC,Lille,2024–,2024,,no
Koni De Winter,Belgium,UEFA,1,Juventus_FC_Under-23,Juventus U23,2021–2022,2021,2022,no
Koni De Winter,Belgium,UEFA,2,Juventus_FC,Juventus,2021–2024,2021,2024,no
Koni De Winter,Belgium,UEFA,3,Empoli_FC,Empoli,2022–2023,2022,2023,yes
Koni De Winter,Belgium,UEFA,4,Genoa_CFC,Genoa,2023–2024,2023,2024,yes
Koni De Winter,Belgium,UEFA,5,Genoa_CFC,Genoa,2024–2025,2024,2025,no
Koni De Winter,Belgium,UEFA,6,AC_Milan,AC Milan,2025–,2025,,no
Charles De Ketelaere,Belgium,UEFA,1,Club_Brugge_KV,Club Brugge,2019–2022,2019,2022,no
Charles De Ketelaere,Belgium,UEFA,2,AC_Milan,AC Milan,2022–2024,2022,2024,no
Charles De Ketelaere,Belgium,UEFA,3,Atalanta_BC,Atalanta,2023–2024,2023,2024,yes
Charles De Ketelaere,Belgium,UEFA,4,Atalanta_BC,Atalanta,2024–,2024,,no
Joaquin Seys,Belgium,UEFA,1,Club_NXT,Club NXT,2022–2024,2022,2024,no
Joaquin Seys,Belgium,UEFA,2,Club_Brugge_KV,Club Brugge,2024–,2024,,no
Diego Moreira,Belgium,UEFA,1,S.L._Benfica_B,Benfica B,2021–2023,2021,2023,no
Diego Moreira,Belgium,UEFA,2,S.L._Benfica,Benfica,2022–2023,2022,2023,no
Diego Moreira,Belgium,UEFA,3,Chelsea_F.C.,Chelsea,2023–2024,2023,2024,no
Diego Moreira,Belgium,UEFA,4,Olympique_Lyonnais,Lyon,2023–2024,2023,2024,yes
Diego Moreira,Belgium,UEFA,5,RC_Strasbourg_Alsace,Strasbourg,2024–,2024,,no
Hans Vanaken,Belgium,UEFA,1,Lommel_SK,Lommel United,2010–2013,2010,2013,no
Hans Vanaken,Belgium,UEFA,2,KSC_Lokeren_Oost-Vlaanderen,Lokeren,2013–2015,2013,2015,no
Hans Vanaken,Belgium,UEFA,3,Club_Brugge_KV,Club Brugge,2015–,2015,,no
Timothy Castagne,Belgium,UEFA,1,K.R.C._Genk,Genk,2014–2017,2014,2017,no
Timothy Castagne,Belgium,UEFA,2,Atalanta_BC,Atalanta,2017–2020,2017,2020,no
Timothy Castagne,Belgium,UEFA,3,Leicester_City_F.C.,Leicester City,2020–2023,2020,2023,no
Timothy Castagne,Belgium,UEFA,4,Fulham_F.C.,Fulham,2023–,2023,,no
Alexis Saelemaekers,Belgium,UEFA,1,RSC_Anderlecht,Anderlecht,2018–2020,2018,2020,no
Alexis Saelemaekers,Belgium,UEFA,2,AC_Milan,AC Milan,2020,2020,2020,yes
Alexis Saelemaekers,Belgium,UEFA,3,AC_Milan,AC Milan,2020–,2020,,no
Alexis Saelemaekers,Belgium,UEFA,4,Bologna_FC_1909,Bologna,2023–2024,2023,2024,yes
Alexis Saelemaekers,Belgium,UEFA,5,AS_Roma,Roma,2024–2025,2024,2025,yes
Nicolas Raskin,Belgium,UEFA,1,KAA_Gent,Gent,2018–2019,2018,2019,no
Nicolas Raskin,Belgium,UEFA,2,Standard_Li%C3%A8ge,Standard Liège,2019–2023,2019,2023,no
Nicolas Raskin,Belgium,UEFA,3,Rangers_F.C.,Rangers,2023–,2023,,no
Amadou Onana,Belgium,UEFA,1,TSG_1899_Hoffenheim_II,TSG Hoffenheim II,2019–2020,2019,2020,no
Amadou Onana,Belgium,UEFA,2,Hamburger_SV,Hamburger SV,2020–2021,2020,2021,no
Amadou Onana,Belgium,UEFA,3,Lille_OSC,Lille,2021–2022,2021,2022,no
Amadou Onana,Belgium,UEFA,4,Everton_F.C.,Everton,2022–2024,2022,2024,no
Amadou Onana,Belgium,UEFA,5,Aston_Villa_F.C.,Aston Villa,2024–,2024,,no
Nathan Ngoy,Belgium,UEFA,1,Standard_Li%C3%A8ge,Standard Liège,2020–2025,2020,2025,no
Nathan Ngoy,Belgium,UEFA,2,Lille_OSC,Lille,2025–,2025,,no
Matias Fernandez-Pardo,Belgium,UEFA,1,KAA_Gent,Gent II,2022–2024,2022,2024,no
Matias Fernandez-Pardo,Belgium,UEFA,2,KAA_Gent,Gent,2023–2024,2023,2024,no
Matias Fernandez-Pardo,Belgium,UEFA,3,Lille_OSC,Lille,2024–,2024,,no
Mohamed El Shenawy,Egypt,CAF,1,Al_Ahly_SC,Al Ahly,2007–2008,2007,2008,no
Mohamed El Shenawy,Egypt,CAF,2,Tala%27ea_El_Gaish_SC,Tala'ea El-Gaish,2009–2013,2009,2013,no
Mohamed El Shenawy,Egypt,CAF,3,Haras_El_Hodoud_SC,Haras El-Hodoud,2012–2013,2012,2013,yes
Mohamed El Shenawy,Egypt,CAF,4,Petrojet_SC,Petrojet,2013–2016,2013,2016,no
Mohamed El Shenawy,Egypt,CAF,5,Al_Ahly_SC,Al Ahly,2016–,2016,,no
Yasser Ibrahim,Egypt,CAF,1,El_Mansoura_SC,Mansoura,2011–2013,2011,2013,no
Yasser Ibrahim,Egypt,CAF,2,Zamalek_SC,Zamalek,2013–2015,2013,2015,no
Yasser Ibrahim,Egypt,CAF,3,Smouha_SC,Smouha,2014–2015,2014,2015,yes
Yasser Ibrahim,Egypt,CAF,4,Smouha_SC,Smouha,2015–2018,2015,2018,no
Yasser Ibrahim,Egypt,CAF,5,Al_Ahly_SC,Al Ahly,2019–,2019,,no
Mohamed Hany,Egypt,CAF,1,Al_Ahly_SC,Al Ahly,2014–,2014,,no
Hossam Abdelmaguid,Egypt,CAF,1,Zamalek_SC,Zamalek,2020–,2020,,no
Ramy Rabia,Egypt,CAF,1,Al_Ahly_SC,Al Ahly,2010–2014,2010,2014,no
Ramy Rabia,Egypt,CAF,2,Sporting_Clube_de_Portugal,Sporting CP,2014–2015,2014,2015,no
Ramy Rabia,Egypt,CAF,3,Sporting_Clube_de_Portugal_B,Sporting CP B,2014–2015,2014,2015,no
Ramy Rabia,Egypt,CAF,4,Al_Ahly_SC,Al Ahly,2015–2025,2015,2025,no
Ramy Rabia,Egypt,CAF,5,Al_Ain_FC,Al Ain,2025–,2025,,no
Mohamed Abdelmonem,Egypt,CAF,1,Al_Ahly_SC,Al Ahly,2018–2024,2018,2024,no
Mohamed Abdelmonem,Egypt,CAF,2,Smouha_SC,Smouha,2020–2021,2020,2021,yes
Mohamed Abdelmonem,Egypt,CAF,3,Future_FC,Future,2021–2022,2021,2022,yes
Mohamed Abdelmonem,Egypt,CAF,4,OGC_Nice,Nice,2024–,2024,,no
Trézéguet,Egypt,CAF,1,Al_Ahly_SC,Al Ahly,2012–2016,2012,2016,no
Trézéguet,Egypt,CAF,2,R.S.C._Anderlecht,Anderlecht,2015–2016,2015,2016,yes
Trézéguet,Egypt,CAF,3,R.S.C._Anderlecht,Anderlecht,2016–2018,2016,2018,no
Trézéguet,Egypt,CAF,4,Royal_Excel_Mouscron,Mouscron,2016–2017,2016,2017,yes
Trézéguet,Egypt,CAF,5,Kas%C4%B1mpa%C5%9Fa_S.K.,Kasımpaşa,2017–2018,2017,2018,yes
Trézéguet,Egypt,CAF,6,Kas%C4%B1mpa%C5%9Fa_S.K.,Kasımpaşa,2018–2019,2018,2019,no
Trézéguet,Egypt,CAF,7,Aston_Villa_F.C.,Aston Villa,2019–2022,2019,2022,no
Trézéguet,Egypt,CAF,8,%C4%B0stanbul_Ba%C5%9Fak%C5%9Fehir_F.K.,İstanbul Başakşehir,2022,2022,2022,yes
Trézéguet,Egypt,CAF,9,Trabzonspor,Trabzonspor,2022–2025,2022,2025,no
Trézéguet,Egypt,CAF,10,Al-Rayyan_SC,Al-Rayyan,2024–2025,2024,2025,yes
Trézéguet,Egypt,CAF,11,Al_Ahly_SC,Al Ahly,2025–,2025,,no
Emam Ashour,Egypt,CAF,1,Ghazl_El_Mahalla_SC,Ghazl El Mahalla,2015–2019,2015,2019,no
Emam Ashour,Egypt,CAF,2,Haras_El_Hodoud_SC,Haras El Hodoud,2018–2019,2018,2019,yes
Emam Ashour,Egypt,CAF,3,Zamalek_SC,Zamalek,2019–2023,2019,2023,no
Emam Ashour,Egypt,CAF,4,FC_Midtjylland,Midtjylland,2023,2023,2023,no
Emam Ashour,Egypt,CAF,5,Al_Ahly_SC,Al Ahly,2023–,2023,,no
Hamza Abdelkarim,Egypt,CAF,1,Al_Ahly_SC,Al Ahly,2025–2026,2025,2026,no
Hamza Abdelkarim,Egypt,CAF,2,FC_Barcelona_Atl%C3%A8tic,Barcelona B,2026,2026,2026,yes
Hamza Abdelkarim,Egypt,CAF,3,FC_Barcelona_Atl%C3%A8tic,Barcelona B,2026–,2026,,no
Mohamed Salah,Egypt,CAF,1,Al_Mokawloon_Al_Arab_SC,Al-Mokawloon,2010–2012,2010,2012,no
Mohamed Salah,Egypt,CAF,2,FC_Basel,Basel,2012–2014,2012,2014,no
Mohamed Salah,Egypt,CAF,3,Chelsea_F.C.,Chelsea,2014–2016,2014,2016,no
Mohamed Salah,Egypt,CAF,4,ACF_Fiorentina,Fiorentina,2015,2015,2015,yes
Mohamed Salah,Egypt,CAF,5,AS_Roma,Roma,2015–2016,2015,2016,yes
Mohamed Salah,Egypt,CAF,6,AS_Roma,Roma,2016–2017,2016,2017,no
Mohamed Salah,Egypt,CAF,7,Liverpool_F.C.,Liverpool,2017–2026,2017,2026,no
Mostafa Ziko,Egypt,CAF,1,Gomhoriat_Shebin_SC,Gomhoriat Shebin,2016–2019,2016,2019,no
Mostafa Ziko,Egypt,CAF,2,Haras_El_Hodoud_SC,Haras El Hodoud,2019–2023,2019,2023,no
Mostafa Ziko,Egypt,CAF,3,ZED_FC,ZED,2023–2025,2023,2025,no
Mostafa Ziko,Egypt,CAF,4,Pyramids_FC,Pyramids,2025–,2025,,no
Haissem Hassan,Egypt,CAF,1,LB_Ch%C3%A2teauroux,Châteauroux II,2018–2020,2018,2020,no
Haissem Hassan,Egypt,CAF,2,Villarreal_CF_B,Villarreal B,2020–2023,2020,2023,no
Haissem Hassan,Egypt,CAF,3,CD_Mirand%C3%A9s,Mirandés,2021–2022,2021,2022,yes
Haissem Hassan,Egypt,CAF,4,Villarreal_CF,Villarreal,2023–2024,2023,2024,no
Haissem Hassan,Egypt,CAF,5,Sporting_de_Gij%C3%B3n,Sporting Gijón,2023–2024,2023,2024,yes
Haissem Hassan,Egypt,CAF,6,Real_Oviedo,Oviedo,2024–,2024,,no
Ahmed Fatouh,Egypt,CAF,1,Zamalek_SC,Zamalek,2016–,2016,,no
Ahmed Fatouh,Egypt,CAF,2,ENPPI_SC,ENPPI,2016–2017,2016,2017,yes
Ahmed Fatouh,Egypt,CAF,3,Smouha_SC,Smouha,2019–2020,2019,2020,yes
Hamdy Fathy,Egypt,CAF,1,Ala%27ab_Damanhour_SC,Ala'ab Damanhour,2014–2015,2014,2015,no
Hamdy Fathy,Egypt,CAF,2,ENPPI_Club,Enppi,2015–2018,2015,2018,no
Hamdy Fathy,Egypt,CAF,3,Petrojet_FC,Petrojet,2016–2017,2016,2017,yes
Hamdy Fathy,Egypt,CAF,4,Al_Ahly_SC,Al Ahly,2019–2023,2019,2023,no
Hamdy Fathy,Egypt,CAF,5,Al-Wakrah_SC,Al-Wakrah,2023–,2023,,no
Hamdy Fathy,Egypt,CAF,6,Al_Ahly_SC,Al Ahly,2025,2025,2025,yes
Karim Hafez,Egypt,CAF,1,Lierse_S.K._(1906),Lierse,2014–2018,2014,2018,no
Karim Hafez,Egypt,CAF,2,AC_Omonia,Omonia,2015–2016,2015,2016,yes
Karim Hafez,Egypt,CAF,3,RC_Lens,Lens,2016–2017,2016,2017,yes
Karim Hafez,Egypt,CAF,4,RC_Lens,Lens,2017–2018,2017,2018,yes
Karim Hafez,Egypt,CAF,5,Wadi_Degla_SC,Wadi Degla,2018–2020,2018,2020,no
Karim Hafez,Egypt,CAF,6,%C4%B0stanbul_Ba%C5%9Fak%C5%9Fehir_F.K.,Başakşehir,2018–2019,2018,2019,yes
Karim Hafez,Egypt,CAF,7,Kas%C4%B1mpa%C5%9Fa_S.K.,Kasımpaşa,2019–2020,2019,2020,yes
Karim Hafez,Egypt,CAF,8,Yeni_Malatyaspor,Yeni Malatyaspor,2020,2020,2020,yes
Karim Hafez,Egypt,CAF,9,Yeni_Malatyaspor,Yeni Malatyaspor,2020–2022,2020,2022,no
Karim Hafez,Egypt,CAF,10,Pyramids_FC,Pyramids,2022–,2022,,no
El Mahdy Soliman,Egypt,CAF,1,ENPPI_Club,ENPPI,2007–2018,2007,2018,no
El Mahdy Soliman,Egypt,CAF,2,Al_Mokawloon_Al_Arab_SC,Al Mokawloon Al Arab,2011,2011,2011,yes
El Mahdy Soliman,Egypt,CAF,3,Petrojet_FC,Petrojet,2011–2012,2011,2012,yes
El Mahdy Soliman,Egypt,CAF,4,Petrojet_FC,Petrojet,2012–2013,2012,2013,no
El Mahdy Soliman,Egypt,CAF,5,Ghazl_El_Mahalla_SC,Ghazl El Mahalla,2013–2014,2013,2014,no
El Mahdy Soliman,Egypt,CAF,6,Smouha_Sporting_Club,Smouha,2014–2018,2014,2018,no
El Mahdy Soliman,Egypt,CAF,7,Pyramids_FC,Pyramids,2018–2022,2018,2022,no
El Mahdy Soliman,Egypt,CAF,8,Al_Ittihad_Alexandria_Club,Al Ittihad Alexandria Club,2022–2025,2022,2025,no
El Mahdy Soliman,Egypt,CAF,9,Zamalek_SC,Zamalek SC,2025–,2025,,no
Mohanad Lasheen,Egypt,CAF,1,Ismaily_SC,Ismaily,–2016,2016,,no
Mohanad Lasheen,Egypt,CAF,2,Pyramids_FC,Pyramids,2016–2019,2016,2019,no
Mohanad Lasheen,Egypt,CAF,3,Tala%27ea_El_Gaish_SC,Tala'ea El Gaish,2019–2022,2019,2022,no
Mohanad Lasheen,Egypt,CAF,4,Modern_Future_FC,Modern Future,2022–2023,2022,2023,no
Mohanad Lasheen,Egypt,CAF,5,Pyramids_FC,Pyramids,2023–,2023,,no
Nabil Emad,Egypt,CAF,1,Pyramids_FC,Pyramids,2016–2022,2016,2022,no
Nabil Emad,Egypt,CAF,2,Zamalek_SC,Zamalek,2022–2026,2022,2026,no
Nabil Emad,Egypt,CAF,3,Al-Najma_SC_(Saudi_Arabia),Al-Najma,2026–,2026,,no
Marwan Attia,Egypt,CAF,1,Al_Ittihad_Alexandria_Club,Al Ittihad,2019–2023,2019,2023,no
Marwan Attia,Egypt,CAF,2,Al_Ahly_SC,Al Ahly,2023–,2023,,no
Ibrahim Adel,Egypt,CAF,1,Pyramids_FC,Pyramids,2019–2025,2019,2025,no
Ibrahim Adel,Egypt,CAF,2,Al_Jazira_Club,Al Jazira,2025–,2025,,no
Ibrahim Adel,Egypt,CAF,3,FC_Nordsj%C3%A6lland,Nordsjælland,2026–,2026,,yes
Mahmoud Saber,Egypt,CAF,1,Nogoom_FC,Nogoom,2018–2020,2018,2020,no
Mahmoud Saber,Egypt,CAF,2,Pyramids_FC,Pyramids,2020–,2020,,no
Mahmoud Saber,Egypt,CAF,3,ZED_FC,ZED,2023–2024,2023,2024,yes
Mahmoud Saber,Egypt,CAF,4,ZED_FC,ZED,2025–,2025,,yes
Omar Marmoush,Egypt,CAF,1,Wadi_Degla_SC,Wadi Degla,2016–2017,2016,2017,no
Omar Marmoush,Egypt,CAF,2,VfL_Wolfsburg_II,VfL Wolfsburg II,2017–2020,2017,2020,no
Omar Marmoush,Egypt,CAF,3,VfL_Wolfsburg,VfL Wolfsburg,2020–2023,2020,2023,no
Omar Marmoush,Egypt,CAF,4,FC_St._Pauli,FC St. Pauli,2021,2021,2021,yes
Omar Marmoush,Egypt,CAF,5,VfB_Stuttgart,VfB Stuttgart,2021–2022,2021,2022,yes
Omar Marmoush,Egypt,CAF,6,Eintracht_Frankfurt,Eintracht Frankfurt,2023–2025,2023,2025,no
Omar Marmoush,Egypt,CAF,7,Manchester_City_F.C.,Manchester City,2025–,2025,,no
Mostafa Shobeir,Egypt,CAF,1,Al_Ahly_SC,Al Ahly,2019–,2019,,no
Tarek Alaa,Egypt,CAF,1,Smouha_SC,Smouha,2022–2024,2022,2024,no
Tarek Alaa,Egypt,CAF,2,Pyramids_FC,Pyramids,2024–,2024,,no
Tarek Alaa,Egypt,CAF,3,ZED_FC,ZED,2026–,2026,,yes
Zizo,Egypt,CAF,1,Lierse_S.K._(1906),Lierse,2014–2017,2014,2017,no
Zizo,Egypt,CAF,2,C.D._Nacional,Nacional,2017,2017,2017,yes
Zizo,Egypt,CAF,3,Moreirense_F.C.,Moreirense,2017–2019,2017,2019,no
Zizo,Egypt,CAF,4,Zamalek_SC,Zamalek,2019–2025,2019,2025,no
Zizo,Egypt,CAF,5,Al_Ahly_SC,Al Ahly,2025–,2025,,no
Mohamed Alaa,Egypt,CAF,1,El_Qanah_FC,El Qanah,2024,2024,2024,no
Mohamed Alaa,Egypt,CAF,2,El_Gouna_FC,El Gouna,2024–,2024,,no
Alireza Beiranvand,Iran,AFC,1,Naft_Tehran,Naft Tehran,2011–2016,2011,2016,no
Alireza Beiranvand,Iran,AFC,2,Persepolis_F.C.,Persepolis,2016–2020,2016,2020,no
Alireza Beiranvand,Iran,AFC,3,Royal_Antwerp_F.C.,Royal Antwerp,2020–2022,2020,2022,no
Alireza Beiranvand,Iran,AFC,4,Boavista_F.C.,Boavista,2021–2022,2021,2022,yes
Alireza Beiranvand,Iran,AFC,5,Persepolis_F.C.,Persepolis,2022–2024,2022,2024,no
Alireza Beiranvand,Iran,AFC,6,Tractor_S.C.,Tractor,2024–,2024,,no
Saleh Hardani,Iran,AFC,1,Foolad_F.C.,Foolad,2019–2022,2019,2022,no
Saleh Hardani,Iran,AFC,2,Esteghlal_F.C.,Esteghlal,2022–,2022,,no
Saleh Hardani,Iran,AFC,3,Sepahan_S.C.,Sepahan,2024–2025,2024,2025,yes
Ehsan Hajsafi,Iran,AFC,1,Sepahan_S.C.,Sepahan,2006–2015,2006,2015,no
Ehsan Hajsafi,Iran,AFC,2,Tractor_S.C.,Tractor,2011–2012,2011,2012,yes
Ehsan Hajsafi,Iran,AFC,3,FSV_Frankfurt,FSV Frankfurt,2015–2016,2015,2016,no
Ehsan Hajsafi,Iran,AFC,4,Sepahan_S.C.,Sepahan,2016–2017,2016,2017,no
Ehsan Hajsafi,Iran,AFC,5,Panionios_F.C.,Panionios,2017–2018,2017,2018,no
Ehsan Hajsafi,Iran,AFC,6,Olympiacos_F.C.,Olympiacos,2018,2018,2018,no
Ehsan Hajsafi,Iran,AFC,7,Tractor_S.C.,Tractor,2018–2021,2018,2021,no
Ehsan Hajsafi,Iran,AFC,8,Sepahan_S.C.,Sepahan,2021,2021,2021,no
Ehsan Hajsafi,Iran,AFC,9,AEK_Athens_F.C.,AEK Athens,2021–2025,2021,2025,no
Ehsan Hajsafi,Iran,AFC,10,Sepahan_S.C.,Sepahan,2025–,2025,,no
Shojae Khalilzadeh,Iran,AFC,1,Mes_Rafsanjan_F.C.,Mes Rafsanjan,2008–2010,2008,2010,no
Shojae Khalilzadeh,Iran,AFC,2,Mes_Kerman_F.C.,Mes Kerman,2010–2013,2010,2013,no
Shojae Khalilzadeh,Iran,AFC,3,Sepahan_Isfahan_F.C.,Sepahan,2013–2017,2013,2017,no
Shojae Khalilzadeh,Iran,AFC,4,Tractor_S.C.,Tractor,2015–,2015,,no
Shojae Khalilzadeh,Iran,AFC,5,Persepolis_F.C.,Persepolis,2017–2020,2017,2020,no
Shojae Khalilzadeh,Iran,AFC,6,Al-Rayyan_SC,Al-Rayyan,2020–2022,2020,2022,no
Shojae Khalilzadeh,Iran,AFC,7,Al_Ahli_SC_(Doha),Al Ahli,2022–2023,2022,2023,no
Milad Mohammadi,Iran,AFC,1,Rah_Ahan_Tehran_F.C.,Rah Ahan,2014–2016,2014,2016,no
Milad Mohammadi,Iran,AFC,2,FC_Akhmat_Grozny,Akhmat Grozny,2016–2019,2016,2019,no
Milad Mohammadi,Iran,AFC,3,K.A.A._Gent,Gent,2019–2021,2019,2021,no
Milad Mohammadi,Iran,AFC,4,AEK_Athens_F.C.,AEK Athens,2021–2024,2021,2024,no
Milad Mohammadi,Iran,AFC,5,Adana_Demirspor,Adana Demirspor,2024,2024,2024,no
Milad Mohammadi,Iran,AFC,6,Persepolis_F.C.,Persepolis,2024–,2024,,no
Saeid Ezatolahi,Iran,AFC,1,Malavan_F.C.,Malavan,2012–2014,2012,2014,no
Saeid Ezatolahi,Iran,AFC,2,Atl%C3%A9tico_Madrid_C,Atlético Madrid C,2014–2015,2014,2015,no
Saeid Ezatolahi,Iran,AFC,3,FC_Rostov,Rostov,2015–2020,2015,2020,no
Saeid Ezatolahi,Iran,AFC,4,FC_Anzhi_Makhachkala,Anzhi Makhachkala,2017,2017,2017,yes
Saeid Ezatolahi,Iran,AFC,5,FC_Amkar_Perm,Amkar Perm,2017–2018,2017,2018,yes
Saeid Ezatolahi,Iran,AFC,6,Reading_F.C.,Reading,2018–2019,2018,2019,yes
Saeid Ezatolahi,Iran,AFC,7,K.A.S._Eupen,Eupen,2019–2020,2019,2020,yes
Saeid Ezatolahi,Iran,AFC,8,Vejle_Boldklub,Vejle,2020–2024,2020,2024,no
Saeid Ezatolahi,Iran,AFC,9,Al-Gharafa_SC,Al-Gharafa,2022,2022,2022,yes
Saeid Ezatolahi,Iran,AFC,10,Shabab_Al_Ahli_Club,Shabab Al Ahli,2024–,2024,,no
Alireza Jahanbakhsh,Iran,AFC,1,Damash_Tehran_F.C.,Damash Tehran,2010–2011,2010,2011,no
Alireza Jahanbakhsh,Iran,AFC,2,S.C._Damash_Gilan,Damash Gilan,2011–2013,2011,2013,no
Alireza Jahanbakhsh,Iran,AFC,3,N.E.C._(football_club),NEC,2013–2015,2013,2015,no
Alireza Jahanbakhsh,Iran,AFC,4,AZ_Alkmaar,AZ,2015–2018,2015,2018,no
Alireza Jahanbakhsh,Iran,AFC,5,Brighton_%26_Hove_Albion_F.C.,Brighton & Hove Albion,2018–2021,2018,2021,no
Alireza Jahanbakhsh,Iran,AFC,6,Feyenoord,Feyenoord,2021–2024,2021,2024,no
Alireza Jahanbakhsh,Iran,AFC,7,SC_Heerenveen,SC Heerenveen,2024–2025,2024,2025,no
Alireza Jahanbakhsh,Iran,AFC,8,F.C.V._Dender_E.H.,Dender EH,2025–2026,2025,2026,no
Mohammad Mohebi,Iran,AFC,1,Shahin_Bushehr_F.C.,Shahin Bushehr,2017–2019,2017,2019,no
Mohammad Mohebi,Iran,AFC,2,Sepahan_S.C.,Sepahan,2019–2021,2019,2021,no
Mohammad Mohebi,Iran,AFC,3,C.D._Santa_Clara,Santa Clara,2021–2023,2021,2023,no
Mohammad Mohebi,Iran,AFC,4,Esteghlal_F.C.,Esteghlal,2022–2023,2022,2023,yes
Mohammad Mohebi,Iran,AFC,5,FC_Rostov,Rostov,2023–,2023,,no
Mehdi Taremi,Iran,AFC,1,Shahin_Bushehr_F.C.,Shahin Bushehr,2010–2012,2010,2012,no
Mehdi Taremi,Iran,AFC,2,F.C._Iranjavan_Bushehr,Iranjavan,2012–2014,2012,2014,no
Mehdi Taremi,Iran,AFC,3,Persepolis_F.C.,Persepolis,2014–2018,2014,2018,no
Mehdi Taremi,Iran,AFC,4,Al-Gharafa_SC,Al-Gharafa,2018–2019,2018,2019,no
Mehdi Taremi,Iran,AFC,5,Rio_Ave_F.C.,Rio Ave,2019–2020,2019,2020,no
Mehdi Taremi,Iran,AFC,6,FC_Porto,Porto,2020–2024,2020,2024,no
Mehdi Taremi,Iran,AFC,7,Inter_Milan,Inter Milan,2024–2025,2024,2025,no
Mehdi Taremi,Iran,AFC,8,Olympiacos_F.C.,Olympiacos,2025–,2025,,no
Mehdi Ghayedi,Iran,AFC,1,F.C._Iranjavan_Bushehr,Iranjavan,2016–2017,2016,2017,no
Mehdi Ghayedi,Iran,AFC,2,Esteghlal_F.C.,Esteghlal,2017–2021,2017,2021,no
Mehdi Ghayedi,Iran,AFC,3,Shabab_Al_Ahli_Club,Shabab Al Ahli,2021–2025,2021,2025,no
Mehdi Ghayedi,Iran,AFC,4,Esteghlal_F.C.,Esteghlal,2022–2023,2022,2023,yes
Mehdi Ghayedi,Iran,AFC,5,Kalba_FC,Kalba,2023–2025,2023,2025,yes
Mehdi Ghayedi,Iran,AFC,6,Al-Nasr_SC_(Dubai),Al-Nasr,2025–,2025,,no
Ali Alipour,Iran,AFC,1,F.C._Nassaji_Mazandaran,Nassaji,2010–2011,2010,2011,no
Ali Alipour,Iran,AFC,2,Sang_Ahan_Bafq_F.C.,Sang Ahan Bafq,2012–2013,2012,2013,no
Ali Alipour,Iran,AFC,3,Rah_Ahan_Tehran_F.C.,Rah Ahan,2013–2015,2013,2015,no
Ali Alipour,Iran,AFC,4,Persepolis_F.C.,Persepolis,2015–2020,2015,2020,no
Ali Alipour,Iran,AFC,5,C.S._Mar%C3%ADtimo,Marítimo,2020–2022,2020,2022,no
Ali Alipour,Iran,AFC,6,Gil_Vicente_F.C.,Gil Vicente,2022–2024,2022,2024,no
Ali Alipour,Iran,AFC,7,Persepolis_F.C.,Persepolis,2024–,2024,,no
Payam Niazmand,Iran,AFC,1,Paykan_F.C.,Paykan,2015–2018,2015,2018,no
Payam Niazmand,Iran,AFC,2,Sepahan_S.C.,Sepahan,2018–2025,2018,2025,no
Payam Niazmand,Iran,AFC,3,Portimonense_S.C.,Portimonense,2021–2023,2021,2023,no
Payam Niazmand,Iran,AFC,4,Persepolis_F.C.,Persepolis,2025–,2025,,no
Hossein Kanaanizadegan,Iran,AFC,1,Persepolis_F.C.,Persepolis,2011–2016,2011,2016,no
Hossein Kanaanizadegan,Iran,AFC,2,S.C._Beira-Mar,Beira-Mar,2013–2014,2013,2014,yes
Hossein Kanaanizadegan,Iran,AFC,3,Malavan_F.C.,Malavan,2014–2016,2014,2016,yes
Hossein Kanaanizadegan,Iran,AFC,4,Esteghlal_F.C.,Esteghlal,2016–2017,2016,2017,no
Hossein Kanaanizadegan,Iran,AFC,5,Saipa_F.C.,Saipa,2017–2018,2017,2018,no
Hossein Kanaanizadegan,Iran,AFC,6,Machine_Sazi_F.C.,Machine Sazi,2018–2019,2018,2019,no
Hossein Kanaanizadegan,Iran,AFC,7,Persepolis_F.C.,Persepolis,2019–2021,2019,2021,no
Hossein Kanaanizadegan,Iran,AFC,8,Al_Ahli_SC_(Doha),Al Ahli,2021–2023,2021,2023,no
Hossein Kanaanizadegan,Iran,AFC,9,Persepolis_F.C.,Persepolis,2023–,2023,,no
Saman Ghoddos,Iran,AFC,1,IF_Limhamn_Bunkeflo_(men),IF Limhamn Bunkeflo,2011–2012,2011,2012,no
Saman Ghoddos,Iran,AFC,2,Trelleborgs_FF,Trelleborgs FF,2013,2013,2013,no
Saman Ghoddos,Iran,AFC,3,Syrianska_FC,Syrianska FC,2014–2015,2014,2015,no
Saman Ghoddos,Iran,AFC,4,%C3%96stersunds_FK,Östersunds FK,2016–2018,2016,2018,no
Saman Ghoddos,Iran,AFC,5,Amiens_SC,Amiens,2018–2020,2018,2020,no
Saman Ghoddos,Iran,AFC,6,Brentford_F.C.,Brentford,2020–2021,2020,2021,yes
Saman Ghoddos,Iran,AFC,7,Brentford_F.C.,Brentford,2021–2024,2021,2024,no
Saman Ghoddos,Iran,AFC,8,Kalba_FC,Kalba,2024–,2024,,no
Rouzbeh Cheshmi,Iran,AFC,1,Saba_Qom_F.C.,Saba Qom,2013–2015,2013,2015,no
Rouzbeh Cheshmi,Iran,AFC,2,Esteghlal_F.C.,Esteghlal,2015–,2015,,no
Rouzbeh Cheshmi,Iran,AFC,3,Umm_Salal_SC,Umm Salal,2020–2021,2020,2021,yes
Mahdi Torabi,Iran,AFC,1,Saipa_F.C.,Saipa,2012–2019,2012,2019,no
Mahdi Torabi,Iran,AFC,2,Persepolis_F.C.,Persepolis,2019–2020,2019,2020,no
Mahdi Torabi,Iran,AFC,3,Al-Arabi_SC_(Qatar),Al-Arabi,2020–2021,2020,2021,no
Mahdi Torabi,Iran,AFC,4,Persepolis_F.C.,Persepolis,2021–2024,2021,2024,no
Mahdi Torabi,Iran,AFC,5,Tractor_S.C.,Tractor,2024–,2024,,no
Arya Yousefi,Iran,AFC,1,Sepahan_F.C.,Sepahan,2021–,2021,,no
Amirhossein Hosseinzadeh,Iran,AFC,1,Saipa_F.C.,Saipa,2019–2021,2019,2021,no
Amirhossein Hosseinzadeh,Iran,AFC,2,Esteghlal_F.C.,Esteghlal,2021–2022,2021,2022,no
Amirhossein Hosseinzadeh,Iran,AFC,3,R._Charleroi_S.C.,Charleroi,2022–2023,2022,2023,no
Amirhossein Hosseinzadeh,Iran,AFC,4,Tractor_S.C.,Tractor,2023–,2023,,no
Ali Nemati,Iran,AFC,1,Padideh_Khorasan_FC,Padideh,2017–2021,2017,2021,no
Ali Nemati,Iran,AFC,2,Persepolis_F.C.,Persepolis,2021–2024,2021,2024,no
Ali Nemati,Iran,AFC,3,Foolad_F.C.,Foolad,2024–,2024,,no
Shahriyar Moghanlou,Iran,AFC,1,Paykan_F.C.,Paykan,2015–2020,2015,2020,no
Shahriyar Moghanlou,Iran,AFC,2,Malavan_F.C.,Malavan,2017–2019,2017,2019,yes
Shahriyar Moghanlou,Iran,AFC,3,C.D._Santa_Clara,Santa Clara,2020–2021,2020,2021,no
Shahriyar Moghanlou,Iran,AFC,4,Persepolis_F.C.,Persepolis,2021,2021,2021,yes
Shahriyar Moghanlou,Iran,AFC,5,Sepahan_S.C.,Sepahan,2021–2024,2021,2024,no
Shahriyar Moghanlou,Iran,AFC,6,Kalba_FC,Kalba,2024–,2024,,no
Mohammad Ghorbani,Iran,AFC,1,F.C._Nassaji_Mazandaran,Nassaji,2020–2022,2020,2022,no
Mohammad Ghorbani,Iran,AFC,2,Sepahan_S.C.,Sepahan,2022–2024,2022,2024,no
Mohammad Ghorbani,Iran,AFC,3,FC_Orenburg,Orenburg,2024–2025,2024,2025,no
Mohammad Ghorbani,Iran,AFC,4,Al_Wahda_FC,Al Wahda,2025–,2025,,no
Hossein Hosseini,Iran,AFC,1,Bargh_Shiraz,Bargh Shiraz,2011–2012,2011,2012,no
Hossein Hosseini,Iran,AFC,2,Esteghlal_F.C.,Esteghlal,2012–2025,2012,2025,no
Hossein Hosseini,Iran,AFC,3,Malavan_F.C.,Malavan,2014–2016,2014,2016,yes
Hossein Hosseini,Iran,AFC,4,Sepahan_S.C.,Sepahan,2025–,2025,,no
Ramin Rezaeian,Iran,AFC,1,Saba_Qom_F.C.,Saba Qom,2009–2013,2009,2013,no
Ramin Rezaeian,Iran,AFC,2,Rah_Ahan_F.C.,Rah Ahan,2013–2015,2013,2015,no
Ramin Rezaeian,Iran,AFC,3,Persepolis_F.C.,Persepolis,2015–2022,2015,2022,no
Ramin Rezaeian,Iran,AFC,4,KV_Oostende,KV Oostende,2017–2018,2017,2018,no
Ramin Rezaeian,Iran,AFC,5,Al-Shahania_SC,Al Shahania,2018–2020,2018,2020,no
Ramin Rezaeian,Iran,AFC,6,Al-Duhail_SC,Al-Duhail,2020–2022,2020,2022,no
Ramin Rezaeian,Iran,AFC,7,Al-Sailiya_SC,Al-Sailiya,2021–2022,2021,2022,yes
Ramin Rezaeian,Iran,AFC,8,Sepahan_S.C.,Sepahan,2022–2024,2022,2024,no
Ramin Rezaeian,Iran,AFC,9,Esteghlal_F.C.,Esteghlal,2024–,2024,,no
Ramin Rezaeian,Iran,AFC,10,Foolad_F.C.,Foolad,2026,2026,2026,yes
Dennis Eckert,Iran,AFC,1,Borussia_M%C3%B6nchengladbach_II,Borussia Mönchengladbach II,2015–2017,2015,2017,no
Dennis Eckert,Iran,AFC,2,Celta_de_Vigo_B,Celta B,2017–2018,2017,2018,no
Dennis Eckert,Iran,AFC,3,RC_Celta_de_Vigo,Celta,2018–2019,2018,2019,no
Dennis Eckert,Iran,AFC,4,S.B.V._Excelsior,Excelsior,2019,2019,2019,yes
Dennis Eckert,Iran,AFC,5,FC_Ingolstadt_04,FC Ingolstadt,2019–2022,2019,2022,no
Dennis Eckert,Iran,AFC,6,Royale_Union_Saint-Gilloise,Union SG,2022–2025,2022,2025,no
Dennis Eckert,Iran,AFC,7,Standard_Li%C3%A8ge,Standard Liège,2024–2025,2024,2025,yes
Dennis Eckert,Iran,AFC,8,Standard_Li%C3%A8ge,Standard Liège,2025–,2025,,no
Danial Eiri,Iran,AFC,1,Zob_Ahan_Esfahan_F.C.,Zob Ahan,2024–,2024,,no
Danial Eiri,Iran,AFC,2,Malavan_F.C.,Malavan,2025–,2025,,yes
Amirmohammad Razzaghinia,Iran,AFC,1,KIA_Football_Academy,FC KIA,2023–2024,2023,2024,no
Amirmohammad Razzaghinia,Iran,AFC,2,Gol_Gohar_Sirjan_F.C.,Gol Gohar,2024–2025,2024,2025,no
Amirmohammad Razzaghinia,Iran,AFC,3,Esteghlal_F.C.,Esteghlal,2025–,2025,,no
Max Crocombe,New Zealand,OFC,1,Buckingham_Town_F.C.,Buckingham Town,2009–2010,2009,2010,no
Max Crocombe,New Zealand,OFC,2,Oxford_United_F.C.,Oxford United,2010–2016,2010,2016,no
Max Crocombe,New Zealand,OFC,3,Banbury_United_F.C.,Banbury United,2011–2012,2011,2012,yes
Max Crocombe,New Zealand,OFC,4,Nuneaton_Borough_F.C.,Nuneaton Town,2015,2015,2015,yes
Max Crocombe,New Zealand,OFC,5,Barnet_F.C.,Barnet,2015,2015,2015,yes
Max Crocombe,New Zealand,OFC,6,Southport_F.C.,Southport,2015–2016,2015,2016,yes
Max Crocombe,New Zealand,OFC,7,Carlisle_United_F.C.,Carlisle United,2016–2017,2016,2017,no
Max Crocombe,New Zealand,OFC,8,Salford_City_F.C.,Salford City,2017–2019,2017,2019,no
Max Crocombe,New Zealand,OFC,9,Brisbane_Roar_F.C.,Brisbane Roar,2019–2020,2019,2020,no
Max Crocombe,New Zealand,OFC,10,Melbourne_Victory_FC,Melbourne Victory,2020–2021,2020,2021,no
Max Crocombe,New Zealand,OFC,11,Grimsby_Town_F.C.,Grimsby Town,2021–2023,2021,2023,no
Max Crocombe,New Zealand,OFC,12,Burton_Albion_F.C.,Burton Albion,2023–2025,2023,2025,no
Max Crocombe,New Zealand,OFC,13,Millwall_F.C.,Millwall,2025–,2025,,no
Tim Payne,New Zealand,OFC,1,Auckland_City_FC,Auckland City,2009–2010,2009,2010,no
Tim Payne,New Zealand,OFC,2,Waitakere_United,Waitakere United,2010–2012,2010,2012,no
Tim Payne,New Zealand,OFC,3,Blackburn_Rovers_F.C.,Blackburn Rovers,2012–2014,2012,2014,no
Tim Payne,New Zealand,OFC,4,Auckland_City_FC,Auckland City,2014–2015,2014,2015,no
Tim Payne,New Zealand,OFC,5,Portland_Timbers_2,Portland Timbers 2,2015–2016,2015,2016,no
Tim Payne,New Zealand,OFC,6,Eastern_Suburbs_AFC,Eastern Suburbs,2016–2019,2016,2019,no
Tim Payne,New Zealand,OFC,7,Wellington_Phoenix_FC,Wellington Phoenix,2019–2026,2019,2026,no
Tim Payne,New Zealand,OFC,8,Club_Olimpia,Olimpia,2026–,2026,,no
Francis de Vries,New Zealand,OFC,1,Canterbury_United_FC,Canterbury United,2011–2012,2011,2012,no
Francis de Vries,New Zealand,OFC,2,Michigan_Bucks,Michigan Bucks,2014–2016,2014,2016,no
Francis de Vries,New Zealand,OFC,3,Whitecaps_FC_2,Whitecaps FC 2,2017,2017,2017,no
Francis de Vries,New Zealand,OFC,4,Canterbury_United_FC,Canterbury United,2017–2018,2017,2018,no
Francis de Vries,New Zealand,OFC,5,Nyk%C3%B6pings_BIS,Nyköpings BIS,2018,2018,2018,no
Francis de Vries,New Zealand,OFC,6,IFK_V%C3%A4rnamo,IFK Värnamo,2019–2022,2019,2022,no
Francis de Vries,New Zealand,OFC,7,Eastern_Suburbs_AFC,Eastern Suburbs,2023–2024,2023,2024,no
Francis de Vries,New Zealand,OFC,8,Auckland_FC,Auckland FC,2024–,2024,,no
Tyler Bindon,New Zealand,OFC,1,Reading_F.C.,Reading,2023–2025,2023,2025,no
Tyler Bindon,New Zealand,OFC,2,Nottingham_Forest_F.C.,Nottingham Forest,2025–,2025,,no
Tyler Bindon,New Zealand,OFC,3,Reading_F.C.,Reading,2025,2025,2025,yes
Tyler Bindon,New Zealand,OFC,4,Sheffield_United_F.C.,Sheffield United,2025–2026,2025,2026,yes
Michael Boxall,New Zealand,OFC,1,Ellerslie_AFC,Ellerslie,,,,no
Michael Boxall,New Zealand,OFC,2,Central_United_F.C.,Central United,,,,no
Michael Boxall,New Zealand,OFC,3,Auckland_City_FC,Auckland City,2006–2007,2006,2007,no
Michael Boxall,New Zealand,OFC,4,Vancouver_Whitecaps_FC,Vancouver Whitecaps,2011–2012,2011,2012,no
Michael Boxall,New Zealand,OFC,5,Vancouver_Whitecaps_FC_U-23,Vancouver Whitecaps U-23,2011,2011,2011,yes
Michael Boxall,New Zealand,OFC,6,Vancouver_Whitecaps_FC_U-23,Vancouver Whitecaps U-23,2012,2012,2012,yes
Michael Boxall,New Zealand,OFC,7,Wellington_Phoenix_FC,Wellington Phoenix,2013–2015,2013,2015,no
Michael Boxall,New Zealand,OFC,8,Oakleigh_Cannons_FC,Oakleigh Cannons,2013,2013,2013,yes
Michael Boxall,New Zealand,OFC,9,Wellington_Phoenix_FC_Reserves,Wellington Phoenix Reserves,2014–2015,2014,2015,no
Michael Boxall,New Zealand,OFC,10,SuperSport_United_F.C.,SuperSport United,2015–2017,2015,2017,no
Michael Boxall,New Zealand,OFC,11,Minnesota_United_FC,Minnesota United,2017–,2017,,no
Joe Bell,New Zealand,OFC,1,Wellington_Phoenix_FC_Reserves,Wellington Phoenix Reserves,2014–2017,2014,2017,no
Joe Bell,New Zealand,OFC,2,Charlottesville_Alliance_FC,Charlottesville Alliance,2018,2018,2018,no
Joe Bell,New Zealand,OFC,3,Viking_FK,Viking,2020–2022,2020,2022,no
Joe Bell,New Zealand,OFC,4,Br%C3%B8ndby_IF,Brøndby IF,2022–2023,2022,2023,no
Joe Bell,New Zealand,OFC,5,Viking_FK,Viking,2023–,2023,,no
Logan Rogerson,New Zealand,OFC,1,Wanderers_SC,Wanderers SC,2013–2015,2013,2015,no
Logan Rogerson,New Zealand,OFC,2,Wellington_Phoenix_FC_Reserves,Wellington Phoenix Reserves,2015–2018,2015,2018,no
Logan Rogerson,New Zealand,OFC,3,Wellington_Phoenix_FC,Wellington Phoenix,2015–2018,2015,2018,no
Logan Rogerson,New Zealand,OFC,4,FC_Carl_Zeiss_Jena,Carl Zeiss Jena,2018–2019,2018,2019,no
Logan Rogerson,New Zealand,OFC,5,Auckland_City_FC,Auckland City,2019–2021,2019,2021,no
Logan Rogerson,New Zealand,OFC,6,Helsingin_Jalkapalloklubi,HJK,2021–2022,2021,2022,no
Logan Rogerson,New Zealand,OFC,7,Klubi_04,Klubi 04,2021–2022,2021,2022,no
Logan Rogerson,New Zealand,OFC,8,FC_Haka,Haka,2021,2021,2021,yes
Logan Rogerson,New Zealand,OFC,9,FC_Haka,Haka,2022–2023,2022,2023,no
Logan Rogerson,New Zealand,OFC,10,FC_Noah,Noah,2024,2024,2024,no
Logan Rogerson,New Zealand,OFC,11,Auckland_FC,Auckland FC,2024–,2024,,no
Marko Stamenić,New Zealand,OFC,1,Western_Suburbs_FC_(New_Zealand),Western Suburbs,2017–2020,2017,2020,no
Marko Stamenić,New Zealand,OFC,2,Team_Wellington,Team Wellington,2019–2020,2019,2020,no
Marko Stamenić,New Zealand,OFC,3,F.C._Copenhagen,Copenhagen,2020–2023,2020,2023,no
Marko Stamenić,New Zealand,OFC,4,HB_K%C3%B8ge,HB Køge,2021–2022,2021,2022,yes
Marko Stamenić,New Zealand,OFC,5,Red_Star_Belgrade,Red Star Belgrade,2023–2024,2023,2024,no
Marko Stamenić,New Zealand,OFC,6,Nottingham_Forest_F.C.,Nottingham Forest,2024–2025,2024,2025,no
Marko Stamenić,New Zealand,OFC,7,Olympiacos_F.C.,Olympiacos,2024–2025,2024,2025,yes
Marko Stamenić,New Zealand,OFC,8,Swansea_City_A.F.C.,Swansea City,2025–,2025,,no
Chris Wood,New Zealand,OFC,1,Cambridge_FC,Cambridge,2006,2006,2006,no
Chris Wood,New Zealand,OFC,2,Hamilton_Wanderers_AFC,Hamilton Wanderers,2007,2007,2007,no
Chris Wood,New Zealand,OFC,3,WaiBOP_United,Waikato,2007–2008,2007,2008,no
Chris Wood,New Zealand,OFC,4,West_Bromwich_Albion_F.C.,West Bromwich Albion,2009–2013,2009,2013,no
Chris Wood,New Zealand,OFC,5,Barnsley_F.C.,Barnsley,2010,2010,2010,yes
Chris Wood,New Zealand,OFC,6,Brighton_%26_Hove_Albion_F.C.,Brighton & Hove Albion,2010–2011,2010,2011,yes
Chris Wood,New Zealand,OFC,7,Birmingham_City_F.C.,Birmingham City,2011–2012,2011,2012,yes
Chris Wood,New Zealand,OFC,8,Bristol_City_F.C.,Bristol City,2012,2012,2012,yes
Chris Wood,New Zealand,OFC,9,Millwall_F.C.,Millwall,2012,2012,2012,yes
Chris Wood,New Zealand,OFC,10,Leicester_City_F.C.,Leicester City,2013,2013,2013,yes
Chris Wood,New Zealand,OFC,11,Leicester_City_F.C.,Leicester City,2013–2015,2013,2015,no
Chris Wood,New Zealand,OFC,12,Ipswich_Town_F.C.,Ipswich Town,2015,2015,2015,yes
Chris Wood,New Zealand,OFC,13,Leeds_United_F.C.,Leeds United,2015–2017,2015,2017,no
Chris Wood,New Zealand,OFC,14,Burnley_F.C.,Burnley,2017–2022,2017,2022,no
Chris Wood,New Zealand,OFC,15,Newcastle_United_F.C.,Newcastle United,2022–2023,2022,2023,no
Chris Wood,New Zealand,OFC,16,Nottingham_Forest_F.C.,Nottingham Forest,2023,2023,2023,yes
Chris Wood,New Zealand,OFC,17,Nottingham_Forest_F.C.,Nottingham Forest,2023–,2023,,no
Sarpreet Singh,New Zealand,OFC,1,Wellington_Phoenix_FC_Reserves,Wellington Phoenix Reserves,2015–2018,2015,2018,no
Sarpreet Singh,New Zealand,OFC,2,Wellington_Phoenix_FC,Wellington Phoenix,2015–2019,2015,2019,no
Sarpreet Singh,New Zealand,OFC,3,FC_Bayern_Munich_II,Bayern Munich II,2019–2022,2019,2022,no
Sarpreet Singh,New Zealand,OFC,4,FC_Bayern_Munich,Bayern Munich,2019–2023,2019,2023,no
Sarpreet Singh,New Zealand,OFC,5,1._FC_N%C3%BCrnberg,1. FC Nürnberg,2020–2021,2020,2021,yes
Sarpreet Singh,New Zealand,OFC,6,SSV_Jahn_Regensburg,Jahn Regensburg,2021–2022,2021,2022,yes
Sarpreet Singh,New Zealand,OFC,7,SSV_Jahn_Regensburg,Jahn Regensburg,2022–2023,2022,2023,yes
Sarpreet Singh,New Zealand,OFC,8,FC_Hansa_Rostock,Hansa Rostock,2023–2024,2023,2024,no
Sarpreet Singh,New Zealand,OFC,9,U.D._Leiria,União de Leiria,2024–2025,2024,2025,no
Sarpreet Singh,New Zealand,OFC,10,FK_TSC,TSC,2025–,2025,,no
Sarpreet Singh,New Zealand,OFC,11,Wellington_Phoenix_F.C.,Wellington Phoenix,2026–,2026,,yes
Elijah Just,New Zealand,OFC,1,Western_Suburbs_FC_(New_Zealand),Western Suburbs,2016–2018,2016,2018,no
Elijah Just,New Zealand,OFC,2,Eastern_Suburbs_AFC,Eastern Suburbs,2018–2019,2018,2019,no
Elijah Just,New Zealand,OFC,3,FC_Helsing%C3%B8r,Helsingør,2019–2022,2019,2022,no
Elijah Just,New Zealand,OFC,4,AC_Horsens,Horsens,2022–2025,2022,2025,no
Elijah Just,New Zealand,OFC,5,SKN_St._P%C3%B6lten,SKN St. Pölten,2024–2025,2024,2025,yes
Elijah Just,New Zealand,OFC,6,Motherwell_F.C.,Motherwell,2025–,2025,,no
Alex Paulsen,New Zealand,OFC,1,Wellington_Phoenix_FC_Reserves,Wellington Phoenix Reserves,2018–2023,2018,2023,no
Alex Paulsen,New Zealand,OFC,2,Wellington_United,Wellington United,2018,2018,2018,yes
Alex Paulsen,New Zealand,OFC,3,Lower_Hutt_City_AFC,Lower Hutt City,2019–2021,2019,2021,yes
Alex Paulsen,New Zealand,OFC,4,Wellington_Phoenix_FC,Wellington Phoenix,2021–2024,2021,2024,no
Alex Paulsen,New Zealand,OFC,5,AFC_Bournemouth,Bournemouth,2024–,2024,,no
Alex Paulsen,New Zealand,OFC,6,Auckland_FC,Auckland FC,2024–2025,2024,2025,yes
Alex Paulsen,New Zealand,OFC,7,Lechia_Gda%C5%84sk,Lechia Gdańsk,2025–,2025,,yes
Liberato Cacace,New Zealand,OFC,1,Wellington_Phoenix_FC_Reserves,Wellington Phoenix Reserves,2016–2018,2016,2018,no
Liberato Cacace,New Zealand,OFC,2,Wellington_Phoenix_FC,Wellington Phoenix,2018–2020,2018,2020,no
Liberato Cacace,New Zealand,OFC,3,Sint-Truidense_V.V.,Sint-Truiden,2020–2022,2020,2022,no
Liberato Cacace,New Zealand,OFC,4,Empoli_F.C.,Empoli,2022,2022,2022,yes
Liberato Cacace,New Zealand,OFC,5,Empoli_F.C.,Empoli,2022–2025,2022,2025,no
Liberato Cacace,New Zealand,OFC,6,Wrexham_A.F.C.,Wrexham,2025–,2025,,no
Alex Rufer,New Zealand,OFC,1,YoungHeart_Manawatu,YoungHeart Manawatu,2013,2013,2013,no
Alex Rufer,New Zealand,OFC,2,Wairarapa_United,Wairarapa United,2013,2013,2013,no
Alex Rufer,New Zealand,OFC,3,Wellington_Phoenix_FC_Reserves,Wellington Phoenix Reserves,2013–2022,2013,2022,no
Alex Rufer,New Zealand,OFC,4,Wellington_Phoenix_FC,Wellington Phoenix,2013–,2013,,no
Nando Pijnaker,New Zealand,OFC,1,Ngongotaha_AFC,Ngongotaha,2014,2014,2014,no
Nando Pijnaker,New Zealand,OFC,2,Western_Suburbs_FC_(New_Zealand),Western Suburbs,2015–2019,2015,2019,no
Nando Pijnaker,New Zealand,OFC,3,Eastern_Suburbs_AFC,Eastern Suburbs,2018–2019,2018,2019,no
Nando Pijnaker,New Zealand,OFC,4,Torslanda_IK,Torslanda IK,2019,2019,2019,no
Nando Pijnaker,New Zealand,OFC,5,Grasshopper_Club_Z%C3%BCrich,Grasshopper,2020,2020,2020,no
Nando Pijnaker,New Zealand,OFC,6,Rio_Ave_F.C.,Rio Ave B,2020–2022,2020,2022,no
Nando Pijnaker,New Zealand,OFC,7,FC_Helsing%C3%B8r,Helsingør,2021,2021,2021,yes
Nando Pijnaker,New Zealand,OFC,8,Sligo_Rovers_F.C.,Sligo Rovers,2022,2022,2022,yes
Nando Pijnaker,New Zealand,OFC,9,Sligo_Rovers_F.C.,Sligo Rovers,2023–2024,2023,2024,no
Nando Pijnaker,New Zealand,OFC,10,Auckland_FC,Auckland FC,2024–,2024,,no
Nando Pijnaker,New Zealand,OFC,11,Auckland_FC_Reserves,Auckland FC Reserves,2025,2025,2025,yes
Finn Surman,New Zealand,OFC,1,Selwyn_United,Selwyn United,2019,2019,2019,no
Finn Surman,New Zealand,OFC,2,Wellington_Phoenix_FC_Reserves,Wellington Phoenix Reserves,2019–2023,2019,2023,no
Finn Surman,New Zealand,OFC,3,Lower_Hutt_City_AFC,Lower Hutt City AFC,2021,2021,2021,no
Finn Surman,New Zealand,OFC,4,Wellington_Phoenix_FC,Wellington Phoenix,2021–2024,2021,2024,no
Finn Surman,New Zealand,OFC,5,Portland_Timbers,Portland Timbers,2024–,2024,,no
Kosta Barbarouses,New Zealand,OFC,1,Team_Wellington,Team Wellington,2005–2007,2005,2007,no
Kosta Barbarouses,New Zealand,OFC,2,Wellington_Phoenix_FC,Wellington Phoenix,2007–2010,2007,2010,no
Kosta Barbarouses,New Zealand,OFC,3,Macarthur_Rams,Macarthur Rams,2008,2008,2008,yes
Kosta Barbarouses,New Zealand,OFC,4,Brisbane_Roar_FC,Brisbane Roar,2010–2011,2010,2011,no
Kosta Barbarouses,New Zealand,OFC,5,Alania_Vladikavkaz,Alania Vladikavkaz,2011–2013,2011,2013,no
Kosta Barbarouses,New Zealand,OFC,6,Panathinaikos_F.C.,Panathinaikos,2012–2013,2012,2013,yes
Kosta Barbarouses,New Zealand,OFC,7,Melbourne_Victory_FC,Melbourne Victory,2013–2016,2013,2016,no
Kosta Barbarouses,New Zealand,OFC,8,Wellington_Phoenix_FC,Wellington Phoenix,2016–2017,2016,2017,no
Kosta Barbarouses,New Zealand,OFC,9,Melbourne_Victory_FC,Melbourne Victory,2017–2019,2017,2019,no
Kosta Barbarouses,New Zealand,OFC,10,Sydney_FC,Sydney FC,2019–2022,2019,2022,no
Kosta Barbarouses,New Zealand,OFC,11,Wellington_Phoenix_FC,Wellington Phoenix,2022–2025,2022,2025,no
Kosta Barbarouses,New Zealand,OFC,12,Western_Sydney_Wanderers_FC,Western Sydney Wanderers,2025–2026,2025,2026,no
Ben Waine,New Zealand,OFC,1,Wellington_Phoenix_FC_Reserves,Wellington Phoenix Reserves,2017–2020,2017,2020,no
Ben Waine,New Zealand,OFC,2,Wellington_Phoenix_FC,Wellington Phoenix,2018–2022,2018,2022,no
Ben Waine,New Zealand,OFC,3,Plymouth_Argyle_F.C.,Plymouth Argyle,2023–2025,2023,2025,no
Ben Waine,New Zealand,OFC,4,Mansfield_Town_F.C.,Mansfield Town,2024–2025,2024,2025,yes
Ben Waine,New Zealand,OFC,5,Port_Vale_F.C.,Port Vale,2025–,2025,,no
Ben Old,New Zealand,OFC,1,Wellington_Phoenix_FC_Reserves,Wellington Phoenix Reserves,2019–2022,2019,2022,no
Ben Old,New Zealand,OFC,2,Lower_Hutt_City_AFC,Lower Hutt,2021,2021,2021,yes
Ben Old,New Zealand,OFC,3,Wellington_Phoenix_FC,Wellington Phoenix,2021–2024,2021,2024,no
Ben Old,New Zealand,OFC,4,AS_Saint-%C3%89tienne,Saint-Étienne,2024–,2024,,no
Callum McCowatt,New Zealand,OFC,1,Western_Suburbs_FC_(New_Zealand),Western Suburbs,2015–2018,2015,2018,no
Callum McCowatt,New Zealand,OFC,2,Auckland_City_FC,Auckland City,2017–2018,2017,2018,no
Callum McCowatt,New Zealand,OFC,3,Eastern_Suburbs_AFC,Eastern Suburbs,2018–2019,2018,2019,no
Callum McCowatt,New Zealand,OFC,4,Wellington_Phoenix_FC,Wellington Phoenix,2019–2020,2019,2020,no
Callum McCowatt,New Zealand,OFC,5,FC_Helsing%C3%B8r,Helsingør,2020–2023,2020,2023,no
Callum McCowatt,New Zealand,OFC,6,Silkeborg_IF,Silkeborg,2023–,2023,,no
Jesse Randall,New Zealand,OFC,1,Island_Bay_United,Island Bay United,2018,2018,2018,no
Jesse Randall,New Zealand,OFC,2,North_Wellington_AFC,North Wellington,2019–2021,2019,2021,no
Jesse Randall,New Zealand,OFC,3,Tasman_United,Tasman United,2019–2020,2019,2020,yes
Jesse Randall,New Zealand,OFC,4,Hawke%27s_Bay_United_FC,Hawke's Bay United,2020–2021,2020,2021,yes
Jesse Randall,New Zealand,OFC,5,Wellington_Olympic_AFC,Wellington Olympic,2022,2022,2022,no
Jesse Randall,New Zealand,OFC,6,Charleston_Battery,Charleston Battery,2023,2023,2023,no
Jesse Randall,New Zealand,OFC,7,Wellington_Olympic_AFC,Wellington Olympic,2024,2024,2024,no
Jesse Randall,New Zealand,OFC,8,Auckland_FC,Auckland FC,2024–2026,2024,2026,no
Jesse Randall,New Zealand,OFC,9,Dundee_United_F.C.,Dundee United,2026–,2026,,no
Michael Woud,New Zealand,OFC,1,Sunderland_A.F.C.,Sunderland,2015–2018,2015,2018,no
Michael Woud,New Zealand,OFC,2,Willem_II_(football_club),Willem II,2018–2021,2018,2021,no
Michael Woud,New Zealand,OFC,3,Almere_City,Almere City,2020–2021,2020,2021,yes
Michael Woud,New Zealand,OFC,4,Almere_City,Almere City,2021,2021,2021,no
Michael Woud,New Zealand,OFC,5,Kyoto_Sanga_FC,Kyoto Sanga,2022–2024,2022,2024,no
Michael Woud,New Zealand,OFC,6,Ventforet_Kofu,Ventforet Kofu,2023,2023,2023,yes
Michael Woud,New Zealand,OFC,7,Auckland_FC,Auckland FC,2024–,2024,,no
Ryan Thomas,New Zealand,OFC,1,Melville_United,Melville United,2011,2011,2011,no
Ryan Thomas,New Zealand,OFC,2,Waikato_FC,Waikato FC,2011–2013,2011,2013,no
Ryan Thomas,New Zealand,OFC,3,Western_Suburbs_FC_(New_Zealand),Western Suburbs,2013,2013,2013,no
Ryan Thomas,New Zealand,OFC,4,PEC_Zwolle,PEC Zwolle,2013–2018,2013,2018,no
Ryan Thomas,New Zealand,OFC,5,PSV_Eindhoven,PSV,2018–2022,2018,2022,no
Ryan Thomas,New Zealand,OFC,6,PEC_Zwolle,PEC Zwolle,2022–,2022,,no
Callan Elliot,New Zealand,OFC,1,Tasman_United,Tasman United,2016–2018,2016,2018,no
Callan Elliot,New Zealand,OFC,2,Wellington_Phoenix_FC_Reserves,Wellington Phoenix Reserves,2018–2020,2018,2020,no
Callan Elliot,New Zealand,OFC,3,Wellington_Phoenix_FC,Wellington Phoenix,2018–2020,2018,2020,no
Callan Elliot,New Zealand,OFC,4,Xanthi_F.C.,Xanthi,2020–2021,2020,2021,no
Callan Elliot,New Zealand,OFC,5,Wellington_Phoenix_FC,Wellington Phoenix,2021–2023,2021,2023,no
Callan Elliot,New Zealand,OFC,6,Motherwell_F.C.,Motherwell,2024,2024,2024,no
Callan Elliot,New Zealand,OFC,7,Auckland_FC,Auckland FC,2024–,2024,,no
Lachlan Bayliss,New Zealand,OFC,1,Central_Coast_Mariners_Academy,CCM Academy,2022–2023,2022,2023,no
Lachlan Bayliss,New Zealand,OFC,2,Newcastle_Jets_FC,Newcastle Jets,2023–2026,2023,2026,no
Tommy Smith,New Zealand,OFC,1,Ipswich_Town_F.C.,Ipswich Town,2007–2018,2007,2018,no
Tommy Smith,New Zealand,OFC,2,Stevenage_F.C.,Stevenage Borough,2008,2008,2008,yes
Tommy Smith,New Zealand,OFC,3,Brentford_F.C.,Brentford,2010,2010,2010,yes
Tommy Smith,New Zealand,OFC,4,Colchester_United_F.C.,Colchester United,2011,2011,2011,yes
Tommy Smith,New Zealand,OFC,5,Colorado_Rapids,Colorado Rapids,2018–2019,2018,2019,no
Tommy Smith,New Zealand,OFC,6,Sunderland_A.F.C.,Sunderland,2020,2020,2020,no
Tommy Smith,New Zealand,OFC,7,Colchester_United_F.C.,Colchester United,2020–2023,2020,2023,no
Tommy Smith,New Zealand,OFC,8,Milton_Keynes_Dons_F.C.,Milton Keynes Dons,2023–2024,2023,2024,no
Tommy Smith,New Zealand,OFC,9,Macarthur_FC,Macarthur FC,2024,2024,2024,no
Tommy Smith,New Zealand,OFC,10,Auckland_FC,Auckland FC,2024–2025,2024,2025,no
Tommy Smith,New Zealand,OFC,11,Braintree_Town_F.C.,Braintree Town,2025–,2025,,no
Vozinha,Cape Verde,CAF,1,Batuque_FC,Batuque,2007–2011,2007,2011,no
Vozinha,Cape Verde,CAF,2,CS_Mindelense,Mindelense,2011–2012,2011,2012,no
Vozinha,Cape Verde,CAF,3,Progresso_Associa%C3%A7%C3%A3o_do_Sambizanga,Progresso do Sambizanga,2012–2015,2012,2015,no
Vozinha,Cape Verde,CAF,4,CS_Mindelense,Mindelense,2015,2015,2015,no
Vozinha,Cape Verde,CAF,5,FC_Zimbru_Chi%C8%99in%C4%83u,Zimbru Chișinău,2015–2016,2015,2016,no
Vozinha,Cape Verde,CAF,6,Gil_Vicente_F.C.,Gil Vicente,2016–2017,2016,2017,no
Vozinha,Cape Verde,CAF,7,AEL_Limassol,AEL Limassol,2017–2022,2017,2022,no
Vozinha,Cape Verde,CAF,8,AS_Tren%C4%8D%C3%ADn,AS Trenčín,2022–2024,2022,2024,no
Vozinha,Cape Verde,CAF,9,G.D._Chaves,Chaves,2024–2026,2024,2026,no
Stopira,Cape Verde,CAF,1,Sporting_Clube_da_Praia,Sporting Praia,2006–2008,2006,2008,no
Stopira,Cape Verde,CAF,2,C.D._Santa_Clara,Santa Clara,2008–2010,2008,2010,no
Stopira,Cape Verde,CAF,3,Deportivo_de_La_Coru%C3%B1a_B,Deportivo La Coruña B,2010–2011,2010,2011,no
Stopira,Cape Verde,CAF,4,C.D._Feirense,Feirense,2011–2012,2011,2012,no
Stopira,Cape Verde,CAF,5,Videoton_FC_Feh%C3%A9rv%C3%A1r,Fehérvár,2012–2023,2012,2023,no
Stopira,Cape Verde,CAF,6,S.C.U._Torreense,Torreense,2024–,2024,,no
Diney,Cape Verde,CAF,1,C.S._Mar%C3%ADtimo,Marítimo B,2015–2018,2015,2018,no
Diney,Cape Verde,CAF,2,G.D._Estoril_Praia,Estoril,2018–2019,2018,2019,no
Diney,Cape Verde,CAF,3,ASFAR_(football_club),FAR Rabat,2019–2023,2019,2023,no
Diney,Cape Verde,CAF,4,Al_Bataeh_Club,Al Bataeh,2023–,2023,,no
Pico,Cape Verde,CAF,1,Bohemian_F.C.,Bohemians,2010–2016,2010,2016,no
Pico,Cape Verde,CAF,2,Shamrock_Rovers_F.C.,Shamrock Rovers,2017–,2017,,no
Logan Costa,Cape Verde,CAF,1,Stade_de_Reims,Reims B,2018–2021,2018,2021,no
Logan Costa,Cape Verde,CAF,2,Le_Mans_FC,Le Mans,2020–2021,2020,2021,yes
Logan Costa,Cape Verde,CAF,3,Toulouse_FC,Toulouse B,2021–2023,2021,2023,no
Logan Costa,Cape Verde,CAF,4,Toulouse_FC,Toulouse,2021–2024,2021,2024,no
Logan Costa,Cape Verde,CAF,5,Villarreal_CF,Villarreal,2024–,2024,,no
Kevin Pina,Cape Verde,CAF,1,U.D._Oliveirense,Oliveirense,2017–2019,2017,2019,no
Kevin Pina,Cape Verde,CAF,2,Anadia_F.C.,Anadia,2018,2018,2018,yes
Kevin Pina,Cape Verde,CAF,3,Sertanense_F.C.,Sertanense,2018–2019,2018,2019,yes
Kevin Pina,Cape Verde,CAF,4,G.D._Chaves,Chaves B,2019–2020,2019,2020,no
Kevin Pina,Cape Verde,CAF,5,G.D._Chaves,Chaves,2020–2022,2020,2022,no
Kevin Pina,Cape Verde,CAF,6,FC_Krasnodar,Krasnodar,2022–,2022,,no
Jovane Cabral,Cape Verde,CAF,1,Sporting_CP_B,Sporting CP B,2016–2018,2016,2018,no
Jovane Cabral,Cape Verde,CAF,2,Sporting_CP,Sporting CP,2018–2024,2018,2024,no
Jovane Cabral,Cape Verde,CAF,3,SS_Lazio,Lazio,2022,2022,2022,yes
Jovane Cabral,Cape Verde,CAF,4,US_Salernitana_1919,Salernitana,2023–2024,2023,2024,yes
Jovane Cabral,Cape Verde,CAF,5,Olympiacos_F.C.,Olympiacos,2024,2024,2024,yes
Jovane Cabral,Cape Verde,CAF,6,C.F._Estrela_da_Amadora,Estrela Amadora,2024–,2024,,no
João Paulo,Cape Verde,CAF,1,Sporting_Clube_da_Praia,Sporting Praia,2017–2018,2017,2018,no
João Paulo,Cape Verde,CAF,2,SC_Maria_da_Fonte,Maria da Fonte,2018–2019,2018,2019,no
João Paulo,Cape Verde,CAF,3,Le%C3%A7a_F.C.,Leça,2019–2021,2019,2021,no
João Paulo,Cape Verde,CAF,4,C.D._Feirense,Feirense,2021–2023,2021,2023,no
João Paulo,Cape Verde,CAF,5,FC_Sheriff_Tiraspol,Sheriff Tiraspol,2023–2025,2023,2025,no
João Paulo,Cape Verde,CAF,6,ASC_O%C8%9Belul_Gala%C8%9Bi,Oțelul Galați,2025–2026,2025,2026,no
João Paulo,Cape Verde,CAF,7,FCSB,FCSB,2026–,2026,,no
Gilson Benchimol,Cape Verde,CAF,1,G.D._Estoril_Praia,Estoril,2021–2024,2021,2024,no
Gilson Benchimol,Cape Verde,CAF,2,S.L._Benfica_B,Benfica B,2023–2024,2023,2024,yes
Gilson Benchimol,Cape Verde,CAF,3,FC_Akron_Tolyatti,Akron Tolyatti,2024–,2024,,no
Jamiro Monteiro,Cape Verde,CAF,1,SC_Cambuur,Cambuur,2015–2017,2015,2017,no
Jamiro Monteiro,Cape Verde,CAF,2,Heracles_Almelo,Heracles Almelo,2017–2018,2017,2018,no
Jamiro Monteiro,Cape Verde,CAF,3,FC_Metz,Metz,2018–2020,2018,2020,no
Jamiro Monteiro,Cape Verde,CAF,4,Philadelphia_Union,Philadelphia Union,2019,2019,2019,yes
Jamiro Monteiro,Cape Verde,CAF,5,Philadelphia_Union,Philadelphia Union,2020–2021,2020,2021,no
Jamiro Monteiro,Cape Verde,CAF,6,San_Jose_Earthquakes,San Jose Earthquakes,2022–2023,2022,2023,no
Jamiro Monteiro,Cape Verde,CAF,7,Gaziantep_F.K.,Gaziantep,2024,2024,2024,no
Jamiro Monteiro,Cape Verde,CAF,8,PEC_Zwolle,PEC Zwolle,2024–,2024,,no
Garry Rodrigues,Cape Verde,CAF,1,XerxesDZB,XerxesDZB,2009–2010,2009,2010,no
Garry Rodrigues,Cape Verde,CAF,2,ADO_Den_Haag,ADO Den Haag,2012–2013,2012,2013,no
Garry Rodrigues,Cape Verde,CAF,3,FC_Dordrecht,Dordrecht,2012–2013,2012,2013,yes
Garry Rodrigues,Cape Verde,CAF,4,PFC_Levski_Sofia,Levski Sofia,2013–2014,2013,2014,no
Garry Rodrigues,Cape Verde,CAF,5,Elche_CF,Elche,2014–2015,2014,2015,no
Garry Rodrigues,Cape Verde,CAF,6,PAOK_FC,PAOK,2015–2017,2015,2017,no
Garry Rodrigues,Cape Verde,CAF,7,Galatasaray_S.K._(football),Galatasaray,2017–2019,2017,2019,no
Garry Rodrigues,Cape Verde,CAF,8,Al-Ittihad_Club_(Jeddah),Al-Ittihad,2019–2021,2019,2021,no
Garry Rodrigues,Cape Verde,CAF,9,Fenerbah%C3%A7e_S.K._(football),Fenerbahçe,2019–2020,2019,2020,yes
Garry Rodrigues,Cape Verde,CAF,10,Olympiacos_F.C.,Olympiacos,2021–2023,2021,2023,no
Garry Rodrigues,Cape Verde,CAF,11,MKE_Ankarag%C3%BCc%C3%BC,Ankaragücü,2023–2024,2023,2024,no
Garry Rodrigues,Cape Verde,CAF,12,Sivasspor,Sivasspor,2024–2025,2024,2025,no
Garry Rodrigues,Cape Verde,CAF,13,Apollon_Limassol_FC,Apollon Limassol,2025–,2025,,no
Márcio Rosa,Cape Verde,CAF,1,G.D._Chaves,Chaves,2016–2018,2016,2018,no
Márcio Rosa,Cape Verde,CAF,2,C.D.C._Montalegre,Montalegre,2016–2017,2016,2017,yes
Márcio Rosa,Cape Verde,CAF,3,C.D.C._Montalegre,Montalegre,2018,2018,2018,no
Márcio Rosa,Cape Verde,CAF,4,C.D._Cova_da_Piedade,Cova da Piedade,2018–2021,2018,2021,no
Márcio Rosa,Cape Verde,CAF,5,C.D.C._Montalegre,Montalegre,2021–2022,2021,2022,no
Márcio Rosa,Cape Verde,CAF,6,Real_S.C.,Real SC,2022–2023,2022,2023,no
Márcio Rosa,Cape Verde,CAF,7,U.D._Vilafranquense,Vilafranquense,2023,2023,2023,no
Márcio Rosa,Cape Verde,CAF,8,Anadia_F.C.,Anadia,2023–2024,2023,2024,no
Márcio Rosa,Cape Verde,CAF,9,FC_Hebar_Pazardzhik,Hebar,2024–2025,2024,2025,no
Márcio Rosa,Cape Verde,CAF,10,PFC_Montana,Montana,2025–,2025,,no
Sidny Lopes Cabral,Cape Verde,CAF,1,FC_Rot-Wei%C3%9F_Erfurt,Rot-Weiß Erfurt,2022–2023,2022,2023,no
Sidny Lopes Cabral,Cape Verde,CAF,2,FC_Viktoria_K%C3%B6ln,Viktoria Köln,2024–2025,2024,2025,no
Sidny Lopes Cabral,Cape Verde,CAF,3,C.F._Estrela_da_Amadora,Estrela da Amadora,2025–2025,2025,2025,no
Sidny Lopes Cabral,Cape Verde,CAF,4,S.L._Benfica,Benfica,2025–2026,2025,2026,no
Sidny Lopes Cabral,Cape Verde,CAF,5,Trabzonspor,Trabzonspor,2026–,2026,,no
Deroy Duarte,Cape Verde,CAF,1,Sparta_Rotterdam,Jong Sparta,2016–2021,2016,2021,no
Deroy Duarte,Cape Verde,CAF,2,Sparta_Rotterdam,Sparta,2017–2021,2017,2021,no
Deroy Duarte,Cape Verde,CAF,3,Fortuna_Sittard,Fortuna Sittard,2021–2024,2021,2024,no
Deroy Duarte,Cape Verde,CAF,4,PFC_Ludogorets_Razgrad,Ludogorets Razgrad,2024–,2024,,no
Laros Duarte,Cape Verde,CAF,1,Jong_PSV,Jong PSV,2015–2019,2015,2019,no
Laros Duarte,Cape Verde,CAF,2,Sparta_Rotterdam,Sparta,2019,2019,2019,yes
Laros Duarte,Cape Verde,CAF,3,Sparta_Rotterdam,Sparta,2019–2021,2019,2021,no
Laros Duarte,Cape Verde,CAF,4,FC_Groningen,Groningen,2021–2024,2021,2024,no
Laros Duarte,Cape Verde,CAF,5,Pusk%C3%A1s_Akad%C3%A9mia_FC,Puskás Akadémia,2024–,2024,,no
Yannick Semedo,Cape Verde,CAF,1,C.S._Mar%C3%ADtimo_B,Marítimo B,2015–2018,2015,2018,no
Yannick Semedo,Cape Verde,CAF,2,C.F._Uni%C3%A3o,União Madeira,2018–2019,2018,2019,no
Yannick Semedo,Cape Verde,CAF,3,S.C._Beira-Mar,Beira-Mar,2019–2020,2019,2020,no
Yannick Semedo,Cape Verde,CAF,4,S.C._Salgueiros,Salgueiros,2020–2022,2020,2022,no
Yannick Semedo,Cape Verde,CAF,5,Vilaverdense_FC,Vilaverdense,2022–2024,2022,2024,no
Yannick Semedo,Cape Verde,CAF,6,C.D._Santa_Clara,Santa Clara,2024–2025,2024,2025,no
Yannick Semedo,Cape Verde,CAF,7,F.C._Vizela,Vizela,2024–2025,2024,2025,yes
Yannick Semedo,Cape Verde,CAF,8,S.C._Farense,Farense,2025–,2025,,no
Willy Semedo,Cape Verde,CAF,1,Alki_Oroklini,Alki Oroklini,2014–2018,2014,2018,no
Willy Semedo,Cape Verde,CAF,2,R._Charleroi_S.C.,Charleroi,2018,2018,2018,no
Willy Semedo,Cape Verde,CAF,3,K.S.V._Roeselare,Roeselare,2018,2018,2018,yes
Willy Semedo,Cape Verde,CAF,4,FC_Politehnica_Ia%C8%99i_(2010),Politehnica Iași,2019,2019,2019,no
Willy Semedo,Cape Verde,CAF,5,Grenoble_Foot_38,Grenoble,2019–2021,2019,2021,no
Willy Semedo,Cape Verde,CAF,6,Pafos_FC,Pafos,2021–2023,2021,2023,no
Willy Semedo,Cape Verde,CAF,7,Al-Faisaly_FC,Al-Faisaly,2023,2023,2023,no
Willy Semedo,Cape Verde,CAF,8,AC_Omonia,Omonia,2023–2026,2023,2026,no
Telmo Arcanjo,Cape Verde,CAF,1,C.D._Tondela,Tondela,2020–2023,2020,2023,no
Telmo Arcanjo,Cape Verde,CAF,2,Vit%C3%B3ria_S.C.,Vitória Guimarães,2023–,2023,,no
Dailon Livramento,Cape Verde,CAF,1,Roda_JC_Kerkrade,Roda JC,2021–2022,2021,2022,no
Dailon Livramento,Cape Verde,CAF,2,MVV_Maastricht,MVV,2022–2024,2022,2024,no
Dailon Livramento,Cape Verde,CAF,3,Hellas_Verona_FC,Hellas Verona,2024–,2024,,no
Dailon Livramento,Cape Verde,CAF,4,Casa_Pia_A.C.,Casa Pia,2025–,2025,,yes
Ryan Mendes,Cape Verde,CAF,1,Le_Havre_AC,Le Havre,2008–2012,2008,2012,no
Ryan Mendes,Cape Verde,CAF,2,Le_Havre_AC,Le Havre II,2010,2010,2010,no
Ryan Mendes,Cape Verde,CAF,3,Lille_OSC,Lille,2012–2017,2012,2017,no
Ryan Mendes,Cape Verde,CAF,4,Lille_OSC,Lille II,2014–2016,2014,2016,no
Ryan Mendes,Cape Verde,CAF,5,Nottingham_Forest,Nottingham Forest,2015–2016,2015,2016,yes
Ryan Mendes,Cape Verde,CAF,6,Kayserispor,Kayserispor,2017–2018,2017,2018,no
Ryan Mendes,Cape Verde,CAF,7,Sharjah_FC,Sharjah,2018–2020,2018,2020,no
Ryan Mendes,Cape Verde,CAF,8,Al-Nasr_Dubai_SC,Al Nasr,2020–2023,2020,2023,no
Ryan Mendes,Cape Verde,CAF,9,Fatih_Karag%C3%BCmr%C3%BCk_S.K.,Fatih Karagümrük,2023–2024,2023,2024,no
Ryan Mendes,Cape Verde,CAF,10,Kocaelispor,Kocaelispor,2024–2025,2024,2025,no
Ryan Mendes,Cape Verde,CAF,11,I%C4%9Fd%C4%B1r_F.K.,Iğdır,2025–,2025,,no
Nuno da Costa,Cape Verde,CAF,1,Aubagne_FC,Aubagne,2011–2015,2011,2015,no
Nuno da Costa,Cape Verde,CAF,2,Valenciennes_FC,Valenciennes II,2015,2015,2015,no
Nuno da Costa,Cape Verde,CAF,3,Valenciennes_FC,Valenciennes,2015–2017,2015,2017,no
Nuno da Costa,Cape Verde,CAF,4,RC_Strasbourg_Alsace,Strasbourg,2017–2020,2017,2020,no
Nuno da Costa,Cape Verde,CAF,5,RC_Strasbourg_Alsace,Strasbourg II,2018,2018,2018,no
Nuno da Costa,Cape Verde,CAF,6,Nottingham_Forest_F.C.,Nottingham Forest,2020–2022,2020,2022,no
Nuno da Costa,Cape Verde,CAF,7,Royal_Excel_Mouscron,Mouscron,2020–2021,2020,2021,yes
Nuno da Costa,Cape Verde,CAF,8,Stade_Malherbe_Caen,Caen,2021–2022,2021,2022,yes
Nuno da Costa,Cape Verde,CAF,9,AJ_Auxerre,Auxerre,2022–2023,2022,2023,no
Nuno da Costa,Cape Verde,CAF,10,Kas%C4%B1mpa%C5%9Fa_S.K.,Kasımpaşa,2023–2025,2023,2025,no
Nuno da Costa,Cape Verde,CAF,11,%C4%B0stanbul_Ba%C5%9Fak%C5%9Fehir_F.K.,İstanbul Başakşehir,2025–,2025,,no
Steven Moreira,Cape Verde,CAF,1,Stade_Rennais_F.C.,Rennes B,2011–2016,2011,2016,no
Steven Moreira,Cape Verde,CAF,2,Stade_Rennais_F.C.,Rennes,2013–2016,2013,2016,no
Steven Moreira,Cape Verde,CAF,3,FC_Lorient,Lorient,2016–2018,2016,2018,no
Steven Moreira,Cape Verde,CAF,4,Toulouse_FC,Toulouse,2018–2021,2018,2021,no
Steven Moreira,Cape Verde,CAF,5,Toulouse_FC,Toulouse B,2018,2018,2018,no
Steven Moreira,Cape Verde,CAF,6,Columbus_Crew,Columbus Crew,2021–,2021,,no
CJ dos Santos,Cape Verde,CAF,1,S.L._Benfica_B,Benfica B,2019–2022,2019,2022,no
CJ dos Santos,Cape Verde,CAF,2,Inter_Miami_CF_II,Inter Miami II,2022–2024,2022,2024,no
CJ dos Santos,Cape Verde,CAF,3,Inter_Miami_CF,Inter Miami,2022–2024,2022,2024,no
CJ dos Santos,Cape Verde,CAF,4,San_Diego_FC,San Diego FC,2024–,2024,,no
Wagner Pina,Cape Verde,CAF,1,C.F._Os_Belenenses,Belenenses,2022–2023,2022,2023,no
Wagner Pina,Cape Verde,CAF,2,G.D._Estoril_Praia,Estoril,2023–2025,2023,2025,no
Wagner Pina,Cape Verde,CAF,3,Trabzonspor,Trabzonspor,2025–,2025,,no
Kelvin Pires,Cape Verde,CAF,1,Batuque_FC,Batuque,2019–2020,2019,2020,no
Kelvin Pires,Cape Verde,CAF,2,AS_Tren%C4%8D%C3%ADn,AS Trenčín,2020–2024,2020,2024,no
Kelvin Pires,Cape Verde,CAF,3,Sein%C3%A4joen_Jalkapallokerho,SJK,2024,2024,2024,yes
Kelvin Pires,Cape Verde,CAF,4,Sein%C3%A4joen_Jalkapallokerho,SJK,2025–,2025,,no
Hélio Varela,Cape Verde,CAF,1,Amora_F.C.,Amora,2020–2021,2020,2021,no
Hélio Varela,Cape Verde,CAF,2,S.U._Sintrense,Sintrense,2021–2022,2021,2022,no
Hélio Varela,Cape Verde,CAF,3,Portimonense_S.C.,Portimonense,2022–2024,2022,2024,no
Hélio Varela,Cape Verde,CAF,4,K.A.A._Gent,Gent,2024–2025,2024,2025,no
Hélio Varela,Cape Verde,CAF,5,Maccabi_Tel_Aviv_F.C.,Maccabi Tel Aviv,2025–,2025,,no
Nawaf Al-Aqidi,Saudi Arabia,AFC,1,Al_Nassr_FC,Al-Nassr,2020–,2020,,no
Nawaf Al-Aqidi,Saudi Arabia,AFC,2,Al-Tai_FC,Al-Tai,2022,2022,2022,yes
Nawaf Al-Aqidi,Saudi Arabia,AFC,3,Al-Fateh_SC,Al-Fateh,2025,2025,2025,yes
Ali Majrashi,Saudi Arabia,AFC,1,Al_Shabab_FC_(Riyadh),Al-Shabab,2018–2022,2018,2022,no
Ali Majrashi,Saudi Arabia,AFC,2,Al_Faisaly_FC,Al-Faisaly,2021,2021,2021,yes
Ali Majrashi,Saudi Arabia,AFC,3,Al-Ahli_Saudi_FC,Al-Ahli,2022–,2022,,no
Ali Lajami,Saudi Arabia,AFC,1,Khaleej_FC,Al-Khaleej,2015–2018,2015,2018,no
Ali Lajami,Saudi Arabia,AFC,2,Al-Fateh_SC,Al-Fateh,2018–2020,2018,2020,no
Ali Lajami,Saudi Arabia,AFC,3,Al_Nassr_FC,Al-Nassr,2020–2025,2020,2025,no
Ali Lajami,Saudi Arabia,AFC,4,Al_Hilal_FC,Al-Hilal,2025–,2025,,no
Abdulelah Al-Amri,Saudi Arabia,AFC,1,Al_Nassr_FC,Al-Nassr,2017–,2017,,no
Abdulelah Al-Amri,Saudi Arabia,AFC,2,Al-Wehda_Club_(Mecca),Al-Wehda,2018–2019,2018,2019,yes
Abdulelah Al-Amri,Saudi Arabia,AFC,3,Al-Ittihad_Club_(Jeddah),Al-Ittihad,2024–2025,2024,2025,yes
Hassan Al-Tambakti,Saudi Arabia,AFC,1,Al-Shabab_FC_(Riyadh),Al-Shabab,2018–2023,2018,2023,no
Hassan Al-Tambakti,Saudi Arabia,AFC,2,Al-Wehda_Club_(Mecca),Al-Wehda,2019–2020,2019,2020,yes
Hassan Al-Tambakti,Saudi Arabia,AFC,3,Al_Hilal_SFC,Al-Hilal,2023–,2023,,no
Nasser Al-Dawsari,Saudi Arabia,AFC,1,Al_Hilal_SFC,Al Hilal,2017–,2017,,no
Musab Al-Juwayr,Saudi Arabia,AFC,1,Al_Hilal_SFC,Al-Hilal,2021–2025,2021,2025,no
Musab Al-Juwayr,Saudi Arabia,AFC,2,Al_Shabab_FC_(Riyadh),Al-Shabab,2024,2024,2024,yes
Musab Al-Juwayr,Saudi Arabia,AFC,3,Al_Shabab_FC_(Riyadh),Al-Shabab,2024–2025,2024,2025,yes
Musab Al-Juwayr,Saudi Arabia,AFC,4,Al-Qadsiah_FC,Al-Qadsiah,2025–,2025,,no
Ayman Yahya,Saudi Arabia,AFC,1,Al_Nassr_FC,Al-Nassr,2019–,2019,,no
Ayman Yahya,Saudi Arabia,AFC,2,Al_Ahli_Saudi_FC,Al-Ahli,2022,2022,2022,yes
Firas Al-Buraikan,Saudi Arabia,AFC,1,Al-Nassr_FC,Al-Nassr,2017–2021,2017,2021,no
Firas Al-Buraikan,Saudi Arabia,AFC,2,Al_Fateh_SC,Al-Fateh,2021–2023,2021,2023,no
Firas Al-Buraikan,Saudi Arabia,AFC,3,Al-Ahli_Saudi_FC,Al-Ahli,2023–,2023,,no
Salem Al-Dawsari,Saudi Arabia,AFC,1,Al_Hilal_SFC,Al Hilal,2011–,2011,,no
Salem Al-Dawsari,Saudi Arabia,AFC,2,Villarreal_CF,Villarreal,2018,2018,2018,yes
Saleh Al-Shehri,Saudi Arabia,AFC,1,Al-Ahli_(Jeddah),Al-Ahli,2012–2015,2012,2015,no
Saleh Al-Shehri,Saudi Arabia,AFC,2,C.D._Mafra,Mafra,2012,2012,2012,yes
Saleh Al-Shehri,Saudi Arabia,AFC,3,S.C._Beira-Mar,Beira-Mar,2012–2013,2012,2013,yes
Saleh Al-Shehri,Saudi Arabia,AFC,4,Al-Raed_FC,Al-Raed,2015–2020,2015,2020,no
Saleh Al-Shehri,Saudi Arabia,AFC,5,Al_Hilal_SFC,Al-Hilal,2019–2020,2019,2020,yes
Saleh Al-Shehri,Saudi Arabia,AFC,6,Al_Hilal_SFC,Al-Hilal,2020–2024,2020,2024,no
Saleh Al-Shehri,Saudi Arabia,AFC,7,Al-Ittihad_Club_(Jeddah),Al-Ittihad,2024–,2024,,no
Saud Abdulhamid,Saudi Arabia,AFC,1,Al-Ittihad_(Jeddah),Al-Ittihad,2018–2022,2018,2022,no
Saud Abdulhamid,Saudi Arabia,AFC,2,Al_Hilal_SFC,Al-Hilal,2022–2024,2022,2024,no
Saud Abdulhamid,Saudi Arabia,AFC,3,AS_Roma,Roma,2024–2026,2024,2026,no
Saud Abdulhamid,Saudi Arabia,AFC,4,RC_Lens,Lens,2025–2026,2025,2026,yes
Saud Abdulhamid,Saudi Arabia,AFC,5,RC_Lens,Lens,2026–,2026,,no
Nawaf Boushal,Saudi Arabia,AFC,1,Al-Fateh_SC,Al-Fateh,2019–2023,2019,2023,no
Nawaf Boushal,Saudi Arabia,AFC,2,Al_Nassr_FC,Al-Nassr,2023–,2023,,no
Hassan Kadesh,Saudi Arabia,AFC,1,Al-Ettifaq_FC,Al-Ettifaq,2012–2017,2012,2017,no
Hassan Kadesh,Saudi Arabia,AFC,2,Al_Hilal_SFC,Al-Hilal,2017–2020,2017,2020,no
Hassan Kadesh,Saudi Arabia,AFC,3,Al-Taawoun_FC,Al-Taawoun,2020–2023,2020,2023,no
Hassan Kadesh,Saudi Arabia,AFC,4,Al-Ittihad_Club_(Jeddah),Al-Ittihad,2023–,2023,,no
Abdullah Al-Khaibari,Saudi Arabia,AFC,1,Al-Shabab_FC_(Riyadh),Al-Shabab,2017–2019,2017,2019,no
Abdullah Al-Khaibari,Saudi Arabia,AFC,2,Al_Nassr_FC,Al-Nassr,2019–,2019,,no
Ziyad Al-Johani,Saudi Arabia,AFC,1,Al-Ahli_Saudi_FC,Al-Ahli,2020–,2020,,no
Khalid Al-Ghannam,Saudi Arabia,AFC,1,Al-Qadsiah_FC,Al-Qadsiah,2019–2020,2019,2020,no
Khalid Al-Ghannam,Saudi Arabia,AFC,2,Al-Nassr_FC,Al-Nassr,2020–2024,2020,2024,no
Khalid Al-Ghannam,Saudi Arabia,AFC,3,Al-Fateh_SC,Al-Fateh,2023,2023,2023,yes
Khalid Al-Ghannam,Saudi Arabia,AFC,4,Al-Ettifaq_FC,Al-Ettifaq,2024–,2024,,no
Khalid Al-Ghannam,Saudi Arabia,AFC,5,Al_Hilal_SFC,Al-Hilal,2024–2025,2024,2025,yes
Alaa Al-Hejji,Saudi Arabia,AFC,1,Khaleej_FC,Al-Khaleej,2015–2020,2015,2020,no
Alaa Al-Hejji,Saudi Arabia,AFC,2,Al-Wehda_Club_(Mecca),Al-Wehda,2020–2025,2020,2025,no
Alaa Al-Hejji,Saudi Arabia,AFC,3,Neom_SC,Neom,2025–,2025,,no
Abdullah Al-Hamdan,Saudi Arabia,AFC,1,Al-Shabab_FC_(Riyadh),Al-Shabab,2018–2021,2018,2021,no
Abdullah Al-Hamdan,Saudi Arabia,AFC,2,Al-Hilal_FC,Al-Hilal,2021–2026,2021,2026,no
Abdullah Al-Hamdan,Saudi Arabia,AFC,3,Al-Nassr_FC,Al-Nassr,2026–,2026,,no
Sultan Mandash,Saudi Arabia,AFC,1,Al-Ittihad_(Jeddah),Al-Ittihad,2014–2017,2014,2017,no
Sultan Mandash,Saudi Arabia,AFC,2,Najran_SC,Najran,2015–2016,2015,2016,yes
Sultan Mandash,Saudi Arabia,AFC,3,Al-Faisaly_FC,Al-Faisaly,2017–2019,2017,2019,no
Sultan Mandash,Saudi Arabia,AFC,4,Al-Ahli_Saudi_FC,Al-Ahli,2019–2021,2019,2021,no
Sultan Mandash,Saudi Arabia,AFC,5,Al-Taawoun_FC,Al-Taawoun,2020,2020,2020,yes
Sultan Mandash,Saudi Arabia,AFC,6,Al-Fayha_FC,Al-Fayha,2021–2024,2021,2024,no
Sultan Mandash,Saudi Arabia,AFC,7,Al-Taawoun_FC,Al-Taawoun,2024–2026,2024,2026,no
Sultan Mandash,Saudi Arabia,AFC,8,Al_Hilal_SFC,Al Hilal,2026–,2026,,no
Mohammed Al-Owais,Saudi Arabia,AFC,1,Al-Shabab_FC_(Riyadh),Al-Shabab,2012–2017,2012,2017,no
Mohammed Al-Owais,Saudi Arabia,AFC,2,Al-Ahli_SC_(Jeddah),Al-Ahli,2017–2022,2017,2022,no
Mohammed Al-Owais,Saudi Arabia,AFC,3,Al_Hilal_SFC,Al-Hilal,2022–2025,2022,2025,no
Mohammed Al-Owais,Saudi Arabia,AFC,4,Al-Ula_FC,Al-Ula,2025–,2025,,no
Ahmed Al-Kassar,Saudi Arabia,AFC,1,Al-Raed_FC,Al-Raed,2009–2015,2009,2015,no
Ahmed Al-Kassar,Saudi Arabia,AFC,2,Ettifaq_FC,Al-Ettifaq,2015–2018,2015,2018,no
Ahmed Al-Kassar,Saudi Arabia,AFC,3,Al-Faisaly_FC,Al-Faisaly,2018–2023,2018,2023,no
Ahmed Al-Kassar,Saudi Arabia,AFC,4,Al-Fayha_FC,Al-Fayha,2023–2024,2023,2024,no
Ahmed Al-Kassar,Saudi Arabia,AFC,5,Al-Qadsiah_FC,Al-Qadsiah,2024–,2024,,no
Mohamed Kanno,Saudi Arabia,AFC,1,Ettifaq_FC,Al-Ettifaq,2013–2017,2013,2017,no
Mohamed Kanno,Saudi Arabia,AFC,2,Al_Hilal_SFC,Al Hilal,2017–,2017,,no
Moteb Al-Harbi,Saudi Arabia,AFC,1,Al-Shabab_FC_(Riyadh),Al-Shabab,2020–2024,2020,2024,no
Moteb Al-Harbi,Saudi Arabia,AFC,2,Al_Hilal_SFC,Al-Hilal,2024–,2024,,no
Jehad Thakri,Saudi Arabia,AFC,1,Al-Qadsiah_FC,Al-Qadsiah,2021–,2021,,no
Mohammed Abu Al-Shamat,Saudi Arabia,AFC,1,Al-Qadsiah_FC,Al-Qadsiah,2022–,2022,,no
David Raya,Spain,UEFA,1,Blackburn_Rovers_F.C.,Blackburn Rovers,2014–2019,2014,2019,no
David Raya,Spain,UEFA,2,Southport_F.C.,Southport,2014–2015,2014,2015,yes
David Raya,Spain,UEFA,3,Brentford_F.C.,Brentford,2019–2024,2019,2024,no
David Raya,Spain,UEFA,4,Arsenal_F.C.,Arsenal,2023–2024,2023,2024,yes
David Raya,Spain,UEFA,5,Arsenal_F.C.,Arsenal,2024–,2024,,no
Marc Pubill,Spain,UEFA,1,Atl%C3%A9tico_Levante_UD,Levante B,2020–2022,2020,2022,no
Marc Pubill,Spain,UEFA,2,Levante_UD,Levante,2021–2023,2021,2023,no
Marc Pubill,Spain,UEFA,3,UD_Almer%C3%ADa,Almería,2023–2025,2023,2025,no
Marc Pubill,Spain,UEFA,4,Atl%C3%A9tico_Madrid,Atlético Madrid,2025–,2025,,no
Álex Grimaldo,Spain,UEFA,1,FC_Barcelona_B,Barcelona B,2011–2015,2011,2015,no
Álex Grimaldo,Spain,UEFA,2,S.L._Benfica,Benfica,2016–2023,2016,2023,no
Álex Grimaldo,Spain,UEFA,3,Bayer_04_Leverkusen,Bayer Leverkusen,2023–,2023,,no
Eric García,Spain,UEFA,1,Manchester_City_F.C.,Manchester City,2018–2021,2018,2021,no
Eric García,Spain,UEFA,2,FC_Barcelona,Barcelona,2021–,2021,,no
Eric García,Spain,UEFA,3,Girona_FC,Girona,2023–2024,2023,2024,yes
Marcos Llorente,Spain,UEFA,1,Real_Madrid_Castilla,Real Madrid B,2014–2016,2014,2016,no
Marcos Llorente,Spain,UEFA,2,Real_Madrid_CF,Real Madrid,2015–2019,2015,2019,no
Marcos Llorente,Spain,UEFA,3,Deportivo_Alav%C3%A9s,Alavés,2016–2017,2016,2017,yes
Marcos Llorente,Spain,UEFA,4,Atl%C3%A9tico_Madrid,Atlético Madrid,2019–,2019,,no
Mikel Merino,Spain,UEFA,1,CA_Osasuna_B,Osasuna B,2014,2014,2014,no
Mikel Merino,Spain,UEFA,2,CA_Osasuna,Osasuna,2014–2016,2014,2016,no
Mikel Merino,Spain,UEFA,3,Borussia_Dortmund,Borussia Dortmund,2016–2017,2016,2017,no
Mikel Merino,Spain,UEFA,4,Newcastle_United_F.C.,Newcastle United,2017,2017,2017,yes
Mikel Merino,Spain,UEFA,5,Newcastle_United_F.C.,Newcastle United,2017–2018,2017,2018,no
Mikel Merino,Spain,UEFA,6,Real_Sociedad,Real Sociedad,2018–2024,2018,2024,no
Mikel Merino,Spain,UEFA,7,Arsenal_F.C.,Arsenal,2024–,2024,,no
Ferran Torres,Spain,UEFA,1,Valencia_CF_Mestalla,Valencia Mestalla,2016–2017,2016,2017,no
Ferran Torres,Spain,UEFA,2,Valencia_CF,Valencia,2017–2020,2017,2020,no
Ferran Torres,Spain,UEFA,3,Manchester_City_F.C.,Manchester City,2020–2022,2020,2022,no
Ferran Torres,Spain,UEFA,4,FC_Barcelona,Barcelona,2022–,2022,,no
Fabián Ruiz,Spain,UEFA,1,Real_Betis_B,Betis B,2014–2016,2014,2016,no
Fabián Ruiz,Spain,UEFA,2,Real_Betis,Betis,2014–2018,2014,2018,no
Fabián Ruiz,Spain,UEFA,3,Elche_CF,Elche,2017,2017,2017,yes
Fabián Ruiz,Spain,UEFA,4,SSC_Napoli,Napoli,2018–2022,2018,2022,no
Fabián Ruiz,Spain,UEFA,5,Paris_Saint-Germain_FC,Paris Saint-Germain,2022–,2022,,no
Gavi,Spain,UEFA,1,FC_Barcelona_B,Barcelona B,2020–2021,2020,2021,no
Gavi,Spain,UEFA,2,FC_Barcelona,Barcelona,2021–,2021,,no
Dani Olmo,Spain,UEFA,1,GNK_Dinamo_Zagreb_Academy,Dinamo Zagreb II,2015–2017,2015,2017,no
Dani Olmo,Spain,UEFA,2,GNK_Dinamo_Zagreb,Dinamo Zagreb,2015–2020,2015,2020,no
Dani Olmo,Spain,UEFA,3,RB_Leipzig,RB Leipzig,2020–2024,2020,2024,no
Dani Olmo,Spain,UEFA,4,FC_Barcelona,Barcelona,2024–,2024,,no
Yéremy Pino,Spain,UEFA,1,Villarreal_CF_C,Villarreal C,2019–2020,2019,2020,no
Yéremy Pino,Spain,UEFA,2,Villarreal_CF,Villarreal,2020–2025,2020,2025,no
Yéremy Pino,Spain,UEFA,3,Crystal_Palace_F.C.,Crystal Palace,2025–,2025,,no
Pedro Porro,Spain,UEFA,1,CF_Peralada,Peralada-Girona B,2017–2018,2017,2018,no
Pedro Porro,Spain,UEFA,2,Girona_FC,Girona,2017–2019,2017,2019,no
Pedro Porro,Spain,UEFA,3,Manchester_City_F.C.,Manchester City,2019–2022,2019,2022,no
Pedro Porro,Spain,UEFA,4,Real_Valladolid,Valladolid,2019–2020,2019,2020,yes
Pedro Porro,Spain,UEFA,5,Sporting_CP,Sporting CP,2020–2022,2020,2022,yes
Pedro Porro,Spain,UEFA,6,Sporting_CP,Sporting CP,2022–2023,2022,2023,no
Pedro Porro,Spain,UEFA,7,Tottenham_Hotspur_F.C.,Tottenham Hotspur,2023,2023,2023,yes
Pedro Porro,Spain,UEFA,8,Tottenham_Hotspur_F.C.,Tottenham Hotspur,2023–,2023,,no
Joan Garcia,Spain,UEFA,1,RCD_Espanyol_B,Espanyol B,2019–2021,2019,2021,no
Joan Garcia,Spain,UEFA,2,RCD_Espanyol,Espanyol,2021–2025,2021,2025,no
Joan Garcia,Spain,UEFA,3,FC_Barcelona,Barcelona,2025–,2025,,no
Aymeric Laporte,Spain,UEFA,1,CD_Basconia,Basconia,2011–2012,2011,2012,no
Aymeric Laporte,Spain,UEFA,2,Athletic_Bilbao_B,Athletic Bilbao B,2012–2013,2012,2013,no
Aymeric Laporte,Spain,UEFA,3,Athletic_Bilbao,Athletic Bilbao,2012–2018,2012,2018,no
Aymeric Laporte,Spain,UEFA,4,Manchester_City_F.C.,Manchester City,2018–2023,2018,2023,no
Aymeric Laporte,Spain,UEFA,5,Al_Nassr_FC,Al-Nassr,2023–2025,2023,2025,no
Aymeric Laporte,Spain,UEFA,6,Athletic_Bilbao,Athletic Bilbao,2025–,2025,,no
Álex Baena,Spain,UEFA,1,Villarreal_CF_C,Villarreal C,2018–2019,2018,2019,no
Álex Baena,Spain,UEFA,2,Villarreal_CF_B,Villarreal B,2019–2020,2019,2020,no
Álex Baena,Spain,UEFA,3,Villarreal_CF,Villarreal,2020–2025,2020,2025,no
Álex Baena,Spain,UEFA,4,Girona_FC,Girona,2021–2022,2021,2022,yes
Álex Baena,Spain,UEFA,5,Atl%C3%A9tico_Madrid,Atlético Madrid,2025–,2025,,no
Rodri,Spain,UEFA,1,Villarreal_CF_B,Villarreal B,2015–2016,2015,2016,no
Rodri,Spain,UEFA,2,Villarreal_CF,Villarreal,2015–2018,2015,2018,no
Rodri,Spain,UEFA,3,Atl%C3%A9tico_Madrid,Atlético Madrid,2018–2019,2018,2019,no
Rodri,Spain,UEFA,4,Manchester_City_F.C.,Manchester City,2019–,2019,,no
Nico Williams,Spain,UEFA,1,CD_Basconia,Basconia,2019–2020,2019,2020,no
Nico Williams,Spain,UEFA,2,Athletic_Bilbao_B,Bilbao Athletic,2020–2021,2020,2021,no
Nico Williams,Spain,UEFA,3,Athletic_Bilbao,Athletic Bilbao,2021–,2021,,no
Martín Zubimendi,Spain,UEFA,1,Real_Sociedad_C,Real Sociedad C,2016–2018,2016,2018,no
Martín Zubimendi,Spain,UEFA,2,Real_Sociedad_B,Real Sociedad B,2017–2020,2017,2020,no
Martín Zubimendi,Spain,UEFA,3,Real_Sociedad,Real Sociedad,2019–2025,2019,2025,no
Martín Zubimendi,Spain,UEFA,4,Arsenal_F.C.,Arsenal,2025–,2025,,no
Lamine Yamal,Spain,UEFA,1,FC_Barcelona_Atl%C3%A8tic,Barcelona B,2023,2023,2023,no
Lamine Yamal,Spain,UEFA,2,FC_Barcelona,Barcelona,2023–,2023,,no
Pedri,Spain,UEFA,1,UD_Las_Palmas,Las Palmas,2019–2020,2019,2020,no
Pedri,Spain,UEFA,2,FC_Barcelona,Barcelona,2020–,2020,,no
Mikel Oyarzabal,Spain,UEFA,1,Real_Sociedad_B,Real Sociedad B,2014–2015,2014,2015,no
Mikel Oyarzabal,Spain,UEFA,2,Real_Sociedad,Real Sociedad,2015–,2015,,no
Pau Cubarsí,Spain,UEFA,1,FC_Barcelona_Atl%C3%A8tic,Barcelona B,2023–2024,2023,2024,no
Pau Cubarsí,Spain,UEFA,2,FC_Barcelona,Barcelona,2024–,2024,,no
Unai Simón,Spain,UEFA,1,CD_Basconia,Basconia,2014–2016,2014,2016,no
Unai Simón,Spain,UEFA,2,Athletic_Bilbao_B,Athletic Bilbao B,2016–2018,2016,2018,no
Unai Simón,Spain,UEFA,3,Athletic_Bilbao,Athletic Bilbao,2018–,2018,,no
Marc Cucurella,Spain,UEFA,1,FC_Barcelona_B,Barcelona B,2016–2018,2016,2018,no
Marc Cucurella,Spain,UEFA,2,FC_Barcelona,Barcelona,2017–2020,2017,2020,no
Marc Cucurella,Spain,UEFA,3,SD_Eibar,Eibar,2018–2019,2018,2019,yes
Marc Cucurella,Spain,UEFA,4,Getafe_CF,Getafe,2019–2020,2019,2020,yes
Marc Cucurella,Spain,UEFA,5,Getafe_CF,Getafe,2020–2021,2020,2021,no
Marc Cucurella,Spain,UEFA,6,Brighton_%26_Hove_Albion_F.C.,Brighton & Hove Albion,2021–2022,2021,2022,no
Marc Cucurella,Spain,UEFA,7,Chelsea_F.C.,Chelsea,2022–,2022,,no
Víctor Muñoz,Spain,UEFA,1,RSC_Internacional_FC,RSC Internacional,2022–2023,2022,2023,no
Víctor Muñoz,Spain,UEFA,2,Real_Madrid_Castilla,Real Madrid B,2023–2025,2023,2025,no
Víctor Muñoz,Spain,UEFA,3,Real_Madrid_CF,Real Madrid,2025,2025,2025,no
Víctor Muñoz,Spain,UEFA,4,CA_Osasuna,Osasuna,2025–,2025,,no
Borja Iglesias,Spain,UEFA,1,Villarreal_CF_C,Villarreal C,2012–2013,2012,2013,no
Borja Iglesias,Spain,UEFA,2,Celta_de_Vigo_B,Celta B,2013–2017,2013,2017,no
Borja Iglesias,Spain,UEFA,3,RC_Celta_de_Vigo,Celta,2014–2018,2014,2018,no
Borja Iglesias,Spain,UEFA,4,Real_Zaragoza,Zaragoza,2017–2018,2017,2018,yes
Borja Iglesias,Spain,UEFA,5,RCD_Espanyol,Espanyol,2018–2019,2018,2019,no
Borja Iglesias,Spain,UEFA,6,Real_Betis,Betis,2019–2025,2019,2025,no
Borja Iglesias,Spain,UEFA,7,Bayer_04_Leverkusen,Bayer Leverkusen,2024,2024,2024,yes
Borja Iglesias,Spain,UEFA,8,RC_Celta_de_Vigo,Celta,2024–2025,2024,2025,yes
Borja Iglesias,Spain,UEFA,9,RC_Celta_de_Vigo,Celta,2025–,2025,,no
Sergio Rochet,Uruguay,CONMEBOL,1,AZ_Alkmaar,AZ,2014–2017,2014,2017,no
Sergio Rochet,Uruguay,CONMEBOL,2,Sivasspor,Sivasspor,2017–2019,2017,2019,no
Sergio Rochet,Uruguay,CONMEBOL,3,Club_Nacional_de_Football,Nacional,2019–2023,2019,2023,no
Sergio Rochet,Uruguay,CONMEBOL,4,Sport_Club_Internacional,Internacional,2023–,2023,,no
José María Giménez,Uruguay,CONMEBOL,1,Danubio_F.C.,Danubio,2012–2013,2012,2013,no
José María Giménez,Uruguay,CONMEBOL,2,Atl%C3%A9tico_Madrid,Atlético Madrid,2013–,2013,,no
Sebastián Cáceres,Uruguay,CONMEBOL,1,Liverpool_F.C._(Montevideo),Liverpool Montevideo,2017–2020,2017,2020,no
Sebastián Cáceres,Uruguay,CONMEBOL,2,Club_Am%C3%A9rica,América,2020–,2020,,no
Ronald Araújo,Uruguay,CONMEBOL,1,C.A._Rentistas,Rentistas,2016–2017,2016,2017,no
Ronald Araújo,Uruguay,CONMEBOL,2,Boston_River,Boston River,2017–2018,2017,2018,no
Ronald Araújo,Uruguay,CONMEBOL,3,FC_Barcelona_B,Barcelona B,2018–2020,2018,2020,no
Ronald Araújo,Uruguay,CONMEBOL,4,FC_Barcelona,Barcelona,2019–,2019,,no
Manuel Ugarte,Uruguay,CONMEBOL,1,Centro_Atl%C3%A9tico_F%C3%A9nix,Fénix,2016–2020,2016,2020,no
Manuel Ugarte,Uruguay,CONMEBOL,2,F.C._Famalic%C3%A3o,Famalicão,2021,2021,2021,no
Manuel Ugarte,Uruguay,CONMEBOL,3,Sporting_CP,Sporting CP,2021–2023,2021,2023,no
Manuel Ugarte,Uruguay,CONMEBOL,4,Paris_Saint-Germain_FC,Paris Saint-Germain,2023–2024,2023,2024,no
Manuel Ugarte,Uruguay,CONMEBOL,5,Manchester_United_F.C.,Manchester United,2024–,2024,,no
Rodrigo Bentancur,Uruguay,CONMEBOL,1,Boca_Juniors,Boca Juniors,2015–2017,2015,2017,no
Rodrigo Bentancur,Uruguay,CONMEBOL,2,Juventus_FC,Juventus,2017–2022,2017,2022,no
Rodrigo Bentancur,Uruguay,CONMEBOL,3,Tottenham_Hotspur_F.C.,Tottenham Hotspur,2022–,2022,,no
Nicolás de la Cruz,Uruguay,CONMEBOL,1,Liverpool_F.C._(Montevideo),Liverpool Montevideo,2015–2017,2015,2017,no
Nicolás de la Cruz,Uruguay,CONMEBOL,2,Club_Atl%C3%A9tico_River_Plate,River Plate,2017–2023,2017,2023,no
Nicolás de la Cruz,Uruguay,CONMEBOL,3,CR_Flamengo,Flamengo,2024–,2024,,no
Federico Valverde,Uruguay,CONMEBOL,1,Pe%C3%B1arol,Peñarol,2015–2016,2015,2016,no
Federico Valverde,Uruguay,CONMEBOL,2,Real_Madrid_Castilla,Real Madrid B,2016–2017,2016,2017,no
Federico Valverde,Uruguay,CONMEBOL,3,Real_Madrid_CF,Real Madrid,2017–,2017,,no
Federico Valverde,Uruguay,CONMEBOL,4,Deportivo_La_Coru%C3%B1a,Deportivo La Coruña,2017–2018,2017,2018,yes
Darwin Núñez,Uruguay,CONMEBOL,1,Pe%C3%B1arol,Peñarol,2017–2019,2017,2019,no
Darwin Núñez,Uruguay,CONMEBOL,2,UD_Almer%C3%ADa,Almería,2019–2020,2019,2020,no
Darwin Núñez,Uruguay,CONMEBOL,3,S.L._Benfica,Benfica,2020–2022,2020,2022,no
Darwin Núñez,Uruguay,CONMEBOL,4,Liverpool_F.C.,Liverpool,2022–2025,2022,2025,no
Darwin Núñez,Uruguay,CONMEBOL,5,Al_Hilal_SFC,Al-Hilal,2025–,2025,,no
Giorgian de Arrascaeta,Uruguay,CONMEBOL,1,Defensor_Sporting,Defensor Sporting,2012–2014,2012,2014,no
Giorgian de Arrascaeta,Uruguay,CONMEBOL,2,Cruzeiro_Esporte_Clube,Cruzeiro,2015–2018,2015,2018,no
Giorgian de Arrascaeta,Uruguay,CONMEBOL,3,CR_Flamengo,Flamengo,2019–,2019,,no
Facundo Pellistri,Uruguay,CONMEBOL,1,Pe%C3%B1arol,Peñarol,2019–2020,2019,2020,no
Facundo Pellistri,Uruguay,CONMEBOL,2,Manchester_United_F.C.,Manchester United,2020–2024,2020,2024,no
Facundo Pellistri,Uruguay,CONMEBOL,3,Deportivo_Alav%C3%A9s,Alavés,2021,2021,2021,yes
Facundo Pellistri,Uruguay,CONMEBOL,4,Deportivo_Alav%C3%A9s,Alavés,2021–2022,2021,2022,yes
Facundo Pellistri,Uruguay,CONMEBOL,5,Granada_CF,Granada,2024,2024,2024,yes
Facundo Pellistri,Uruguay,CONMEBOL,6,Panathinaikos_F.C.,Panathinaikos,2024–,2024,,no
Santiago Mele,Uruguay,CONMEBOL,1,Centro_Atl%C3%A9tico_F%C3%A9nix,Fénix,2016–2017,2016,2017,no
Santiago Mele,Uruguay,CONMEBOL,2,Osmanl%C4%B1spor,Osmanlıspor,2017–2020,2017,2020,no
Santiago Mele,Uruguay,CONMEBOL,3,MKE_Ankarag%C3%BCc%C3%BC,Ankaragücü,2017,2017,2017,yes
Santiago Mele,Uruguay,CONMEBOL,4,Lleida_Esportiu,Lleida Esportiu,2018,2018,2018,yes
Santiago Mele,Uruguay,CONMEBOL,5,Club_Plaza_Colonia_de_Deportes,Plaza Colonia,2020–2024,2020,2024,no
Santiago Mele,Uruguay,CONMEBOL,6,Uni%C3%B3n_de_Santa_Fe,Unión Santa Fe,2022–2023,2022,2023,yes
Santiago Mele,Uruguay,CONMEBOL,7,Atl%C3%A9tico_Junior,Atlético Junior,2023,2023,2023,yes
Santiago Mele,Uruguay,CONMEBOL,8,Atl%C3%A9tico_Junior,Atlético Junior,2024–2025,2024,2025,no
Santiago Mele,Uruguay,CONMEBOL,9,C.F._Monterrey,Monterrey,2025–,2025,,no
Guillermo Varela,Uruguay,CONMEBOL,1,Pe%C3%B1arol,Peñarol,2011–2013,2011,2013,no
Guillermo Varela,Uruguay,CONMEBOL,2,Manchester_United_F.C.,Manchester United,2013–2017,2013,2017,no
Guillermo Varela,Uruguay,CONMEBOL,3,Real_Madrid_Castilla,Real Madrid B,2014–2015,2014,2015,yes
Guillermo Varela,Uruguay,CONMEBOL,4,Eintracht_Frankfurt,Eintracht Frankfurt,2016–2017,2016,2017,yes
Guillermo Varela,Uruguay,CONMEBOL,5,Pe%C3%B1arol,Peñarol,2017–2019,2017,2019,no
Guillermo Varela,Uruguay,CONMEBOL,6,F.C._Copenhagen,Copenhagen,2019–2021,2019,2021,no
Guillermo Varela,Uruguay,CONMEBOL,7,FC_Dynamo_Moscow,Dynamo Moscow,2020–2021,2020,2021,yes
Guillermo Varela,Uruguay,CONMEBOL,8,FC_Dynamo_Moscow,Dynamo Moscow,2021–2023,2021,2023,no
Guillermo Varela,Uruguay,CONMEBOL,9,Clube_de_Regatas_do_Flamengo,Flamengo,2022–2023,2022,2023,yes
Guillermo Varela,Uruguay,CONMEBOL,10,Clube_de_Regatas_do_Flamengo,Flamengo,2023–,2023,,no
Agustín Canobbio,Uruguay,CONMEBOL,1,Centro_Atl%C3%A9tico_F%C3%A9nix,Fénix,2016–2018,2016,2018,no
Agustín Canobbio,Uruguay,CONMEBOL,2,Pe%C3%B1arol,Peñarol,2018–2019,2018,2019,no
Agustín Canobbio,Uruguay,CONMEBOL,3,Centro_Atl%C3%A9tico_F%C3%A9nix,Fénix,2020–2021,2020,2021,no
Agustín Canobbio,Uruguay,CONMEBOL,4,Pe%C3%B1arol,Peñarol,2021–2022,2021,2022,no
Agustín Canobbio,Uruguay,CONMEBOL,5,Club_Athletico_Paranaense,Athletico Paranaense,2022–2025,2022,2025,no
Agustín Canobbio,Uruguay,CONMEBOL,6,Fluminense_FC,Fluminense,2025–,2025,,no
Emiliano Martínez,Uruguay,CONMEBOL,1,Club_Nacional_de_Football,Nacional,2019–2021,2019,2021,no
Emiliano Martínez,Uruguay,CONMEBOL,2,Red_Bull_Bragantino,Red Bull Bragantino,2021–2022,2021,2022,no
Emiliano Martínez,Uruguay,CONMEBOL,3,FC_Midtjylland,Midtjylland,2022,2022,2022,yes
Emiliano Martínez,Uruguay,CONMEBOL,4,FC_Midtjylland,Midtjylland,2022–2025,2022,2025,no
Emiliano Martínez,Uruguay,CONMEBOL,5,SE_Palmeiras,Palmeiras,2025–,2025,,no
Mathías Olivera,Uruguay,CONMEBOL,1,Club_Nacional_de_Football,Nacional,2016–2017,2016,2017,no
Mathías Olivera,Uruguay,CONMEBOL,2,Atenas_de_San_Carlos,Atenas,2017,2017,2017,no
Mathías Olivera,Uruguay,CONMEBOL,3,Getafe_CF,Getafe,2017–2022,2017,2022,no
Mathías Olivera,Uruguay,CONMEBOL,4,Albacete_Balompi%C3%A9,Albacete,2018–2019,2018,2019,yes
Mathías Olivera,Uruguay,CONMEBOL,5,SSC_Napoli,Napoli,2022–,2022,,no
Matías Viña,Uruguay,CONMEBOL,1,Club_Nacional_de_Football,Nacional,2017–2020,2017,2020,no
Matías Viña,Uruguay,CONMEBOL,2,SE_Palmeiras,Palmeiras,2020–2021,2020,2021,no
Matías Viña,Uruguay,CONMEBOL,3,AS_Roma,Roma,2021–2024,2021,2024,no
Matías Viña,Uruguay,CONMEBOL,4,AFC_Bournemouth,Bournemouth,2023,2023,2023,yes
Matías Viña,Uruguay,CONMEBOL,5,US_Sassuolo_Calcio,Sassuolo,2023–2024,2023,2024,yes
Matías Viña,Uruguay,CONMEBOL,6,CR_Flamengo,Flamengo,2024–,2024,,no
Matías Viña,Uruguay,CONMEBOL,7,Club_Atl%C3%A9tico_River_Plate,River Plate,2026,2026,2026,yes
Brian Rodríguez,Uruguay,CONMEBOL,1,Pe%C3%B1arol,Peñarol,2018–2019,2018,2019,no
Brian Rodríguez,Uruguay,CONMEBOL,2,Los_Angeles_FC,Los Angeles FC,2019–2022,2019,2022,no
Brian Rodríguez,Uruguay,CONMEBOL,3,UD_Almer%C3%ADa,Almería,2021,2021,2021,yes
Brian Rodríguez,Uruguay,CONMEBOL,4,Club_Am%C3%A9rica,América,2022–,2022,,no
Rodrigo Aguirre,Uruguay,CONMEBOL,1,Liverpool_F.C._(Montevideo),Liverpool Montevideo,2011–2014,2011,2014,no
Rodrigo Aguirre,Uruguay,CONMEBOL,2,Udinese_Calcio,Udinese,2014–2019,2014,2019,no
Rodrigo Aguirre,Uruguay,CONMEBOL,3,Empoli_F.C.,Empoli,2014–2015,2014,2015,yes
Rodrigo Aguirre,Uruguay,CONMEBOL,4,A.C._Perugia_Calcio,Perugia,2016,2016,2016,yes
Rodrigo Aguirre,Uruguay,CONMEBOL,5,FC_Lugano,Lugano,2016–2017,2016,2017,yes
Rodrigo Aguirre,Uruguay,CONMEBOL,6,Club_Nacional_de_Football,Nacional,2017,2017,2017,yes
Rodrigo Aguirre,Uruguay,CONMEBOL,7,Botafogo_de_Futebol_e_Regatas,Botafogo,2018–2019,2018,2019,yes
Rodrigo Aguirre,Uruguay,CONMEBOL,8,L.D.U._Quito,LDU Quito,2019–2022,2019,2022,no
Rodrigo Aguirre,Uruguay,CONMEBOL,9,Club_Necaxa,Necaxa,2021–2022,2021,2022,yes
Rodrigo Aguirre,Uruguay,CONMEBOL,10,C.F._Monterrey,Monterrey,2022–2024,2022,2024,no
Rodrigo Aguirre,Uruguay,CONMEBOL,11,Club_America,America,2024–2026,2024,2026,no
Rodrigo Aguirre,Uruguay,CONMEBOL,12,Tigres_UANL,Tigres UANL,2026–,2026,,no
Maximiliano Araújo,Uruguay,CONMEBOL,1,Montevideo_Wanderers_F.C.,Montevideo Wanderers,2018–2019,2018,2019,no
Maximiliano Araújo,Uruguay,CONMEBOL,2,Club_Puebla,Puebla,2020–2022,2020,2022,no
Maximiliano Araújo,Uruguay,CONMEBOL,3,Deportivo_Toluca_F.C.,Toluca,2023–2024,2023,2024,no
Maximiliano Araújo,Uruguay,CONMEBOL,4,Sporting_CP,Sporting CP,2024–,2024,,no
Federico Viñas,Uruguay,CONMEBOL,1,Juventud_de_Las_Piedras,Juventud,2018–2020,2018,2020,no
Federico Viñas,Uruguay,CONMEBOL,2,Club_Am%C3%A9rica,Club América,2019–2020,2019,2020,yes
Federico Viñas,Uruguay,CONMEBOL,3,Club_Am%C3%A9rica,Club América,2020–2023,2020,2023,no
Federico Viñas,Uruguay,CONMEBOL,4,Club_Le%C3%B3n,León,2023–,2023,,no
Federico Viñas,Uruguay,CONMEBOL,5,Real_Oviedo,Oviedo,2024–,2024,,yes
Joaquín Piquerez,Uruguay,CONMEBOL,1,Defensor_Sporting,Defensor Sporting,2017–2019,2017,2019,no
Joaquín Piquerez,Uruguay,CONMEBOL,2,Club_Atl%C3%A9tico_River_Plate_(Montevideo),River Plate Montevideo,2019–2020,2019,2020,no
Joaquín Piquerez,Uruguay,CONMEBOL,3,Pe%C3%B1arol,Peñarol,2020–2021,2020,2021,no
Joaquín Piquerez,Uruguay,CONMEBOL,4,Sociedade_Esportiva_Palmeiras,Palmeiras,2021–,2021,,no
Fernando Muslera,Uruguay,CONMEBOL,1,Montevideo_Wanderers_F.C.,Montevideo Wanderers,2004–2007,2004,2007,no
Fernando Muslera,Uruguay,CONMEBOL,2,Club_Nacional_de_Football,Nacional,2007,2007,2007,yes
Fernando Muslera,Uruguay,CONMEBOL,3,SS_Lazio,Lazio,2007–2011,2007,2011,no
Fernando Muslera,Uruguay,CONMEBOL,4,Galatasaray_S.K._(football),Galatasaray,2011–2025,2011,2025,no
Fernando Muslera,Uruguay,CONMEBOL,5,Estudiantes_de_La_Plata,Estudiantes,2025–,2025,,no
Santiago Bueno,Uruguay,CONMEBOL,1,FC_Barcelona_B,Barcelona B,2017–2019,2017,2019,no
Santiago Bueno,Uruguay,CONMEBOL,2,CF_Peralada,Peralada-Girona B,2018,2018,2018,yes
Santiago Bueno,Uruguay,CONMEBOL,3,CF_Peralada,Peralada-Girona B,2018–2019,2018,2019,yes
Santiago Bueno,Uruguay,CONMEBOL,4,Girona_FC,Girona,2019–2023,2019,2023,no
Santiago Bueno,Uruguay,CONMEBOL,5,Wolverhampton_Wanderers_F.C.,Wolverhampton Wanderers,2023–,2023,,no
Juan Manuel Sanabria,Uruguay,CONMEBOL,1,Atl%C3%A9tico_Madrid_B,Atlético Madrid B,2019–2021,2019,2021,no
Juan Manuel Sanabria,Uruguay,CONMEBOL,2,Atl%C3%A9tico_Madrid,Atlético Madrid,2020–2023,2020,2023,no
Juan Manuel Sanabria,Uruguay,CONMEBOL,3,Real_Zaragoza,Zaragoza,2021,2021,2021,yes
Juan Manuel Sanabria,Uruguay,CONMEBOL,4,Atl%C3%A9tico_San_Luis,Atlético San Luis,2021–2023,2021,2023,yes
Juan Manuel Sanabria,Uruguay,CONMEBOL,5,Atl%C3%A9tico_San_Luis,Atlético San Luis,2023–2026,2023,2026,no
Juan Manuel Sanabria,Uruguay,CONMEBOL,6,Real_Salt_Lake,Real Salt Lake,2026–,2026,,no
Rodrigo Zalazar,Uruguay,CONMEBOL,1,Atl%C3%A9tico_Malague%C3%B1o,Atlético Malagueño,2018–2019,2018,2019,no
Rodrigo Zalazar,Uruguay,CONMEBOL,2,Eintracht_Frankfurt,Eintracht Frankfurt,2019–2022,2019,2022,no
Rodrigo Zalazar,Uruguay,CONMEBOL,3,Korona_Kielce,Korona Kielce,2019–2020,2019,2020,yes
Rodrigo Zalazar,Uruguay,CONMEBOL,4,Korona_Kielce_II,Korona Kielce II,2019–2020,2019,2020,yes
Rodrigo Zalazar,Uruguay,CONMEBOL,5,FC_St._Pauli,FC St. Pauli,2020–2021,2020,2021,yes
Rodrigo Zalazar,Uruguay,CONMEBOL,6,FC_Schalke_04,Schalke 04,2021–2022,2021,2022,yes
Rodrigo Zalazar,Uruguay,CONMEBOL,7,FC_Schalke_04,Schalke 04,2022–2023,2022,2023,no
Rodrigo Zalazar,Uruguay,CONMEBOL,8,S.C._Braga,Braga,2023–,2023,,no
Brice Samba,France,UEFA,1,Le_Havre_AC,Le Havre B,2011–2013,2011,2013,no
Brice Samba,France,UEFA,2,Olympique_de_Marseille,Marseille B,2013–2017,2013,2017,no
Brice Samba,France,UEFA,3,AS_Nancy,Nancy B,2015–2016,2015,2016,yes
Brice Samba,France,UEFA,4,Stade_Malherbe_Caen,Caen B,2017–2018,2017,2018,no
Brice Samba,France,UEFA,5,Stade_Malherbe_Caen,Caen,2017–2019,2017,2019,no
Brice Samba,France,UEFA,6,Nottingham_Forest_F.C.,Nottingham Forest,2019–2022,2019,2022,no
Brice Samba,France,UEFA,7,RC_Lens,Lens,2022–2025,2022,2025,no
Brice Samba,France,UEFA,8,Stade_Rennais_FC,Rennes,2025–,2025,,no
Malo Gusto,France,UEFA,1,Olympique_Lyonnais_Reserves_and_Academy,Lyon II,2020–2021,2020,2021,no
Malo Gusto,France,UEFA,2,Olympique_Lyonnais,Lyon,2021–2023,2021,2023,no
Malo Gusto,France,UEFA,3,Chelsea_F.C.,Chelsea,2023–,2023,,no
Lucas Digne,France,UEFA,1,Lille_OSC,Lille B,2010–2011,2010,2011,no
Lucas Digne,France,UEFA,2,Lille_OSC,Lille,2011–2013,2011,2013,no
Lucas Digne,France,UEFA,3,Paris_Saint-Germain_F.C.,Paris Saint-Germain,2013–2016,2013,2016,no
Lucas Digne,France,UEFA,4,AS_Roma,Roma,2015–2016,2015,2016,yes
Lucas Digne,France,UEFA,5,FC_Barcelona,Barcelona,2016–2018,2016,2018,no
Lucas Digne,France,UEFA,6,Everton_F.C.,Everton,2018–2022,2018,2022,no
Lucas Digne,France,UEFA,7,Aston_Villa_F.C.,Aston Villa,2022–,2022,,no
Dayot Upamecano,France,UEFA,1,FC_Liefering,Liegering,2015–2016,2015,2016,no
Dayot Upamecano,France,UEFA,2,FC_Red_Bull_Salzburg,Red Bull Salzburg,2016–2017,2016,2017,no
Dayot Upamecano,France,UEFA,3,RB_Leipzig,RB Leipzig,2017–2021,2017,2021,no
Dayot Upamecano,France,UEFA,4,FC_Bayern_Munich,Bayern Munich,2021–,2021,,no
Jules Koundé,France,UEFA,1,FC_Girondins_de_Bordeaux,Bordeaux II,2016–2017,2016,2017,no
Jules Koundé,France,UEFA,2,FC_Girondins_de_Bordeaux,Bordeaux,2017–2019,2017,2019,no
Jules Koundé,France,UEFA,3,Sevilla_FC,Sevilla,2019–2022,2019,2022,no
Jules Koundé,France,UEFA,4,FC_Barcelona,Barcelona,2022–,2022,,no
Manu Koné,France,UEFA,1,Toulouse_FC,Toulouse B,2018–2020,2018,2020,no
Manu Koné,France,UEFA,2,Toulouse_FC,Toulouse,2019–2021,2019,2021,no
Manu Koné,France,UEFA,3,Borussia_M%C3%B6nchengladbach,Borussia Mönchengladbach,2021–2025,2021,2025,no
Manu Koné,France,UEFA,4,AS_Roma,Roma,2024–2025,2024,2025,yes
Manu Koné,France,UEFA,5,AS_Roma,Roma,2025–,2025,,no
Ousmane Dembélé,France,UEFA,1,Stade_Rennais_FC,Rennes II,2014–2015,2014,2015,no
Ousmane Dembélé,France,UEFA,2,Stade_Rennais_FC,Rennes,2015–2016,2015,2016,no
Ousmane Dembélé,France,UEFA,3,Borussia_Dortmund,Borussia Dortmund,2016–2017,2016,2017,no
Ousmane Dembélé,France,UEFA,4,FC_Barcelona,Barcelona,2017–2023,2017,2023,no
Ousmane Dembélé,France,UEFA,5,Paris_Saint-Germain_FC,Paris Saint-Germain,2023–,2023,,no
Aurélien Tchouaméni,France,UEFA,1,FC_Girondins_de_Bordeaux_II,Bordeaux II,2017–2018,2017,2018,no
Aurélien Tchouaméni,France,UEFA,2,FC_Girondins_de_Bordeaux,Bordeaux,2018–2020,2018,2020,no
Aurélien Tchouaméni,France,UEFA,3,AS_Monaco,Monaco,2020–2022,2020,2022,no
Aurélien Tchouaméni,France,UEFA,4,Real_Madrid_CF,Real Madrid,2022–,2022,,no
Marcus Thuram,France,UEFA,1,FC_Sochaux-Montb%C3%A9liard,Sochaux II,2014–2017,2014,2017,no
Marcus Thuram,France,UEFA,2,FC_Sochaux-Montb%C3%A9liard,Sochaux,2015–2017,2015,2017,no
Marcus Thuram,France,UEFA,3,En_Avant_Guingamp,Guingamp,2017–2019,2017,2019,no
Marcus Thuram,France,UEFA,4,Borussia_M%C3%B6nchengladbach,Borussia Mönchengladbach,2019–2023,2019,2023,no
Marcus Thuram,France,UEFA,5,Inter_Milan,Inter Milan,2023–,2023,,no
Kylian Mbappé,France,UEFA,1,AS_Monaco_FC_II,Monaco II,2015–2016,2015,2016,no
Kylian Mbappé,France,UEFA,2,AS_Monaco_FC,Monaco,2015–2018,2015,2018,no
Kylian Mbappé,France,UEFA,3,Paris_Saint-Germain_FC,Paris Saint-Germain,2017–2018,2017,2018,yes
Kylian Mbappé,France,UEFA,4,Paris_Saint-Germain_FC,Paris Saint-Germain,2018–2024,2018,2024,no
Kylian Mbappé,France,UEFA,5,Real_Madrid_CF,Real Madrid,2024–,2024,,no
Michael Olise,France,UEFA,1,Reading_F.C.,Reading,2019–2021,2019,2021,no
Michael Olise,France,UEFA,2,Crystal_Palace_F.C.,Crystal Palace,2021–2024,2021,2024,no
Michael Olise,France,UEFA,3,FC_Bayern_Munich,Bayern Munich,2024–,2024,,no
Bradley Barcola,France,UEFA,1,Olympique_Lyonnais_Reserves_and_Academy,Lyon II,2020–2023,2020,2023,no
Bradley Barcola,France,UEFA,2,Olympique_Lyonnais,Lyon,2021–2023,2021,2023,no
Bradley Barcola,France,UEFA,3,Paris_Saint-Germain_FC,Paris Saint-Germain,2023–,2023,,no
N'Golo Kanté,France,UEFA,1,US_Boulogne,Boulogne,2012–2013,2012,2013,no
N'Golo Kanté,France,UEFA,2,Stade_Malherbe_Caen,Caen,2013–2015,2013,2015,no
N'Golo Kanté,France,UEFA,3,Leicester_City_F.C.,Leicester City,2015–2016,2015,2016,no
N'Golo Kanté,France,UEFA,4,Chelsea_F.C.,Chelsea,2016–2023,2016,2023,no
N'Golo Kanté,France,UEFA,5,Al-Ittihad_Club_(Jeddah),Al-Ittihad,2023–2026,2023,2026,no
N'Golo Kanté,France,UEFA,6,Fenerbah%C3%A7e_S.K._(football),Fenerbahçe,2026–,2026,,no
Adrien Rabiot,France,UEFA,1,Paris_Saint-Germain_Academy,Paris Saint-Germain II,2012–2014,2012,2014,no
Adrien Rabiot,France,UEFA,2,Paris_Saint-Germain_F.C.,Paris Saint-Germain,2012–2019,2012,2019,no
Adrien Rabiot,France,UEFA,3,Toulouse_FC_II,Toulouse II,2013,2013,2013,yes
Adrien Rabiot,France,UEFA,4,Toulouse_FC,Toulouse,2013,2013,2013,yes
Adrien Rabiot,France,UEFA,5,Juventus_FC,Juventus,2019–2024,2019,2024,no
Adrien Rabiot,France,UEFA,6,Olympique_de_Marseille,Marseille,2024–2025,2024,2025,no
Adrien Rabiot,France,UEFA,7,AC_Milan,AC Milan,2025–,2025,,no
Ibrahima Konaté,France,UEFA,1,FC_Sochaux-Montb%C3%A9liard_II,Sochaux II,2016–2017,2016,2017,no
Ibrahima Konaté,France,UEFA,2,FC_Sochaux-Montb%C3%A9liard,Sochaux,2017,2017,2017,no
Ibrahima Konaté,France,UEFA,3,RB_Leipzig,RB Leipzig,2017–2021,2017,2021,no
Ibrahima Konaté,France,UEFA,4,Liverpool_F.C.,Liverpool,2021–,2021,,no
Mike Maignan,France,UEFA,1,Paris_Saint-Germain_B,Paris Saint-Germain B,2012–2015,2012,2015,no
Mike Maignan,France,UEFA,2,Lille_OSC,Lille II,2015–2017,2015,2017,no
Mike Maignan,France,UEFA,3,Lille_OSC,Lille,2015–2021,2015,2021,no
Mike Maignan,France,UEFA,4,AC_Milan,AC Milan,2021–,2021,,no
William Saliba,France,UEFA,1,AS_Saint-%C3%89tienne,Saint-Étienne B,2018,2018,2018,no
William Saliba,France,UEFA,2,AS_Saint-%C3%89tienne,Saint-Étienne,2018–2019,2018,2019,no
William Saliba,France,UEFA,3,Arsenal_F.C.,Arsenal,2019–,2019,,no
William Saliba,France,UEFA,4,AS_Saint-%C3%89tienne,Saint-Étienne,2019–2020,2019,2020,yes
William Saliba,France,UEFA,5,OGC_Nice,Nice,2021,2021,2021,yes
William Saliba,France,UEFA,6,Olympique_de_Marseille,Marseille,2021–2022,2021,2022,yes
Warren Zaïre-Emery,France,UEFA,1,Paris_Saint-Germain_FC,Paris Saint-Germain,2022–,2022,,no
Théo Hernandez,France,UEFA,1,Atl%C3%A9tico_Madrid_B,Atlético Madrid B,2015–2017,2015,2017,no
Théo Hernandez,France,UEFA,2,Deportivo_Alav%C3%A9s,Alavés,2016–2017,2016,2017,yes
Théo Hernandez,France,UEFA,3,Real_Madrid_CF,Real Madrid,2017–2019,2017,2019,no
Théo Hernandez,France,UEFA,4,Real_Sociedad,Real Sociedad,2018–2019,2018,2019,yes
Théo Hernandez,France,UEFA,5,AC_Milan,AC Milan,2019–2025,2019,2025,no
Théo Hernandez,France,UEFA,6,Al_Hilal_SFC,Al Hilal,2025–,2025,,no
Désiré Doué,France,UEFA,1,Stade_Rennais_FC,Rennes II,2021–2023,2021,2023,no
Désiré Doué,France,UEFA,2,Stade_Rennais_FC,Rennes,2022–2024,2022,2024,no
Désiré Doué,France,UEFA,3,Paris_Saint-Germain_FC,Paris Saint-Germain,2024–,2024,,no
Lucas Hernandez,France,UEFA,1,Atl%C3%A9tico_Madrid_B,Atlético Madrid B,2014–2015,2014,2015,no
Lucas Hernandez,France,UEFA,2,Atl%C3%A9tico_Madrid,Atlético Madrid,2014–2019,2014,2019,no
Lucas Hernandez,France,UEFA,3,FC_Bayern_Munich,Bayern Munich,2019–2023,2019,2023,no
Lucas Hernandez,France,UEFA,4,Paris_Saint-Germain_FC,Paris Saint-Germain,2023–,2023,,no
Jean-Philippe Mateta,France,UEFA,1,LB_Ch%C3%A2teauroux,Châteauroux II,2015–2016,2015,2016,no
Jean-Philippe Mateta,France,UEFA,2,Olympique_Lyonnais_II,Lyon II,2016–2017,2016,2017,no
Jean-Philippe Mateta,France,UEFA,3,Olympique_Lyonnais,Lyon,2016–2018,2016,2018,no
Jean-Philippe Mateta,France,UEFA,4,Le_Havre_AC,Le Havre,2017–2018,2017,2018,yes
Jean-Philippe Mateta,France,UEFA,5,1._FSV_Mainz_05,Mainz 05,2018–2022,2018,2022,no
Jean-Philippe Mateta,France,UEFA,6,Crystal_Palace_F.C.,Crystal Palace,2021–2022,2021,2022,yes
Jean-Philippe Mateta,France,UEFA,7,Crystal_Palace_F.C.,Crystal Palace,2022–,2022,,no
Robin Risser,France,UEFA,1,RC_Strasbourg,Strasbourg,2022–2025,2022,2025,no
Robin Risser,France,UEFA,2,RC_Strasbourg,Strasbourg B,2022–2023,2022,2023,yes
Robin Risser,France,UEFA,3,Dijon_FCO,Dijon,2023–2024,2023,2024,yes
Robin Risser,France,UEFA,4,Red_Star_FC,Red Star,2024–2025,2024,2025,yes
Robin Risser,France,UEFA,5,RC_Lens,Lens,2025–,2025,,no
Rayan Cherki,France,UEFA,1,Olympique_Lyonnais_Reserves_and_Academy,Lyon B,2019–2021,2019,2021,no
Rayan Cherki,France,UEFA,2,Olympique_Lyonnais,Lyon,2019–2025,2019,2025,no
Rayan Cherki,France,UEFA,3,Manchester_City_F.C.,Manchester City,2025–,2025,,no
Maghnes Akliouche,France,UEFA,1,AS_Monaco_FC,Monaco B,2020–2022,2020,2022,no
Maghnes Akliouche,France,UEFA,2,AS_Monaco_FC,Monaco,2021–,2021,,no
Maxence Lacroix,France,UEFA,1,FC_Sochaux-Montb%C3%A9liard,Sochaux II,2017–2019,2017,2019,no
Maxence Lacroix,France,UEFA,2,FC_Sochaux-Montb%C3%A9liard,Sochaux,2018–2020,2018,2020,no
Maxence Lacroix,France,UEFA,3,VfL_Wolfsburg,VfL Wolfsburg,2020–2024,2020,2024,no
Maxence Lacroix,France,UEFA,4,Crystal_Palace_F.C.,Crystal Palace,2024–,2024,,no
Fahad Talib,Iraq,AFC,1,Al-Quwa_Al-Jawiya,Al-Quwa Al-Jawiya,2011–2019,2011,2019,no
Fahad Talib,Iraq,AFC,2,Al-Zawraa,Al-Zawraa,2019–2020,2019,2020,no
Fahad Talib,Iraq,AFC,3,Al-Quwa_Al-Jawiya,Al-Quwa Al-Jawiya,2020–2023,2020,2023,no
Fahad Talib,Iraq,AFC,4,Sanat_Naft_Abadan_F.C.,Sanat Naft Abadan,2023–2024,2023,2024,no
Fahad Talib,Iraq,AFC,5,Al_Talaba_SC,Al Talaba SC,2024–,2024,,no
Rebin Sulaka,Iraq,AFC,1,Eskilstuna_City_FK,Eskilstuna City,2010–2013,2010,2013,no
Rebin Sulaka,Iraq,AFC,2,Dalkurd_FF,Dalkurd,2013–2014,2013,2014,no
Rebin Sulaka,Iraq,AFC,3,Ljungskile_SK,Ljungskile SK,2014–2015,2014,2015,no
Rebin Sulaka,Iraq,AFC,4,Syrianska_FC,Syrianska,2015,2015,2015,no
Rebin Sulaka,Iraq,AFC,5,AFC_United,Eskilstuna,2015–2016,2015,2016,yes
Rebin Sulaka,Iraq,AFC,6,Elverum_Fotball,Elverum,2016–2017,2016,2017,no
Rebin Sulaka,Iraq,AFC,7,Al-Markhiya_Sports_Club,Al-Markhiya,2017–2018,2017,2018,no
Rebin Sulaka,Iraq,AFC,8,Al-Khor_SC,Al-Khor,2018–2019,2018,2019,no
Rebin Sulaka,Iraq,AFC,9,Al-Shahania_Sports_Club,Al-Shahania,2019,2019,2019,no
Rebin Sulaka,Iraq,AFC,10,FK_Radni%C4%8Dki_Ni%C5%A1,Radnički Niš,2019–2020,2019,2020,no
Rebin Sulaka,Iraq,AFC,11,FC_Arda_Kardzhali,Arda Kardzhali,2020–2021,2020,2021,no
Rebin Sulaka,Iraq,AFC,12,Levski_Sofia,Levski Sofia,2021,2021,2021,no
Rebin Sulaka,Iraq,AFC,13,Buriram_United_F.C.,Buriram United,2021–2023,2021,2023,no
Rebin Sulaka,Iraq,AFC,14,Brommapojkarna,Brommapojkarna,2023–2024,2023,2024,no
Rebin Sulaka,Iraq,AFC,15,FC_Seoul,FC Seoul,2024,2024,2024,no
Rebin Sulaka,Iraq,AFC,16,FC_Schaffhausen,Schaffhausen,2024–2025,2024,2025,no
Rebin Sulaka,Iraq,AFC,17,Erbil_SC,Erbil SC,2025,2025,2025,no
Rebin Sulaka,Iraq,AFC,18,Port_F.C.,Port,2025–,2025,,no
Hussein Ali,Iraq,AFC,1,%C3%96rebro_SK,Örebro SK,2019–2022,2019,2022,no
Hussein Ali,Iraq,AFC,2,SC_Heerenveen,Heerenveen,2022–2025,2022,2025,no
Hussein Ali,Iraq,AFC,3,Pogo%C5%84_Szczecin,Pogoń Szczecin,2025–,2025,,no
Zaid Tahseen,Iraq,AFC,1,Al-Najaf_SC,Al-Najaf,2019–2020,2019,2020,no
Zaid Tahseen,Iraq,AFC,2,Naft_Al-Wasat,Naft Al-Wasat,2020–2021,2020,2021,no
Zaid Tahseen,Iraq,AFC,3,Al-Talaba,Al-Talaba,2021–2024,2021,2024,no
Zaid Tahseen,Iraq,AFC,4,Al_Quwa_Al_Jawiya,Al Quwa Al Jawiya,2024–2025,2024,2025,no
Zaid Tahseen,Iraq,AFC,5,Pakhtakor_FC,Pakhtakor,2025–,2025,,no
Akam Hashim,Iraq,AFC,1,Erbil_SC,Erbil,2017–2024,2017,2024,no
Akam Hashim,Iraq,AFC,2,Al-Shorta_SC,Al-Shorta,2024–2025,2024,2025,no
Akam Hashim,Iraq,AFC,3,Al-Zawraa_SC,Al-Zawraa,2025–,2025,,no
Munaf Younis,Iraq,AFC,1,Salahaddin_FC,Salahaddin,2016–2018,2016,2018,no
Munaf Younis,Iraq,AFC,2,Al-Karkh_SC,Al-Karkh,2019–2022,2019,2022,no
Munaf Younis,Iraq,AFC,3,Al-Shorta_SC,Al-Shorta,2020,2020,2020,yes
Munaf Younis,Iraq,AFC,4,Al-Shorta_SC,Al-Shorta,2022–,2022,,no
Youssef Amyn,Iraq,AFC,1,FC_Viktoria_K%C3%B6ln,Viktoria Köln,2021–2022,2021,2022,no
Youssef Amyn,Iraq,AFC,2,Feyenoord,Feyenoord,2022–2023,2022,2023,no
Youssef Amyn,Iraq,AFC,3,Eintracht_Braunschweig,Eintracht Braunschweig,2023–2024,2023,2024,no
Youssef Amyn,Iraq,AFC,4,Al_Wehda_FC,Al Wehda,2024–2025,2024,2025,no
Youssef Amyn,Iraq,AFC,5,AEK_Larnaca_FC,AEK Larnaca,2025–,2025,,no
Ibrahim Bayesh,Iraq,AFC,1,Al-Sinaa_SC,Al-Sinaa,2014–2016,2014,2016,no
Ibrahim Bayesh,Iraq,AFC,2,Zakho_FC,Zakho,2016–2017,2016,2017,no
Ibrahim Bayesh,Iraq,AFC,3,Naft_Al-Wasat,Naft Al-Wasat,2017,2017,2017,no
Ibrahim Bayesh,Iraq,AFC,4,Al-Zawraa,Al-Zawraa,2017–2018,2017,2018,no
Ibrahim Bayesh,Iraq,AFC,5,Al-Quwa_Al-Jawiya,Al-Quwa Al-Jawiya,2018–2024,2018,2024,no
Ibrahim Bayesh,Iraq,AFC,6,Al-Riyadh_SC,Al-Riyadh,2024–2026,2024,2026,no
Ibrahim Bayesh,Iraq,AFC,7,Al_Dhafra_FC,Al-Dhafra,2026–,2026,,no
Ali Al-Hamadi,Iraq,AFC,1,Wycombe_Wanderers_F.C.,Wycombe Wanderers,2021–2023,2021,2023,no
Ali Al-Hamadi,Iraq,AFC,2,Bromley_F.C.,Bromley,2022,2022,2022,yes
Ali Al-Hamadi,Iraq,AFC,3,AFC_Wimbledon,AFC Wimbledon,2023–2024,2023,2024,no
Ali Al-Hamadi,Iraq,AFC,4,Ipswich_Town_F.C.,Ipswich Town,2024–,2024,,no
Ali Al-Hamadi,Iraq,AFC,5,Stoke_City_F.C.,Stoke City,2025,2025,2025,yes
Ali Al-Hamadi,Iraq,AFC,6,Luton_Town_F.C.,Luton Town,2025–2026,2025,2026,yes
Mohanad Ali,Iraq,AFC,1,Al-Shorta_SC,Al-Shorta,2014–2019,2014,2019,no
Mohanad Ali,Iraq,AFC,2,Al-Kahrabaa_FC,Al-Kahrabaa,2016–2017,2016,2017,yes
Mohanad Ali,Iraq,AFC,3,Al-Naft_SC,Al-Naft,2017,2017,2017,yes
Mohanad Ali,Iraq,AFC,4,Al-Duhail_SC,Al-Duhail,2019–2023,2019,2023,no
Mohanad Ali,Iraq,AFC,5,Portimonense_S.C.,Portimonense,2020,2020,2020,yes
Mohanad Ali,Iraq,AFC,6,Al-Sailiya_SC,Al-Sailiya,2020–2021,2020,2021,yes
Mohanad Ali,Iraq,AFC,7,Aris_Thessaloniki_F.C.,Aris,2021–2022,2021,2022,yes
Mohanad Ali,Iraq,AFC,8,Al-Sailiya_SC,Al-Sailiya,2022–2023,2022,2023,yes
Mohanad Ali,Iraq,AFC,9,Al-Shorta_SC,Al-Shorta,2023–2025,2023,2025,no
Mohanad Ali,Iraq,AFC,10,Dibba_FC,Dibba,2025–,2025,,no
Ahmed Qasem,Iraq,AFC,1,Motala_AIF,Motala AIF,2019–2020,2019,2020,no
Ahmed Qasem,Iraq,AFC,2,IF_Elfsborg,IF Elfsborg,2021–2024,2021,2024,no
Ahmed Qasem,Iraq,AFC,3,Nashville_SC,Nashville SC,2025–,2025,,no
Jalal Hassan,Iraq,AFC,1,Karbalaa_FC,Karbala,2009–2012,2009,2012,no
Jalal Hassan,Iraq,AFC,2,Erbil_SC,Erbil,2012–2014,2012,2014,no
Jalal Hassan,Iraq,AFC,3,Amanat_Baghdad_SC,Amanat Baghdad,2014–2015,2014,2015,no
Jalal Hassan,Iraq,AFC,4,Al-Shorta,Al-Shorta,2015–2016,2015,2016,no
Jalal Hassan,Iraq,AFC,5,Naft_Al-Wasat,Naft Al-Wasat,2016–2017,2016,2017,no
Jalal Hassan,Iraq,AFC,6,Al-Zawraa,Al-Zawraa,2017–,2017,,no
Ali Yousif,Iraq,AFC,1,Al-Quwa_Al-Jawiya,Al-Quwa Al-Jawiya,2014–2019,2014,2019,no
Ali Yousif,Iraq,AFC,2,Naft_Al-Wasat_SC,Naft Al-Wasat,2016,2016,2016,yes
Ali Yousif,Iraq,AFC,3,Baghdad_FC,Baghdad FC,2017,2017,2017,yes
Ali Yousif,Iraq,AFC,4,Al-Shorta_SC,Al-Shorta,2019–2022,2019,2022,no
Ali Yousif,Iraq,AFC,5,Al-Zawraa,Al-Zawraa,2022–2023,2022,2023,no
Ali Yousif,Iraq,AFC,6,Sanat_Naft_Abadan_F.C.,Sanat Naft Abadan F.C.,2023–2024,2023,2024,no
Ali Yousif,Iraq,AFC,7,Al-Zawraa,Al-Zawraa,2024–2025,2024,2025,no
Ali Yousif,Iraq,AFC,8,Al-Talaba,Al-Talaba,2025–,2025,,no
Zidane Iqbal,Iraq,AFC,1,Manchester_United_F.C.,Manchester United,2021–2023,2021,2023,no
Zidane Iqbal,Iraq,AFC,2,Jong_FC_Utrecht,Jong Utrecht,2023–2026,2023,2026,no
Zidane Iqbal,Iraq,AFC,3,FC_Utrecht,Utrecht,2023–,2023,,no
Ahmed Maknzi,Iraq,AFC,1,Al-Zawraa_SC,Al-Zawraa,2019–2023,2019,2023,no
Ahmed Maknzi,Iraq,AFC,2,Erbil_SC,Erbil,2023–2024,2023,2024,no
Ahmed Maknzi,Iraq,AFC,3,Al-Najaf_SC,Al-Najaf,2024–2025,2024,2025,no
Ahmed Maknzi,Iraq,AFC,4,Al-Karma_SC,Al-Karma,2025–,2025,,no
Amir Al-Ammari,Iraq,AFC,1,Husqvarna_FF,Husqvarna FF,2017,2017,2017,no
Amir Al-Ammari,Iraq,AFC,2,J%C3%B6nk%C3%B6pings_S%C3%B6dra_IF,Jönköpings Södra IF,2018–2020,2018,2020,no
Amir Al-Ammari,Iraq,AFC,3,Halmstads_BK,Halmstads BK,2021,2021,2021,no
Amir Al-Ammari,Iraq,AFC,4,IFK_G%C3%B6teborg,IFK Göteborg,2022–2023,2022,2023,no
Amir Al-Ammari,Iraq,AFC,5,Mj%C3%A4llby_AIF,Mjällby AIF,2022,2022,2022,yes
Amir Al-Ammari,Iraq,AFC,6,Halmstads_BK,Halmstads BK,2023,2023,2023,yes
Amir Al-Ammari,Iraq,AFC,7,Halmstads_BK,Halmstads BK,2023–2024,2023,2024,no
Amir Al-Ammari,Iraq,AFC,8,KS_Cracovia,Cracovia,2024–,2024,,no
Ali Jasim,Iraq,AFC,1,Al-Karkh_SC,Al-Karkh,2018–2020,2018,2020,no
Ali Jasim,Iraq,AFC,2,Al-Shorta_SC,Al-Shorta,2020–2021,2020,2021,no
Ali Jasim,Iraq,AFC,3,Al-Kahrabaa_SC,Al-Kahrabaa,2021–2023,2021,2023,no
Ali Jasim,Iraq,AFC,4,Antalyaspor,Antalyaspor,2023,2023,2023,no
Ali Jasim,Iraq,AFC,5,Al-Kahrabaa_SC,Al-Kahrabaa,2023–2024,2023,2024,no
Ali Jasim,Iraq,AFC,6,Al-Quwa_Al-Jawiya,Al-Quwa Al-Jawiya,2023–2024,2023,2024,yes
Ali Jasim,Iraq,AFC,7,Como_1907,Como,2024–,2024,,no
Ali Jasim,Iraq,AFC,8,Almere_City,Almere City,2025,2025,2025,yes
Ali Jasim,Iraq,AFC,9,Al-Najma_SC_(Saudi_Arabia),Al-Najma,2025–,2025,,yes
Aymen Hussein,Iraq,AFC,1,Duhok_SC,Duhok,2013–2014,2013,2014,no
Aymen Hussein,Iraq,AFC,2,Al-Naft_SC,Al-Naft,2014–2017,2014,2017,no
Aymen Hussein,Iraq,AFC,3,Al-Shorta_SC,Al-Shorta,2017–2018,2017,2018,no
Aymen Hussein,Iraq,AFC,4,Al-Naft_SC,Al-Naft,2018,2018,2018,no
Aymen Hussein,Iraq,AFC,5,CS_Sfaxien,CS Sfaxien,2018–2019,2018,2019,no
Aymen Hussein,Iraq,AFC,6,Al-Quwa_Al-Jawiya,Al-Quwa Al-Jawiya,2019–2021,2019,2021,no
Aymen Hussein,Iraq,AFC,7,Umm_Salal_SC,Umm Salal,2021–2022,2021,2022,no
Aymen Hussein,Iraq,AFC,8,Al-Markhiya_SC,Al-Markhiya,2022–2023,2022,2023,no
Aymen Hussein,Iraq,AFC,9,Al_Jazira_Club,Al-Jazira,2023,2023,2023,no
Aymen Hussein,Iraq,AFC,10,Raja_CA,Raja CA,2023,2023,2023,no
Aymen Hussein,Iraq,AFC,11,Al-Quwa_Al-Jawiya,Al-Quwa Al-Jawiya,2023–2024,2023,2024,no
Aymen Hussein,Iraq,AFC,12,Al-Khor_SC,Al-Khor,2024–2025,2024,2025,no
Aymen Hussein,Iraq,AFC,13,Al-Wakrah_SC,Al-Wakrah,2025,2025,2025,yes
Aymen Hussein,Iraq,AFC,14,Al-Karma_SC,Al-Karma,2025–,2025,,no
Kevin Yakob,Iraq,AFC,1,BK_H%C3%A4cken,BK Häcken,2018–2020,2018,2020,no
Kevin Yakob,Iraq,AFC,2,Utsiktens_BK,Utsiktens BK,2020,2020,2020,yes
Kevin Yakob,Iraq,AFC,3,IFK_G%C3%B6teborg,IFK Göteborg,2021–2022,2021,2022,no
Kevin Yakob,Iraq,AFC,4,Aarhus_Gymnastikforening,AGF,2022–,2022,,no
Aimar Sher,Iraq,AFC,1,Hammarby_Fotboll,Hammarby IF,2019–2021,2019,2021,no
Aimar Sher,Iraq,AFC,2,IK_Frej,IK Frej,2020,2020,2020,yes
Aimar Sher,Iraq,AFC,3,Spezia_Calcio,Spezia,2021–2023,2021,2023,no
Aimar Sher,Iraq,AFC,4,FC_Groningen,Groningen,2023,2023,2023,yes
Aimar Sher,Iraq,AFC,5,Sarpsborg_08_FF,Sarpsborg 08,2024–,2024,,no
Marko Farji,Iraq,AFC,1,FK_Jerv_2,Jerv 2,2019,2019,2019,no
Marko Farji,Iraq,AFC,2,Str%C3%B8msgodset_Toppfotball_2,Strømsgodset 2,2021–2024,2021,2024,no
Marko Farji,Iraq,AFC,3,Str%C3%B8msgodset_Toppfotball,Strømsgodset,2022–2026,2022,2026,no
Marko Farji,Iraq,AFC,4,Venezia_FC,Venezia,2026–,2026,,no
Ahmed Basil,Iraq,AFC,1,Al-Taji_SC,Al-Taji,2011–2012,2011,2012,no
Ahmed Basil,Iraq,AFC,2,Al-Karkh_SC,Al-Karkh,2012–2013,2012,2013,no
Ahmed Basil,Iraq,AFC,3,Al-Oloom_wal-Technologia_SC,Al-Oloom wal-Technologia,2013–2014,2013,2014,no
Ahmed Basil,Iraq,AFC,4,Al-Shorta_SC,Al-Shorta,2014–,2014,,no
Merchas Doski,Iraq,AFC,1,1._FC_Germania_Egestorf/Langreder,Germania Egestorf/Langreder II,2017–2018,2017,2018,no
Merchas Doski,Iraq,AFC,2,FC_Wacker_Innsbruck_(2002),FC Wacker Innsbruck,2020–2022,2020,2022,no
Merchas Doski,Iraq,AFC,3,1._FC_Slov%C3%A1cko,Slovácko,2022–2024,2022,2024,no
Merchas Doski,Iraq,AFC,4,FC_Viktoria_Plze%C5%88,Viktoria Plzeň,2025–,2025,,no
Zaid Ismail,Iraq,AFC,1,Al-Naft_SC,Al-Naft,2017–2020,2017,2020,no
Zaid Ismail,Iraq,AFC,2,Diyala_SC,Diyala,2020–2022,2020,2022,no
Zaid Ismail,Iraq,AFC,3,Newroz_SC,Newroz,2022–2024,2022,2024,no
Zaid Ismail,Iraq,AFC,4,Al-Talaba_SC,Al-Talaba,2024–,2024,,no
Mustafa Saadoon,Iraq,AFC,1,Al-Kahrabaa_SC,Al-Kahrabaa,2022–2023,2022,2023,no
Mustafa Saadoon,Iraq,AFC,2,Al-Quwa_Al-Jawiya,Al-Quwa Al-Jawiya,2023–2025,2023,2025,no
Mustafa Saadoon,Iraq,AFC,3,Al-Shorta_SC,Al-Shorta,2025–,2025,,no
Frans Putros,Iraq,AFC,1,Aarhus_Gymnastikforening,AGF,2012–2013,2012,2013,no
Frans Putros,Iraq,AFC,2,Silkeborg_IF,Silkeborg,2013–2014,2013,2014,yes
Frans Putros,Iraq,AFC,3,Silkeborg_IF,Silkeborg,2014–2015,2014,2015,no
Frans Putros,Iraq,AFC,4,FC_Fredericia,Fredericia,2015–2018,2015,2018,no
Frans Putros,Iraq,AFC,5,Hobro_IK,Hobro,2018–2020,2018,2020,no
Frans Putros,Iraq,AFC,6,Viborg_FF,Viborg,2020–2022,2020,2022,no
Frans Putros,Iraq,AFC,7,Port_F.C.,Port,2022–2025,2022,2025,no
Frans Putros,Iraq,AFC,8,Persib_Bandung,Persib Bandung,2025–,2025,,no
Ørjan Nyland,Norway,UEFA,1,IL_H%C3%B8dd,Hødd,2007–2012,2007,2012,no
Ørjan Nyland,Norway,UEFA,2,Molde_FK,Molde,2013–2015,2013,2015,no
Ørjan Nyland,Norway,UEFA,3,FC_Ingolstadt_04,FC Ingolstadt,2015–2018,2015,2018,no
Ørjan Nyland,Norway,UEFA,4,Aston_Villa_F.C.,Aston Villa,2018–2020,2018,2020,no
Ørjan Nyland,Norway,UEFA,5,Norwich_City_F.C.,Norwich City,2021,2021,2021,no
Ørjan Nyland,Norway,UEFA,6,AFC_Bournemouth,AFC Bournemouth,2021–2022,2021,2022,no
Ørjan Nyland,Norway,UEFA,7,Reading_F.C.,Reading,2022,2022,2022,no
Ørjan Nyland,Norway,UEFA,8,RB_Leipzig,RB Leipzig,2022–2023,2022,2023,no
Ørjan Nyland,Norway,UEFA,9,Sevilla_FC,Sevilla,2023–2026,2023,2026,no
Morten Thorsby,Norway,UEFA,1,Stab%C3%A6k_Fotball,Stabæk,2013–2014,2013,2014,no
Morten Thorsby,Norway,UEFA,2,SC_Heerenveen,SC Heerenveen,2014–2019,2014,2019,no
Morten Thorsby,Norway,UEFA,3,UC_Sampdoria,Sampdoria,2019–2022,2019,2022,no
Morten Thorsby,Norway,UEFA,4,1._FC_Union_Berlin,Union Berlin,2022–2024,2022,2024,no
Morten Thorsby,Norway,UEFA,5,Genoa_CFC,Genoa,2023–2024,2023,2024,yes
Morten Thorsby,Norway,UEFA,6,Genoa_CFC,Genoa,2024–2026,2024,2026,no
Morten Thorsby,Norway,UEFA,7,US_Cremonese,Cremonese,2026–,2026,,no
Kristoffer Ajer,Norway,UEFA,1,Lillestr%C3%B8m_SK,Lillestrøm II,2013–2014,2013,2014,no
Kristoffer Ajer,Norway,UEFA,2,IK_Start,Start,2014–2016,2014,2016,no
Kristoffer Ajer,Norway,UEFA,3,Celtic_F.C.,Celtic,2016–2021,2016,2021,no
Kristoffer Ajer,Norway,UEFA,4,Kilmarnock_F.C.,Kilmarnock,2017,2017,2017,yes
Kristoffer Ajer,Norway,UEFA,5,Brentford_F.C.,Brentford,2021–,2021,,no
Leo Østigård,Norway,UEFA,1,Molde_FK,Molde,2017–2018,2017,2018,no
Leo Østigård,Norway,UEFA,2,Viking_FK,Viking,2018,2018,2018,yes
Leo Østigård,Norway,UEFA,3,Brighton_%26_Hove_Albion_F.C.,Brighton & Hove Albion,2018–2022,2018,2022,no
Leo Østigård,Norway,UEFA,4,FC_St._Pauli,FC St. Pauli,2019–2020,2019,2020,yes
Leo Østigård,Norway,UEFA,5,Coventry_City_F.C.,Coventry City,2020–2021,2020,2021,yes
Leo Østigård,Norway,UEFA,6,Stoke_City_F.C.,Stoke City,2021,2021,2021,yes
Leo Østigård,Norway,UEFA,7,Genoa_CFC,Genoa,2022,2022,2022,yes
Leo Østigård,Norway,UEFA,8,SSC_Napoli,Napoli,2022–2024,2022,2024,no
Leo Østigård,Norway,UEFA,9,Stade_Rennais_FC,Rennes,2024–2026,2024,2026,no
Leo Østigård,Norway,UEFA,10,TSG_1899_Hoffenheim,TSG Hoffenheim,2025,2025,2025,yes
Leo Østigård,Norway,UEFA,11,Genoa_CFC,Genoa,2025–2026,2025,2026,yes
Leo Østigård,Norway,UEFA,12,Genoa_CFC,Genoa,2026–,2026,,no
David Møller Wolfe,Norway,UEFA,1,Bergen_Nord_FK,Bergen Nord,2017–2019,2017,2019,no
David Møller Wolfe,Norway,UEFA,2,SK_Brann,Brann,2020–2023,2020,2023,no
David Møller Wolfe,Norway,UEFA,3,%C3%85sane_Fotball,Åsane,2020,2020,2020,yes
David Møller Wolfe,Norway,UEFA,4,AZ_Alkmaar,AZ,2023–2025,2023,2025,no
David Møller Wolfe,Norway,UEFA,5,Wolverhampton_Wanderers_F.C.,Wolverhampton Wanderers,2025–,2025,,no
Patrick Berg,Norway,UEFA,1,FK_Bod%C3%B8/Glimt,Bodø/Glimt,2014–2022,2014,2022,no
Patrick Berg,Norway,UEFA,2,RC_Lens,Lens,2022,2022,2022,no
Patrick Berg,Norway,UEFA,3,FK_Bod%C3%B8/Glimt,Bodø/Glimt,2022–,2022,,no
Alexander Sørloth,Norway,UEFA,1,Rosenborg_BK_2,Rosenborg 2,2012–2015,2012,2015,no
Alexander Sørloth,Norway,UEFA,2,Rosenborg_BK,Rosenborg,2013–2015,2013,2015,no
Alexander Sørloth,Norway,UEFA,3,FK_Bod%C3%B8/Glimt,Bodø/Glimt,2015,2015,2015,yes
Alexander Sørloth,Norway,UEFA,4,FC_Groningen,Groningen,2016–2017,2016,2017,no
Alexander Sørloth,Norway,UEFA,5,FC_Midtjylland,Midtjylland,2017–2018,2017,2018,no
Alexander Sørloth,Norway,UEFA,6,Crystal_Palace_F.C.,Crystal Palace,2018–2020,2018,2020,no
Alexander Sørloth,Norway,UEFA,7,KAA_Gent,Gent,2019,2019,2019,yes
Alexander Sørloth,Norway,UEFA,8,Trabzonspor,Trabzonspor,2019–2020,2019,2020,yes
Alexander Sørloth,Norway,UEFA,9,RB_Leipzig,RB Leipzig,2020–2023,2020,2023,no
Alexander Sørloth,Norway,UEFA,10,Real_Sociedad,Real Sociedad,2021–2023,2021,2023,yes
Alexander Sørloth,Norway,UEFA,11,Villarreal_CF,Villarreal,2023–2024,2023,2024,no
Alexander Sørloth,Norway,UEFA,12,Atl%C3%A9tico_Madrid,Atlético Madrid,2024–,2024,,no
Sander Berge,Norway,UEFA,1,Asker_Fotball,Asker,2013–2014,2013,2014,no
Sander Berge,Norway,UEFA,2,V%C3%A5lerenga_Fotball,Vålerenga,2015–2017,2015,2017,no
Sander Berge,Norway,UEFA,3,K.R.C._Genk,Genk,2017–2020,2017,2020,no
Sander Berge,Norway,UEFA,4,Sheffield_United_F.C.,Sheffield United,2020–2023,2020,2023,no
Sander Berge,Norway,UEFA,5,Burnley_F.C.,Burnley,2023–2024,2023,2024,no
Sander Berge,Norway,UEFA,6,Fulham_F.C.,Fulham,2024–,2024,,no
Erling Haaland,Norway,UEFA,1,Bryne_FK_2,Bryne 2,2015–2016,2015,2016,no
Erling Haaland,Norway,UEFA,2,Bryne_FK,Bryne,2016–2017,2016,2017,no
Erling Haaland,Norway,UEFA,3,Molde_FK_2,Molde 2,2017,2017,2017,no
Erling Haaland,Norway,UEFA,4,Molde_FK,Molde,2017–2019,2017,2019,no
Erling Haaland,Norway,UEFA,5,FC_Red_Bull_Salzburg,Red Bull Salzburg,2019–2020,2019,2020,no
Erling Haaland,Norway,UEFA,6,Borussia_Dortmund,Borussia Dortmund,2020–2022,2020,2022,no
Erling Haaland,Norway,UEFA,7,Manchester_City_F.C.,Manchester City,2022–,2022,,no
Martin Ødegaard,Norway,UEFA,1,Str%C3%B8msgodset_Toppfotball,Strømsgodset 3,2013,2013,2013,no
Martin Ødegaard,Norway,UEFA,2,Str%C3%B8msgodset_Toppfotball,Strømsgodset 2,2013–2014,2013,2014,no
Martin Ødegaard,Norway,UEFA,3,Str%C3%B8msgodset_Toppfotball,Strømsgodset,2014–2015,2014,2015,no
Martin Ødegaard,Norway,UEFA,4,Real_Madrid_Castilla,Real Madrid Castilla,2015–2017,2015,2017,no
Martin Ødegaard,Norway,UEFA,5,Real_Madrid_CF,Real Madrid,2015–2021,2015,2021,no
Martin Ødegaard,Norway,UEFA,6,SC_Heerenveen,Heerenveen,2017–2018,2017,2018,yes
Martin Ødegaard,Norway,UEFA,7,SBV_Vitesse,Vitesse,2018–2019,2018,2019,yes
Martin Ødegaard,Norway,UEFA,8,Real_Sociedad,Real Sociedad,2019–2020,2019,2020,yes
Martin Ødegaard,Norway,UEFA,9,Arsenal_F.C.,Arsenal,2021,2021,2021,yes
Martin Ødegaard,Norway,UEFA,10,Arsenal_F.C.,Arsenal,2021–,2021,,no
Jørgen Strand Larsen,Norway,UEFA,1,Sarpsborg_08_FF,Sarpsborg 08,2017–2020,2017,2020,no
Jørgen Strand Larsen,Norway,UEFA,2,FC_Groningen,Groningen,2020–2022,2020,2022,no
Jørgen Strand Larsen,Norway,UEFA,3,RC_Celta_de_Vigo,Celta Vigo,2022–2025,2022,2025,no
Jørgen Strand Larsen,Norway,UEFA,4,Wolverhampton_Wanderers_F.C.,Wolverhampton Wanderers,2024–2025,2024,2025,yes
Jørgen Strand Larsen,Norway,UEFA,5,Wolverhampton_Wanderers_F.C.,Wolverhampton Wanderers,2025–2026,2025,2026,no
Jørgen Strand Larsen,Norway,UEFA,6,Crystal_Palace_F.C.,Crystal Palace,2026–,2026,,no
Sander Tangvik,Norway,UEFA,1,Rosenborg_BK,Rosenborg,2021–2026,2021,2026,no
Sander Tangvik,Norway,UEFA,2,Hamburger_SV,Hamburger SV,2026–,2026,,no
Egil Selvik,Norway,UEFA,1,Sandnes_Ulf,Sandnes Ulf,2017–2018,2017,2018,no
Egil Selvik,Norway,UEFA,2,Nest-Sotra_Fotball,Nest-Sotra,2018,2018,2018,yes
Egil Selvik,Norway,UEFA,3,Odds_BK,Odd,2019–2020,2019,2020,no
Egil Selvik,Norway,UEFA,4,FK_Haugesund,Haugesund,2021–2024,2021,2024,no
Egil Selvik,Norway,UEFA,5,Udinese_Calcio,Udinese,2025,2025,2025,no
Egil Selvik,Norway,UEFA,6,Watford_F.C.,Watford,2025–,2025,,no
Fredrik Aursnes,Norway,UEFA,1,IL_H%C3%B8dd,Hødd,2012–2016,2012,2016,no
Fredrik Aursnes,Norway,UEFA,2,Molde_FK,Molde,2016–2021,2016,2021,no
Fredrik Aursnes,Norway,UEFA,3,Feyenoord,Feyenoord,2021–2022,2021,2022,no
Fredrik Aursnes,Norway,UEFA,4,S.L._Benfica,Benfica,2022–,2022,,no
Fredrik André Bjørkan,Norway,UEFA,1,FK_Bod%C3%B8/Glimt,Bodø/Glimt,2015–2021,2015,2021,no
Fredrik André Bjørkan,Norway,UEFA,2,Hertha_BSC,Hertha BSC,2022,2022,2022,no
Fredrik André Bjørkan,Norway,UEFA,3,Feyenoord,Feyenoord,2022,2022,2022,yes
Fredrik André Bjørkan,Norway,UEFA,4,FK_Bod%C3%B8/Glimt,Bodø/Glimt,2023–,2023,,no
Marcus Holmgren Pedersen,Norway,UEFA,1,Troms%C3%B8_IL,Tromsø,2018–2020,2018,2020,no
Marcus Holmgren Pedersen,Norway,UEFA,2,Molde_FK,Molde,2020–2021,2020,2021,no
Marcus Holmgren Pedersen,Norway,UEFA,3,Feyenoord,Feyenoord,2021–2025,2021,2025,no
Marcus Holmgren Pedersen,Norway,UEFA,4,US_Sassuolo_Calcio,Sassuolo,2023–2024,2023,2024,yes
Marcus Holmgren Pedersen,Norway,UEFA,5,Torino_FC,Torino,2024–2025,2024,2025,yes
Marcus Holmgren Pedersen,Norway,UEFA,6,Torino_FC,Torino,2025–,2025,,no
Torbjørn Heggem,Norway,UEFA,1,Rosenborg_BK,Rosenborg,2018–2021,2018,2021,no
Torbjørn Heggem,Norway,UEFA,2,Ranheim_Fotball,Ranheim,2019–2020,2019,2020,yes
Torbjørn Heggem,Norway,UEFA,3,Sandnes_Ulf,Sandnes Ulf,2021–2022,2021,2022,no
Torbjørn Heggem,Norway,UEFA,4,IF_Brommapojkarna,IF Brommapojkarna,2023–2024,2023,2024,no
Torbjørn Heggem,Norway,UEFA,5,West_Bromwich_Albion_F.C.,West Bromwich Albion,2024–2025,2024,2025,no
Torbjørn Heggem,Norway,UEFA,6,Bologna_FC,Bologna,2025–,2025,,no
Kristian Thorstvedt,Norway,UEFA,1,Viking_FK,Viking,2018–2019,2018,2019,no
Kristian Thorstvedt,Norway,UEFA,2,KRC_Genk,Genk,2020–2022,2020,2022,no
Kristian Thorstvedt,Norway,UEFA,3,US_Sassuolo_Calcio,Sassuolo,2022–,2022,,no
Thelo Aasgaard,Norway,UEFA,1,Wigan_Athletic_F.C.,Wigan Athletic,2020–2025,2020,2025,no
Thelo Aasgaard,Norway,UEFA,2,Luton_Town_F.C.,Luton Town,2025,2025,2025,no
Thelo Aasgaard,Norway,UEFA,3,Rangers_F.C.,Rangers,2025–,2025,,no
Antonio Nusa,Norway,UEFA,1,Stab%C3%A6k_Fotball,Stabæk,2020–2021,2020,2021,no
Antonio Nusa,Norway,UEFA,2,Club_Brugge_KV,Club Brugge,2021–2024,2021,2024,no
Antonio Nusa,Norway,UEFA,3,Club_NXT,Club NXT,2022–2023,2022,2023,no
Antonio Nusa,Norway,UEFA,4,RB_Leipzig,RB Leipzig,2024–,2024,,no
Andreas Schjelderup,Norway,UEFA,1,FC_Nordsj%C3%A6lland,Nordsjælland,2021–2023,2021,2023,no
Andreas Schjelderup,Norway,UEFA,2,S.L._Benfica_B,Benfica B,2023,2023,2023,no
Andreas Schjelderup,Norway,UEFA,3,S.L._Benfica,Benfica,2023–,2023,,no
Andreas Schjelderup,Norway,UEFA,4,FC_Nordsj%C3%A6lland,Nordsjælland,2023–2024,2023,2024,yes
Oscar Bobb,Norway,UEFA,1,Manchester_City_F.C.,Manchester City,2023–2026,2023,2026,no
Oscar Bobb,Norway,UEFA,2,Fulham_F.C.,Fulham,2026–,2026,,no
Jens Petter Hauge,Norway,UEFA,1,FK_Bod%C3%B8/Glimt,Bodø/Glimt,2016–2020,2016,2020,no
Jens Petter Hauge,Norway,UEFA,2,Aalesunds_FK,Aalesund,2018,2018,2018,yes
Jens Petter Hauge,Norway,UEFA,3,AC_Milan,AC Milan,2020–2022,2020,2022,no
Jens Petter Hauge,Norway,UEFA,4,Eintracht_Frankfurt,Eintracht Frankfurt,2021–2022,2021,2022,yes
Jens Petter Hauge,Norway,UEFA,5,Eintracht_Frankfurt,Eintracht Frankfurt,2022–2025,2022,2025,no
Jens Petter Hauge,Norway,UEFA,6,K.A.A._Gent,Gent,2022–2023,2022,2023,yes
Jens Petter Hauge,Norway,UEFA,7,FK_Bod%C3%B8/Glimt,Bodø/Glimt,2024,2024,2024,yes
Jens Petter Hauge,Norway,UEFA,8,FK_Bod%C3%B8/Glimt,Bodø/Glimt,2025–,2025,,no
Sondre Langås,Norway,UEFA,1,Namsos_IL,Namsos,2017–2019,2017,2019,no
Sondre Langås,Norway,UEFA,2,Ranheim_Fotball,Ranheim,2020–2023,2020,2023,no
Sondre Langås,Norway,UEFA,3,IL_Stj%C3%B8rdals-Blink,Stjørdals-Blink,2020,2020,2020,yes
Sondre Langås,Norway,UEFA,4,Viking_FK,Viking,2023–2025,2023,2025,no
Sondre Langås,Norway,UEFA,5,Derby_County_F.C.,Derby County,2025–,2025,,no
Henrik Falchener,Norway,UEFA,1,Sandefjord_Fotball_2,Sandefjord 2,2019–2021,2019,2021,no
Henrik Falchener,Norway,UEFA,2,Sandefjord_Fotball,Sandefjord,2020–2021,2020,2021,no
Henrik Falchener,Norway,UEFA,3,FK_%C3%98rn_Horten,Ørn Horten,2022–2023,2022,2023,no
Henrik Falchener,Norway,UEFA,4,FK_%C3%98rn_Horten_2,Ørn Horten 2,2023,2023,2023,no
Henrik Falchener,Norway,UEFA,5,Egersunds_IK,Egersund,2024,2024,2024,no
Henrik Falchener,Norway,UEFA,6,Viking_FK,Viking,2025–,2025,,no
Julian Ryerson,Norway,UEFA,1,Viking_FK,Viking,2015–2018,2015,2018,no
Julian Ryerson,Norway,UEFA,2,1._FC_Union_Berlin,Union Berlin,2018–2023,2018,2023,no
Julian Ryerson,Norway,UEFA,3,Borussia_Dortmund,Borussia Dortmund,2023–,2023,,no
Yehvann Diouf,Senegal,CAF,1,Troyes_AC,Troyes II,2016–2019,2016,2019,no
Yehvann Diouf,Senegal,CAF,2,Troyes_AC,Troyes,2019,2019,2019,no
Yehvann Diouf,Senegal,CAF,3,Stade_de_Reims,Reims II,2019–2022,2019,2022,no
Yehvann Diouf,Senegal,CAF,4,Stade_de_Reims,Reims,2020–2025,2020,2025,no
Yehvann Diouf,Senegal,CAF,5,OGC_Nice,Nice,2025–,2025,,no
Mamadou Sarr,Senegal,CAF,1,Olympique_Lyonnais_Reserves_and_Academy,Lyon B,2022–2023,2022,2023,no
Mamadou Sarr,Senegal,CAF,2,Olympique_Lyonnais,Lyon,2023–2024,2023,2024,no
Mamadou Sarr,Senegal,CAF,3,R.W.D._Molenbeek_(2015),RWD Molenbeek,2023–2024,2023,2024,yes
Mamadou Sarr,Senegal,CAF,4,RC_Strasbourg_Alsace,Strasbourg,2024–2025,2024,2025,no
Mamadou Sarr,Senegal,CAF,5,Chelsea_F.C.,Chelsea,2025–,2025,,no
Mamadou Sarr,Senegal,CAF,6,RC_Strasbourg_Alsace,Strasbourg,2025–2026,2025,2026,yes
Kalidou Koulibaly,Senegal,CAF,1,FC_Metz,Metz II,2009–2011,2009,2011,no
Kalidou Koulibaly,Senegal,CAF,2,FC_Metz,Metz,2010–2012,2010,2012,no
Kalidou Koulibaly,Senegal,CAF,3,KRC_Genk,Genk,2012–2014,2012,2014,no
Kalidou Koulibaly,Senegal,CAF,4,SSC_Napoli,Napoli,2014–2022,2014,2022,no
Kalidou Koulibaly,Senegal,CAF,5,Chelsea_F.C.,Chelsea,2022–2023,2022,2023,no
Kalidou Koulibaly,Senegal,CAF,6,Al_Hilal_SFC,Al-Hilal,2023–,2023,,no
Abdoulaye Seck,Senegal,CAF,1,Stade_de_Mbour,Stade de Mbour,2010,2010,2010,no
Abdoulaye Seck,Senegal,CAF,2,Mbour_Petite-C%C3%B4te_FC,Touré Kunda,2010–2012,2010,2012,no
Abdoulaye Seck,Senegal,CAF,3,Casa_Sports,Casa Sports,2012–2013,2012,2013,no
Abdoulaye Seck,Senegal,CAF,4,Diambars_FC,Diambars,2013–2014,2013,2014,no
Abdoulaye Seck,Senegal,CAF,5,H%C3%B8nefoss_BK,Hønefoss,2014,2014,2014,yes
Abdoulaye Seck,Senegal,CAF,6,H%C3%B8nefoss_BK,Hønefoss,2015,2015,2015,no
Abdoulaye Seck,Senegal,CAF,7,Sandefjord_Fotball,Sandefjord,2016–2018,2016,2018,no
Abdoulaye Seck,Senegal,CAF,8,Royal_Antwerp_F.C.,Antwerp,2018–2022,2018,2022,no
Abdoulaye Seck,Senegal,CAF,9,Maccabi_Haifa_F.C.,Maccabi Haifa,2022–,2022,,no
Idrissa Gueye,Senegal,CAF,1,Diambars_FC,Diambars,2007–2008,2007,2008,no
Idrissa Gueye,Senegal,CAF,2,Lille_OSC,Lille B,2008–2010,2008,2010,no
Idrissa Gueye,Senegal,CAF,3,Lille_OSC,Lille,2010–2015,2010,2015,no
Idrissa Gueye,Senegal,CAF,4,Aston_Villa_F.C.,Aston Villa,2015–2016,2015,2016,no
Idrissa Gueye,Senegal,CAF,5,Everton_F.C.,Everton,2016–2019,2016,2019,no
Idrissa Gueye,Senegal,CAF,6,Paris_Saint-Germain_F.C.,Paris Saint-Germain,2019–2022,2019,2022,no
Idrissa Gueye,Senegal,CAF,7,Everton_F.C.,Everton,2022–,2022,,no
Pathé Ciss,Senegal,CAF,1,Diambars_FC,Diambars,2014–2017,2014,2017,no
Pathé Ciss,Senegal,CAF,2,C.F._Uni%C3%A3o,União Madeira,2017–2020,2017,2020,no
Pathé Ciss,Senegal,CAF,3,F.C._Famalic%C3%A3o,Famalicão,2018–2019,2018,2019,yes
Pathé Ciss,Senegal,CAF,4,CF_Fuenlabrada,Fuenlabrada,2019–2020,2019,2020,yes
Pathé Ciss,Senegal,CAF,5,CF_Fuenlabrada,Fuenlabrada,2020–2021,2020,2021,no
Pathé Ciss,Senegal,CAF,6,Rayo_Vallecano,Rayo Vallecano,2021–,2021,,no
Assane Diao,Senegal,CAF,1,Betis_Deportivo_Balompi%C3%A9,Betis B,2022–2023,2022,2023,no
Assane Diao,Senegal,CAF,2,Real_Betis,Betis,2023–2025,2023,2025,no
Assane Diao,Senegal,CAF,3,Como_1907,Como,2025–,2025,,no
Lamine Camara,Senegal,CAF,1,G%C3%A9n%C3%A9ration_Foot,Génération Foot,2021–2023,2021,2023,no
Lamine Camara,Senegal,CAF,2,FC_Metz,Metz,2023–2024,2023,2024,no
Lamine Camara,Senegal,CAF,3,FC_Metz,Metz B,2024,2024,2024,no
Lamine Camara,Senegal,CAF,4,AS_Monaco,Monaco,2024–,2024,,no
Bamba Dieng,Senegal,CAF,1,Diambars_FC,Diambars,2019–2021,2019,2021,no
Bamba Dieng,Senegal,CAF,2,Olympique_de_Marseille,Marseille B,2020–2021,2020,2021,yes
Bamba Dieng,Senegal,CAF,3,Olympique_de_Marseille,Marseille,2021,2021,2021,yes
Bamba Dieng,Senegal,CAF,4,Olympique_de_Marseille,Marseille,2021–2023,2021,2023,no
Bamba Dieng,Senegal,CAF,5,FC_Lorient,Lorient,2023–,2023,,no
Bamba Dieng,Senegal,CAF,6,Angers_SCO,Angers,2024–2025,2024,2025,yes
Bamba Dieng,Senegal,CAF,7,FC_Lorient,Lorient B,2025,2025,2025,no
Sadio Mané,Senegal,CAF,1,FC_Metz#Youth_academy,Metz B,2011–2012,2011,2012,no
Sadio Mané,Senegal,CAF,2,FC_Metz,Metz,2011–2012,2011,2012,no
Sadio Mané,Senegal,CAF,3,FC_Red_Bull_Salzburg,Red Bull Salzburg,2012–2014,2012,2014,no
Sadio Mané,Senegal,CAF,4,Southampton_F.C.,Southampton,2014–2016,2014,2016,no
Sadio Mané,Senegal,CAF,5,Liverpool_F.C.,Liverpool,2016–2022,2016,2022,no
Sadio Mané,Senegal,CAF,6,FC_Bayern_Munich,Bayern Munich,2022–2023,2022,2023,no
Sadio Mané,Senegal,CAF,7,Al-Nassr_FC,Al-Nassr,2023–,2023,,no
Nicolas Jackson,Senegal,CAF,1,Casa_Sports,Casa Sports,2018–2019,2018,2019,no
Nicolas Jackson,Senegal,CAF,2,Villarreal_CF_B,Villarreal B,2019–2022,2019,2022,no
Nicolas Jackson,Senegal,CAF,3,CD_Mirand%C3%A9s,Mirandés,2020–2021,2020,2021,yes
Nicolas Jackson,Senegal,CAF,4,Villarreal_CF,Villarreal,2021–2023,2021,2023,no
Nicolas Jackson,Senegal,CAF,5,Chelsea_F.C.,Chelsea,2023–,2023,,no
Nicolas Jackson,Senegal,CAF,6,FC_Bayern_Munich,Bayern Munich,2025–2026,2025,2026,yes
Cherif Ndiaye,Senegal,CAF,1,Waasland-Beveren,Waasland-Beveren,2017–2019,2017,2019,no
Cherif Ndiaye,Senegal,CAF,2,HNK_Gorica,Gorica,2019–2021,2019,2021,no
Cherif Ndiaye,Senegal,CAF,3,G%C3%B6ztepe_S.K.,Göztepe,2020–2021,2020,2021,yes
Cherif Ndiaye,Senegal,CAF,4,G%C3%B6ztepe_S.K.,Göztepe,2021–2022,2021,2022,no
Cherif Ndiaye,Senegal,CAF,5,Shanghai_Port_F.C.,Shanghai Port,2022,2022,2022,no
Cherif Ndiaye,Senegal,CAF,6,Adana_Demirspor,Adana Demirspor,2023,2023,2023,no
Cherif Ndiaye,Senegal,CAF,7,Red_Star_Belgrade,Red Star Belgrade,2023–2025,2023,2025,no
Cherif Ndiaye,Senegal,CAF,8,Samsunspor,Samsunspor,2025–,2025,,no
Iliman Ndiaye,Senegal,CAF,1,Sheffield_United_F.C.,Sheffield United,2019–2023,2019,2023,no
Iliman Ndiaye,Senegal,CAF,2,Hyde_United_F.C.,Hyde United,2020,2020,2020,yes
Iliman Ndiaye,Senegal,CAF,3,Olympique_de_Marseille,Marseille,2023–2024,2023,2024,no
Iliman Ndiaye,Senegal,CAF,4,Everton_F.C.,Everton,2024–,2024,,no
Ismail Jakobs,Senegal,CAF,1,1._FC_K%C3%B6ln_II,1. FC Köln II,2017–2019,2017,2019,no
Ismail Jakobs,Senegal,CAF,2,1._FC_K%C3%B6ln,1. FC Köln,2019–2021,2019,2021,no
Ismail Jakobs,Senegal,CAF,3,AS_Monaco_FC,Monaco,2021–2025,2021,2025,no
Ismail Jakobs,Senegal,CAF,4,Galatasaray_S.K._(football),Galatasaray,2024–2025,2024,2025,yes
Ismail Jakobs,Senegal,CAF,5,Galatasaray_S.K._(football),Galatasaray,2025–,2025,,no
Krépin Diatta,Senegal,CAF,1,Sarpsborg_08_FF,Sarpsborg 08,2017–2018,2017,2018,no
Krépin Diatta,Senegal,CAF,2,Club_Brugge_KV,Club Brugge,2018–2021,2018,2021,no
Krépin Diatta,Senegal,CAF,3,AS_Monaco_FC,Monaco,2021–,2021,,no
Édouard Mendy,Senegal,CAF,1,AS_Cherbourg_Football,Cherbourg,2011–2014,2011,2014,no
Édouard Mendy,Senegal,CAF,2,Olympique_de_Marseille_II,Marseille II,2015–2016,2015,2016,no
Édouard Mendy,Senegal,CAF,3,Stade_de_Reims,Reims,2016–2019,2016,2019,no
Édouard Mendy,Senegal,CAF,4,Stade_Rennais_FC,Rennes,2019–2020,2019,2020,no
Édouard Mendy,Senegal,CAF,5,Chelsea_F.C.,Chelsea,2020–2023,2020,2023,no
Édouard Mendy,Senegal,CAF,6,Al-Ahli_Saudi_FC,Al-Ahli,2023–,2023,,no
Pape Matar Sarr,Senegal,CAF,1,FC_Metz,Metz,2020–2021,2020,2021,no
Pape Matar Sarr,Senegal,CAF,2,Tottenham_Hotspur_F.C.,Tottenham Hotspur,2021–,2021,,no
Pape Matar Sarr,Senegal,CAF,3,FC_Metz,Metz,2021–2022,2021,2022,yes
Ismaïla Sarr,Senegal,CAF,1,FC_Metz,Metz,2016–2017,2016,2017,no
Ismaïla Sarr,Senegal,CAF,2,Stade_Rennais_FC,Rennes,2017–2019,2017,2019,no
Ismaïla Sarr,Senegal,CAF,3,Watford_F.C.,Watford,2019–2023,2019,2023,no
Ismaïla Sarr,Senegal,CAF,4,Olympique_de_Marseille,Marseille,2023–2024,2023,2024,no
Ismaïla Sarr,Senegal,CAF,5,Crystal_Palace_F.C.,Crystal Palace,2024–,2024,,no
Moussa Niakhaté,Senegal,CAF,1,Valenciennes_FC,Valenciennes B,2013–2016,2013,2016,no
Moussa Niakhaté,Senegal,CAF,2,Valenciennes_FC,Valenciennes,2014–2017,2014,2017,no
Moussa Niakhaté,Senegal,CAF,3,FC_Metz,Metz,2017–2018,2017,2018,no
Moussa Niakhaté,Senegal,CAF,4,1._FSV_Mainz_05,Mainz 05,2018–2022,2018,2022,no
Moussa Niakhaté,Senegal,CAF,5,Nottingham_Forest_F.C.,Nottingham Forest,2022–2024,2022,2024,no
Moussa Niakhaté,Senegal,CAF,6,Olympique_Lyonnais,Lyon,2024–,2024,,no
Ibrahim Mbaye,Senegal,CAF,1,Paris_Saint-Germain_FC,Paris Saint-Germain,2024–,2024,,no
Habib Diarra,Senegal,CAF,1,RC_Strasbourg_Alsace,Strasbourg,2021–2025,2021,2025,no
Habib Diarra,Senegal,CAF,2,RC_Strasbourg_Alsace,Strasbourg B,2021–2022,2021,2022,yes
Habib Diarra,Senegal,CAF,3,Sunderland_A.F.C.,Sunderland,2025–,2025,,no
Bara Sapoko Ndiaye,Senegal,CAF,1,FC_Bayern_Munich,Bayern Munich,2026–,2026,,yes
Mory Diaw,Senegal,CAF,1,Paris_Saint-Germain_Academy,Paris Saint-Germain B,2012–2015,2012,2015,no
Mory Diaw,Senegal,CAF,2,C.D._Mafra,Mafra,2015–2017,2015,2017,no
Mory Diaw,Senegal,CAF,3,PFC_Lokomotiv_Plovdiv,Lokomotiv Plovdiv,2017,2017,2017,no
Mory Diaw,Senegal,CAF,4,FC_United_Z%C3%BCrich,FC United Zürich,2019,2019,2019,no
Mory Diaw,Senegal,CAF,5,FC_Lausanne-Sport,Lausanne-Sport,2019–2022,2019,2022,no
Mory Diaw,Senegal,CAF,6,Clermont_Foot,Clermont,2022–2025,2022,2025,no
Mory Diaw,Senegal,CAF,7,Rodez_AF,Rodez,2025,2025,2025,yes
Mory Diaw,Senegal,CAF,8,Le_Havre_AC,Le Havre,2025–,2025,,no
Antoine Mendy,Senegal,CAF,1,OGC_Nice,Nice II,2021–,2021,,no
Antoine Mendy,Senegal,CAF,2,OGC_Nice,Nice,2022–,2022,,no
El Hadji Malick Diouf,Senegal,CAF,1,Troms%C3%B8_IL,Tromsø,2023–2024,2023,2024,no
El Hadji Malick Diouf,Senegal,CAF,2,SK_Slavia_Prague,Slavia Prague,2024–2025,2024,2025,no
El Hadji Malick Diouf,Senegal,CAF,3,West_Ham_United_F.C.,West Ham United,2025–,2025,,no
Pape Gueye,Senegal,CAF,1,Le_Havre_AC,Le Havre B,2016–2019,2016,2019,no
Pape Gueye,Senegal,CAF,2,Le_Havre_AC,Le Havre,2017–2020,2017,2020,no
Pape Gueye,Senegal,CAF,3,Watford_F.C.,Watford,2020,2020,2020,no
Pape Gueye,Senegal,CAF,4,Olympique_de_Marseille,Marseille,2020–2024,2020,2024,no
Pape Gueye,Senegal,CAF,5,Sevilla_FC,Sevilla,2023,2023,2023,yes
Pape Gueye,Senegal,CAF,6,Villarreal_CF,Villarreal,2024–,2024,,no
Melvin Mastil,Algeria,CAF,1,FC_Echichens,Echichens,2017–2019,2017,2019,no
Melvin Mastil,Algeria,CAF,2,FC_Lausanne-Sport,FC Azzurri 90 LS,2019–2020,2019,2020,no
Melvin Mastil,Algeria,CAF,3,FC_Echallens,Echallens,2020–2021,2020,2021,no
Melvin Mastil,Algeria,CAF,4,FC_Lausanne-Sport,Lausanne-Sport U21,2021,2021,2021,yes
Melvin Mastil,Algeria,CAF,5,FC_Lausanne-Sport,Lausanne-Sport U21,2021–2023,2021,2023,no
Melvin Mastil,Algeria,CAF,6,FC_Lausanne-Sport,Lausanne-Sport,2021–,2021,,no
Melvin Mastil,Algeria,CAF,7,FC_Biel-Bienne,Biel-Bienne,2023–2024,2023,2024,yes
Melvin Mastil,Algeria,CAF,8,FC_Stade_Nyonnais,Stade Nyonnais,2024–,2024,,yes
Aïssa Mandi,Algeria,CAF,1,Stade_de_Reims,Reims,2009–2016,2009,2016,no
Aïssa Mandi,Algeria,CAF,2,Real_Betis,Real Betis,2016–2021,2016,2021,no
Aïssa Mandi,Algeria,CAF,3,Villarreal_CF,Villarreal,2021–2024,2021,2024,no
Aïssa Mandi,Algeria,CAF,4,Lille_OSC,Lille,2024–,2024,,no
Achref Abada,Algeria,CAF,1,MC_El_Eulma,MC El Eulma,2018–2021,2018,2021,no
Achref Abada,Algeria,CAF,2,ASO_Chlef,ASO Chlef,2021–2026,2021,2026,no
Achref Abada,Algeria,CAF,3,USM_Alger,USM Alger,2026–,2026,,no
Mohamed Amine Tougai,Algeria,CAF,1,NA_Hussein_Dey,NA Hussein Dey,2019–2020,2019,2020,no
Mohamed Amine Tougai,Algeria,CAF,2,Esp%C3%A9rance_Sportive_de_Tunis,Espérance de Tunis,2020–,2020,,no
Zineddine Belaïd,Algeria,CAF,1,NA_Hussein_Dey,NA Hussein Dey,2019–2020,2019,2020,no
Zineddine Belaïd,Algeria,CAF,2,USM_Alger,USM Alger,2020–2024,2020,2024,no
Zineddine Belaïd,Algeria,CAF,3,Sint-Truidense_VV,Sint-Truiden,2024–2025,2024,2025,no
Zineddine Belaïd,Algeria,CAF,4,JS_Kabylie,JS Kabylie,2025–,2025,,no
Ramiz Zerrouki,Algeria,CAF,1,Jong_FC_Twente,Jong Twente,2017–2018,2017,2018,no
Ramiz Zerrouki,Algeria,CAF,2,FC_Twente,Twente,2019–2023,2019,2023,no
Ramiz Zerrouki,Algeria,CAF,3,Feyenoord,Feyenoord,2023–,2023,,no
Ramiz Zerrouki,Algeria,CAF,4,FC_Twente,Twente,2025–,2025,,yes
Riyad Mahrez,Algeria,CAF,1,Quimper_Kerfeunteun_F.C.,Quimper,2009–2010,2009,2010,no
Riyad Mahrez,Algeria,CAF,2,Le_Havre_AC,Le Havre II,2010–2013,2010,2013,no
Riyad Mahrez,Algeria,CAF,3,Le_Havre_AC,Le Havre,2011–2014,2011,2014,no
Riyad Mahrez,Algeria,CAF,4,Leicester_City_F.C.,Leicester City,2014–2018,2014,2018,no
Riyad Mahrez,Algeria,CAF,5,Manchester_City_F.C.,Manchester City,2018–2023,2018,2023,no
Riyad Mahrez,Algeria,CAF,6,Al-Ahli_Saudi_FC,Al-Ahli,2023–,2023,,no
Houssem Aouar,Algeria,CAF,1,Olympique_Lyonnais_Reserves_and_Academy,Lyon B,2015–2017,2015,2017,no
Houssem Aouar,Algeria,CAF,2,Olympique_Lyonnais,Lyon,2016–2023,2016,2023,no
Houssem Aouar,Algeria,CAF,3,AS_Roma,Roma,2023–2024,2023,2024,no
Houssem Aouar,Algeria,CAF,4,Al-Ittihad_Club_(Jeddah),Al-Ittihad,2024–,2024,,no
Amine Gouiri,Algeria,CAF,1,Olympique_Lyonnais_Reserves_and_Academy,Lyon B,2016–2020,2016,2020,no
Amine Gouiri,Algeria,CAF,2,Olympique_Lyonnais,Lyon,2017–2020,2017,2020,no
Amine Gouiri,Algeria,CAF,3,OGC_Nice,Nice,2020–2022,2020,2022,no
Amine Gouiri,Algeria,CAF,4,Stade_Rennais_F.C.,Rennes,2022–2025,2022,2025,no
Amine Gouiri,Algeria,CAF,5,Olympique_de_Marseille,Marseille,2025–,2025,,no
Farès Chaïbi,Algeria,CAF,1,Toulouse_FC,Toulouse B,2020–2022,2020,2022,no
Farès Chaïbi,Algeria,CAF,2,Toulouse_FC,Toulouse,2022–2023,2022,2023,no
Farès Chaïbi,Algeria,CAF,3,Eintracht_Frankfurt,Eintracht Frankfurt,2023–,2023,,no
Anis Hadj Moussa,Algeria,CAF,1,RC_Lens,Lens B,2021–2022,2021,2022,no
Anis Hadj Moussa,Algeria,CAF,2,Olympic_Charleroi,Olympic Charleroi,2022–2023,2022,2023,no
Anis Hadj Moussa,Algeria,CAF,3,K._Patro_Eisden_Maasmechelen,Patro Eisden,2023–2024,2023,2024,no
Anis Hadj Moussa,Algeria,CAF,4,SBV_Vitesse,Vitesse,2024,2024,2024,yes
Anis Hadj Moussa,Algeria,CAF,5,Feyenoord,Feyenoord,2024–,2024,,no
Nadhir Benbouali,Algeria,CAF,1,Paradou_AC,Paradou AC,2020–2022,2020,2022,no
Nadhir Benbouali,Algeria,CAF,2,R._Charleroi_S.C.,Charleroi,2022–2025,2022,2025,no
Nadhir Benbouali,Algeria,CAF,3,R._Charleroi_S.C.,Zébra Élites,2023–2024,2023,2024,yes
Nadhir Benbouali,Algeria,CAF,4,Gy%C5%91ri_ETO_FC,Győr,2024–2025,2024,2025,yes
Nadhir Benbouali,Algeria,CAF,5,Gy%C5%91ri_ETO_FC,Győr,2025–,2025,,no
Jaouen Hadjam,Algeria,CAF,1,Paris_FC,Paris FC II,2021–2022,2021,2022,no
Jaouen Hadjam,Algeria,CAF,2,Paris_FC,Paris FC,2020–2023,2020,2023,no
Jaouen Hadjam,Algeria,CAF,3,FC_Nantes,Nantes,2023–2024,2023,2024,no
Jaouen Hadjam,Algeria,CAF,4,BSC_Young_Boys,Young Boys,2024–,2024,,no
Hicham Boudaoui,Algeria,CAF,1,Paradou_AC,Paradou AC,2018–2019,2018,2019,no
Hicham Boudaoui,Algeria,CAF,2,OGC_Nice,Nice,2019–,2019,,no
Hicham Boudaoui,Algeria,CAF,3,OGC_Nice,Nice II,2019,2019,2019,no
Rayan Aït-Nouri,Algeria,CAF,1,Angers_SCO,Angers II,2018–2019,2018,2019,no
Rayan Aït-Nouri,Algeria,CAF,2,Angers_SCO,Angers,2018–2021,2018,2021,no
Rayan Aït-Nouri,Algeria,CAF,3,Wolverhampton_Wanderers_F.C.,Wolverhampton Wanderers,2020–2021,2020,2021,yes
Rayan Aït-Nouri,Algeria,CAF,4,Wolverhampton_Wanderers_F.C.,Wolverhampton Wanderers,2021–2025,2021,2025,no
Rayan Aït-Nouri,Algeria,CAF,5,Manchester_City_F.C.,Manchester City,2025–,2025,,no
Oussama Benbot,Algeria,CAF,1,US_Chaouia,US Chaouia,2014–2016,2014,2016,no
Oussama Benbot,Algeria,CAF,2,USM_Bel_Abb%C3%A8s,USM Bel Abbès,2016,2016,2016,no
Oussama Benbot,Algeria,CAF,3,DRB_Tadjenanet,DRB Tadjenanet,2017,2017,2017,no
Oussama Benbot,Algeria,CAF,4,AS_A%C3%AFn_M%27lila,AS Aïn M'lila,2017–2018,2017,2018,no
Oussama Benbot,Algeria,CAF,5,JS_Kabylie,JS Kabylie,2018–2021,2018,2021,no
Oussama Benbot,Algeria,CAF,6,USM_Alger,USM Alger,2021–,2021,,no
Rafik Belghali,Algeria,CAF,1,Lommel_S.K.,Lommel,2020–2023,2020,2023,no
Rafik Belghali,Algeria,CAF,2,K.V._Mechelen,Mechelen,2023–2025,2023,2025,no
Rafik Belghali,Algeria,CAF,3,Hellas_Verona_FC,Hellas Verona,2025–,2025,,no
Mohamed Amoura,Algeria,CAF,1,ES_S%C3%A9tif,ES Sétif,2020–2021,2020,2021,no
Mohamed Amoura,Algeria,CAF,2,FC_Lugano,Lugano,2021–2023,2021,2023,no
Mohamed Amoura,Algeria,CAF,3,Royale_Union_Saint-Gilloise,Union SG,2023–2025,2023,2025,no
Mohamed Amoura,Algeria,CAF,4,VfL_Wolfsburg,VfL Wolfsburg,2024–2025,2024,2025,yes
Mohamed Amoura,Algeria,CAF,5,VfL_Wolfsburg,VfL Wolfsburg,2025–,2025,,no
Nabil Bentaleb,Algeria,CAF,1,Tottenham_Hotspur_F.C.,Tottenham Hotspur,2013–2017,2013,2017,no
Nabil Bentaleb,Algeria,CAF,2,FC_Schalke_04,Schalke 04,2016–2017,2016,2017,yes
Nabil Bentaleb,Algeria,CAF,3,FC_Schalke_04,Schalke 04,2017–2021,2017,2021,no
Nabil Bentaleb,Algeria,CAF,4,FC_Schalke_04_II,Schalke 04 II,2019,2019,2019,no
Nabil Bentaleb,Algeria,CAF,5,Newcastle_United_F.C.,Newcastle United,2020,2020,2020,yes
Nabil Bentaleb,Algeria,CAF,6,Angers_SCO,Angers,2022–2023,2022,2023,no
Nabil Bentaleb,Algeria,CAF,7,Lille_OSC,Lille,2023–,2023,,no
Adil Boulbina,Algeria,CAF,1,Paradou_AC,Paradou,2020–2025,2020,2025,no
Adil Boulbina,Algeria,CAF,2,Al-Duhail_SC,Al Duhail,2025–,2025,,no
Ramy Bensebaini,Algeria,CAF,1,Paradou_AC,Paradou AC,2013–2016,2013,2016,no
Ramy Bensebaini,Algeria,CAF,2,Lierse_S.K._(1906),Lierse,2014–2015,2014,2015,yes
Ramy Bensebaini,Algeria,CAF,3,Montpellier_HSC,Montpellier,2015–2016,2015,2016,yes
Ramy Bensebaini,Algeria,CAF,4,Stade_Rennais_F.C.,Rennes,2016–2019,2016,2019,no
Ramy Bensebaini,Algeria,CAF,5,Borussia_M%C3%B6nchengladbach,Borussia Mönchengladbach,2019–2023,2019,2023,no
Ramy Bensebaini,Algeria,CAF,6,Borussia_Dortmund,Borussia Dortmund,2023–,2023,,no
Ibrahim Maza,Algeria,CAF,1,Hertha_BSC_II,Hertha BSC II,2022–2024,2022,2024,no
Ibrahim Maza,Algeria,CAF,2,Hertha_BSC,Hertha BSC,2023–2025,2023,2025,no
Ibrahim Maza,Algeria,CAF,3,Bayer_04_Leverkusen,Bayer Leverkusen,2025–,2025,,no
Luca Zidane,Algeria,CAF,1,Real_Madrid_Castilla,Real Madrid B,2016–2019,2016,2019,no
Luca Zidane,Algeria,CAF,2,Real_Madrid_CF,Real Madrid,2017–2020,2017,2020,no
Luca Zidane,Algeria,CAF,3,Racing_Santander,Racing Santander,2019–2020,2019,2020,yes
Luca Zidane,Algeria,CAF,4,Rayo_Vallecano,Rayo Vallecano,2020–2022,2020,2022,no
Luca Zidane,Algeria,CAF,5,SD_Eibar,Eibar,2022–2024,2022,2024,no
Luca Zidane,Algeria,CAF,6,Granada_CF,Granada,2024–,2024,,no
Yacine Titraoui,Algeria,CAF,1,Paradou_AC,Paradou AC,2021–2024,2021,2024,no
Yacine Titraoui,Algeria,CAF,2,Royal_Charleroi_S.C.,Charleroi,2024–,2024,,no
Farès Ghedjemis,Algeria,CAF,1,Le_Havre_AC,Le Havre B,2021–2022,2021,2022,no
Farès Ghedjemis,Algeria,CAF,2,%C3%89vreux_FC_27,Évreux,2022–2023,2022,2023,no
Farès Ghedjemis,Algeria,CAF,3,Vannes_OC,Vannes,2023,2023,2023,no
Farès Ghedjemis,Algeria,CAF,4,FC_Rouen,Rouen,2023,2023,2023,no
Farès Ghedjemis,Algeria,CAF,5,Frosinone_Calcio,Frosinone,2024–,2024,,no
Samir Chergui,Algeria,CAF,1,AJ_Auxerre,Auxerre B,2016–2020,2016,2020,no
Samir Chergui,Algeria,CAF,2,Paris_FC,Paris FC B,2020–,2020,,no
Juan Musso,Argentina,CONMEBOL,1,Racing_Club_de_Avellaneda,Racing Club,2016–2018,2016,2018,no
Juan Musso,Argentina,CONMEBOL,2,Udinese_Calcio,Udinese,2018–2021,2018,2021,no
Juan Musso,Argentina,CONMEBOL,3,Atalanta_BC,Atalanta,2021–2025,2021,2025,no
Juan Musso,Argentina,CONMEBOL,4,Atl%C3%A9tico_Madrid,Atlético Madrid,2024–2025,2024,2025,yes
Juan Musso,Argentina,CONMEBOL,5,Atl%C3%A9tico_Madrid,Atlético Madrid,2025–,2025,,no
Marcos Senesi,Argentina,CONMEBOL,1,San_Lorenzo_de_Almagro,San Lorenzo,2016–2019,2016,2019,no
Marcos Senesi,Argentina,CONMEBOL,2,Feyenoord,Feyenoord,2019–2022,2019,2022,no
Marcos Senesi,Argentina,CONMEBOL,3,AFC_Bournemouth,Bournemouth,2022–2026,2022,2026,no
Nicolás Tagliafico,Argentina,CONMEBOL,1,Club_Atl%C3%A9tico_Banfield,Banfield,2010–2015,2010,2015,no
Nicolás Tagliafico,Argentina,CONMEBOL,2,Real_Murcia,Real Murcia,2012–2013,2012,2013,yes
Nicolás Tagliafico,Argentina,CONMEBOL,3,Club_Atl%C3%A9tico_Independiente,Independiente,2015–2018,2015,2018,no
Nicolás Tagliafico,Argentina,CONMEBOL,4,AFC_Ajax,Ajax,2018–2022,2018,2022,no
Nicolás Tagliafico,Argentina,CONMEBOL,5,Olympique_Lyonnais,Lyon,2022–,2022,,no
Gonzalo Montiel,Argentina,CONMEBOL,1,Club_Atl%C3%A9tico_River_Plate,River Plate,2016–2021,2016,2021,no
Gonzalo Montiel,Argentina,CONMEBOL,2,Sevilla_FC,Sevilla,2021–2025,2021,2025,no
Gonzalo Montiel,Argentina,CONMEBOL,3,Nottingham_Forest_F.C.,Nottingham Forest,2023–2024,2023,2024,yes
Gonzalo Montiel,Argentina,CONMEBOL,4,Club_Atl%C3%A9tico_River_Plate,River Plate,2025–,2025,,no
Leandro Paredes,Argentina,CONMEBOL,1,Boca_Juniors,Boca Juniors,2010–2015,2010,2015,no
Leandro Paredes,Argentina,CONMEBOL,2,AC_ChievoVerona,Chievo,2014,2014,2014,yes
Leandro Paredes,Argentina,CONMEBOL,3,AS_Roma,Roma,2014–2015,2014,2015,yes
Leandro Paredes,Argentina,CONMEBOL,4,AS_Roma,Roma,2015–2017,2015,2017,no
Leandro Paredes,Argentina,CONMEBOL,5,Empoli_FC,Empoli,2015–2016,2015,2016,yes
Leandro Paredes,Argentina,CONMEBOL,6,FC_Zenit_Saint_Petersburg,Zenit Saint Petersburg,2017–2019,2017,2019,no
Leandro Paredes,Argentina,CONMEBOL,7,Paris_Saint-Germain_F.C.,Paris Saint-Germain,2019–2023,2019,2023,no
Leandro Paredes,Argentina,CONMEBOL,8,Juventus_FC,Juventus,2022–2023,2022,2023,yes
Leandro Paredes,Argentina,CONMEBOL,9,AS_Roma,Roma,2023–2025,2023,2025,no
Leandro Paredes,Argentina,CONMEBOL,10,Boca_Juniors,Boca Juniors,2025–,2025,,no
Lisandro Martínez,Argentina,CONMEBOL,1,Newell%27s_Old_Boys,Newell's Old Boys,2017–2018,2017,2018,no
Lisandro Martínez,Argentina,CONMEBOL,2,Defensa_y_Justicia,Defensa y Justicia,2017–2018,2017,2018,yes
Lisandro Martínez,Argentina,CONMEBOL,3,Defensa_y_Justicia,Defensa y Justicia,2018–2019,2018,2019,no
Lisandro Martínez,Argentina,CONMEBOL,4,AFC_Ajax,Ajax,2019–2022,2019,2022,no
Lisandro Martínez,Argentina,CONMEBOL,5,Manchester_United_F.C.,Manchester United,2022–,2022,,no
Rodrigo De Paul,Argentina,CONMEBOL,1,Racing_Club_de_Avellaneda,Racing Club,2012–2014,2012,2014,no
Rodrigo De Paul,Argentina,CONMEBOL,2,Valencia_CF,Valencia,2014–2016,2014,2016,no
Rodrigo De Paul,Argentina,CONMEBOL,3,Racing_Club_de_Avellaneda,Racing Club,2016,2016,2016,yes
Rodrigo De Paul,Argentina,CONMEBOL,4,Udinese_Calcio,Udinese,2016–2021,2016,2021,no
Rodrigo De Paul,Argentina,CONMEBOL,5,Atl%C3%A9tico_Madrid,Atlético Madrid,2021–2025,2021,2025,no
Rodrigo De Paul,Argentina,CONMEBOL,6,Inter_Miami_CF,Inter Miami,2025,2025,2025,yes
Rodrigo De Paul,Argentina,CONMEBOL,7,Inter_Miami_CF,Inter Miami,2026–,2026,,no
Valentín Barco,Argentina,CONMEBOL,1,Boca_Juniors,Boca Juniors,2021–2024,2021,2024,no
Valentín Barco,Argentina,CONMEBOL,2,Brighton_%26_Hove_Albion_F.C.,Brighton & Hove Albion,2024–2025,2024,2025,no
Valentín Barco,Argentina,CONMEBOL,3,Sevilla_FC,Sevilla,2024–2025,2024,2025,yes
Valentín Barco,Argentina,CONMEBOL,4,RC_Strasbourg_Alsace,Strasbourg,2025,2025,2025,yes
Valentín Barco,Argentina,CONMEBOL,5,RC_Strasbourg_Alsace,Strasbourg,2025–,2025,,no
Julián Alvarez,Argentina,CONMEBOL,1,Club_Atl%C3%A9tico_River_Plate,River Plate,2018–2022,2018,2022,no
Julián Alvarez,Argentina,CONMEBOL,2,Manchester_City_F.C.,Manchester City,2022–2024,2022,2024,no
Julián Alvarez,Argentina,CONMEBOL,3,Club_Atl%C3%A9tico_River_Plate,River Plate,2022,2022,2022,yes
Julián Alvarez,Argentina,CONMEBOL,4,Atl%C3%A9tico_Madrid,Atlético Madrid,2024–,2024,,no
Lionel Messi,Argentina,CONMEBOL,1,FC_Barcelona_C,Barcelona C,2003–2004,2003,2004,no
Lionel Messi,Argentina,CONMEBOL,2,FC_Barcelona_B,Barcelona B,2004–2005,2004,2005,no
Lionel Messi,Argentina,CONMEBOL,3,FC_Barcelona,Barcelona,2004–2021,2004,2021,no
Lionel Messi,Argentina,CONMEBOL,4,Paris_Saint-Germain_FC,Paris Saint-Germain,2021–2023,2021,2023,no
Lionel Messi,Argentina,CONMEBOL,5,Inter_Miami_CF,Inter Miami,2023–,2023,,no
Giovani Lo Celso,Argentina,CONMEBOL,1,Rosario_Central,Rosario Central,2015–2016,2015,2016,no
Giovani Lo Celso,Argentina,CONMEBOL,2,Paris_Saint-Germain_F.C.,Paris Saint-Germain,2016–2019,2016,2019,no
Giovani Lo Celso,Argentina,CONMEBOL,3,Rosario_Central,Rosario Central,2016,2016,2016,yes
Giovani Lo Celso,Argentina,CONMEBOL,4,Real_Betis,Betis,2018–2019,2018,2019,yes
Giovani Lo Celso,Argentina,CONMEBOL,5,Real_Betis,Betis,2019–2020,2019,2020,no
Giovani Lo Celso,Argentina,CONMEBOL,6,Tottenham_Hotspur_F.C.,Tottenham Hotspur,2019–2020,2019,2020,yes
Giovani Lo Celso,Argentina,CONMEBOL,7,Tottenham_Hotspur_F.C.,Tottenham Hotspur,2020–2024,2020,2024,no
Giovani Lo Celso,Argentina,CONMEBOL,8,Villarreal_CF,Villarreal,2022–2023,2022,2023,yes
Giovani Lo Celso,Argentina,CONMEBOL,9,Real_Betis,Betis,2024–,2024,,no
Gerónimo Rulli,Argentina,CONMEBOL,1,Estudiantes_de_La_Plata,Estudiantes,2011–2014,2011,2014,no
Gerónimo Rulli,Argentina,CONMEBOL,2,Deportivo_Maldonado,Deportivo Maldonado,2014–2016,2014,2016,no
Gerónimo Rulli,Argentina,CONMEBOL,3,Real_Sociedad,Real Sociedad,2014–2016,2014,2016,yes
Gerónimo Rulli,Argentina,CONMEBOL,4,Manchester_City,Manchester City,2016–2017,2016,2017,no
Gerónimo Rulli,Argentina,CONMEBOL,5,Real_Sociedad,Real Sociedad,2016–2017,2016,2017,yes
Gerónimo Rulli,Argentina,CONMEBOL,6,Real_Sociedad,Real Sociedad,2017–2020,2017,2020,no
Gerónimo Rulli,Argentina,CONMEBOL,7,Montpellier_HSC,Montpellier,2019–2020,2019,2020,yes
Gerónimo Rulli,Argentina,CONMEBOL,8,Villarreal_CF,Villarreal,2020–2023,2020,2023,no
Gerónimo Rulli,Argentina,CONMEBOL,9,AFC_Ajax,Ajax,2023–2024,2023,2024,no
Gerónimo Rulli,Argentina,CONMEBOL,10,Jong_Ajax,Jong Ajax,2024,2024,2024,no
Gerónimo Rulli,Argentina,CONMEBOL,11,Olympique_de_Marseille,Marseille,2024–,2024,,no
Cristian Romero,Argentina,CONMEBOL,1,Club_Atl%C3%A9tico_Belgrano,Belgrano,2016–2018,2016,2018,no
Cristian Romero,Argentina,CONMEBOL,2,Genoa_CFC,Genoa,2018–2019,2018,2019,no
Cristian Romero,Argentina,CONMEBOL,3,Juventus_FC,Juventus,2019–2021,2019,2021,no
Cristian Romero,Argentina,CONMEBOL,4,Genoa_CFC,Genoa,2019–2020,2019,2020,yes
Cristian Romero,Argentina,CONMEBOL,5,Atalanta_BC,Atalanta,2020–2021,2020,2021,yes
Cristian Romero,Argentina,CONMEBOL,6,Atalanta_BC,Atalanta,2021–2022,2021,2022,no
Cristian Romero,Argentina,CONMEBOL,7,Tottenham_Hotspur_F.C.,Tottenham Hotspur,2021–2022,2021,2022,yes
Cristian Romero,Argentina,CONMEBOL,8,Tottenham_Hotspur_F.C.,Tottenham Hotspur,2022–,2022,,no
Exequiel Palacios,Argentina,CONMEBOL,1,Club_Atl%C3%A9tico_River_Plate,River Plate,2015–2020,2015,2020,no
Exequiel Palacios,Argentina,CONMEBOL,2,Bayer_04_Leverkusen,Bayer Leverkusen,2020–,2020,,no
Nicolás González,Argentina,CONMEBOL,1,Argentinos_Juniors,Argentinos Juniors,2016–2018,2016,2018,no
Nicolás González,Argentina,CONMEBOL,2,VfB_Stuttgart,VfB Stuttgart,2018–2021,2018,2021,no
Nicolás González,Argentina,CONMEBOL,3,ACF_Fiorentina,Fiorentina,2021–2025,2021,2025,no
Nicolás González,Argentina,CONMEBOL,4,Juventus_FC,Juventus,2024–2025,2024,2025,yes
Nicolás González,Argentina,CONMEBOL,5,Juventus_FC,Juventus,2025–,2025,,no
Nicolás González,Argentina,CONMEBOL,6,Atl%C3%A9tico_Madrid,Atlético Madrid,2025–,2025,,yes
Thiago Almada,Argentina,CONMEBOL,1,Club_Atl%C3%A9tico_V%C3%A9lez_Sarsfield,Vélez Sarsfield,2018–2022,2018,2022,no
Thiago Almada,Argentina,CONMEBOL,2,Atlanta_United_FC,Atlanta United,2022–2024,2022,2024,no
Thiago Almada,Argentina,CONMEBOL,3,Botafogo_FR,Botafogo,2024–2025,2024,2025,no
Thiago Almada,Argentina,CONMEBOL,4,Olympique_Lyonnais,Lyon,2025,2025,2025,yes
Thiago Almada,Argentina,CONMEBOL,5,Atl%C3%A9tico_Madrid,Atlético Madrid,2025–,2025,,no
Giuliano Simeone,Argentina,CONMEBOL,1,Atl%C3%A9tico_Madrid_B,Atlético Madrid B,2021–2022,2021,2022,no
Giuliano Simeone,Argentina,CONMEBOL,2,Atl%C3%A9tico_Madrid,Atlético Madrid,2022–,2022,,no
Giuliano Simeone,Argentina,CONMEBOL,3,Real_Zaragoza,Zaragoza,2022–2023,2022,2023,yes
Giuliano Simeone,Argentina,CONMEBOL,4,Deportivo_Alav%C3%A9s,Alavés,2023–2024,2023,2024,yes
Nico Paz,Argentina,CONMEBOL,1,Real_Madrid_Castilla,Real Madrid B,2022–2024,2022,2024,no
Nico Paz,Argentina,CONMEBOL,2,Real_Madrid_CF,Real Madrid,2023–2024,2023,2024,no
Nico Paz,Argentina,CONMEBOL,3,Como_1907,Como,2024–,2024,,no
Nicolás Otamendi,Argentina,CONMEBOL,1,Club_Atl%C3%A9tico_V%C3%A9lez_Sarsfield,Vélez Sarsfield,2007–2010,2007,2010,no
Nicolás Otamendi,Argentina,CONMEBOL,2,FC_Porto,Porto,2010–2014,2010,2014,no
Nicolás Otamendi,Argentina,CONMEBOL,3,Valencia_CF,Valencia,2014–2015,2014,2015,no
Nicolás Otamendi,Argentina,CONMEBOL,4,Clube_Atl%C3%A9tico_Mineiro,Atlético Mineiro,2014,2014,2014,yes
Nicolás Otamendi,Argentina,CONMEBOL,5,Manchester_City_F.C.,Manchester City,2015–2020,2015,2020,no
Nicolás Otamendi,Argentina,CONMEBOL,6,S.L._Benfica,Benfica,2020–2026,2020,2026,no
Alexis Mac Allister,Argentina,CONMEBOL,1,Argentinos_Juniors,Argentinos Juniors,2016–2019,2016,2019,no
Alexis Mac Allister,Argentina,CONMEBOL,2,Brighton_%26_Hove_Albion_F.C.,Brighton & Hove Albion,2019–2023,2019,2023,no
Alexis Mac Allister,Argentina,CONMEBOL,3,Argentinos_Juniors,Argentinos Juniors,2019,2019,2019,yes
Alexis Mac Allister,Argentina,CONMEBOL,4,Boca_Juniors,Boca Juniors,2019–2020,2019,2020,yes
Alexis Mac Allister,Argentina,CONMEBOL,5,Liverpool_F.C.,Liverpool,2023–,2023,,no
José Manuel López,Argentina,CONMEBOL,1,Club_Atl%C3%A9tico_Lan%C3%BAs,Lanús,2019–2022,2019,2022,no
José Manuel López,Argentina,CONMEBOL,2,SE_Palmeiras,Palmeiras,2022–,2022,,no
Lautaro Martínez,Argentina,CONMEBOL,1,Racing_Club_de_Avellaneda,Racing Club,2015–2018,2015,2018,no
Lautaro Martínez,Argentina,CONMEBOL,2,Inter_Milan,Inter Milan,2018–,2018,,no
Emiliano Martínez,Argentina,CONMEBOL,1,Arsenal_F.C.,Arsenal,2012–2020,2012,2020,no
Emiliano Martínez,Argentina,CONMEBOL,2,Oxford_United_F.C.,Oxford United,2012,2012,2012,yes
Emiliano Martínez,Argentina,CONMEBOL,3,Sheffield_Wednesday_F.C.,Sheffield Wednesday,2013–2014,2013,2014,yes
Emiliano Martínez,Argentina,CONMEBOL,4,Rotherham_United_F.C.,Rotherham United,2015,2015,2015,yes
Emiliano Martínez,Argentina,CONMEBOL,5,Wolverhampton_Wanderers_F.C.,Wolverhampton Wanderers,2015–2016,2015,2016,yes
Emiliano Martínez,Argentina,CONMEBOL,6,Getafe_CF,Getafe,2017–2018,2017,2018,yes
Emiliano Martínez,Argentina,CONMEBOL,7,Reading_F.C.,Reading,2019,2019,2019,yes
Emiliano Martínez,Argentina,CONMEBOL,8,Aston_Villa_F.C.,Aston Villa,2020–,2020,,no
Enzo Fernández,Argentina,CONMEBOL,1,Club_Atl%C3%A9tico_River_Plate,River Plate,2019–2022,2019,2022,no
Enzo Fernández,Argentina,CONMEBOL,2,Defensa_y_Justicia,Defensa y Justicia,2020–2021,2020,2021,yes
Enzo Fernández,Argentina,CONMEBOL,3,S.L._Benfica,Benfica,2022–2023,2022,2023,no
Enzo Fernández,Argentina,CONMEBOL,4,Chelsea_F.C.,Chelsea,2023–,2023,,no
Facundo Medina,Argentina,CONMEBOL,1,Talleres_de_C%C3%B3rdoba,Talleres,2018–2020,2018,2020,no
Facundo Medina,Argentina,CONMEBOL,2,RC_Lens,Lens,2020–,2020,,no
Facundo Medina,Argentina,CONMEBOL,3,Olympique_de_Marseille,Marseille,2025–,2025,,yes
Nahuel Molina,Argentina,CONMEBOL,1,Boca_Juniors,Boca Juniors,2016–2020,2016,2020,no
Nahuel Molina,Argentina,CONMEBOL,2,Defensa_y_Justicia,Defensa y Justicia,2018,2018,2018,yes
Nahuel Molina,Argentina,CONMEBOL,3,Rosario_Central,Rosario Central,2019,2019,2019,yes
Nahuel Molina,Argentina,CONMEBOL,4,Udinese_Calcio,Udinese,2020–2022,2020,2022,no
Nahuel Molina,Argentina,CONMEBOL,5,Atl%C3%A9tico_Madrid,Atlético Madrid,2022–,2022,,no
Alexander Schlager,Austria,UEFA,1,FC_Red_Bull_Salzburg,Red Bull Salzburg,2012–2015,2012,2015,no
Alexander Schlager,Austria,UEFA,2,FC_Liefering,FC Liefering,2012–2017,2012,2017,no
Alexander Schlager,Austria,UEFA,3,RB_Leipzig,RB Leipzig,2014–2015,2014,2015,yes
Alexander Schlager,Austria,UEFA,4,SV_Gr%C3%B6dig,SV Grödig,2015–2016,2015,2016,yes
Alexander Schlager,Austria,UEFA,5,Floridsdorfer_AC,Floridsdorfer AC,2016–2017,2016,2017,yes
Alexander Schlager,Austria,UEFA,6,LASK,LASK,2017–2023,2017,2023,no
Alexander Schlager,Austria,UEFA,7,FC_Red_Bull_Salzburg,Red Bull Salzburg,2023–,2023,,no
David Affengruber,Austria,UEFA,1,FC_Liefering,FC Liefering,2019–2021,2019,2021,no
David Affengruber,Austria,UEFA,2,FC_Red_Bull_Salzburg,Red Bull Salzburg,2021,2021,2021,no
David Affengruber,Austria,UEFA,3,SK_Sturm_Graz,Sturm Graz,2021–2024,2021,2024,no
David Affengruber,Austria,UEFA,4,Elche_CF,Elche,2024–,2024,,no
Kevin Danso,Austria,UEFA,1,FC_Augsburg_II,FC Augsburg II,2016–2018,2016,2018,no
Kevin Danso,Austria,UEFA,2,FC_Augsburg,FC Augsburg,2017–2021,2017,2021,no
Kevin Danso,Austria,UEFA,3,Southampton_F.C.,Southampton,2019–2020,2019,2020,yes
Kevin Danso,Austria,UEFA,4,Fortuna_D%C3%BCsseldorf,Fortuna Düsseldorf,2020–2021,2020,2021,yes
Kevin Danso,Austria,UEFA,5,RC_Lens,Lens,2021–2025,2021,2025,no
Kevin Danso,Austria,UEFA,6,Tottenham_Hotspur_F.C.,Tottenham Hotspur,2025,2025,2025,yes
Kevin Danso,Austria,UEFA,7,Tottenham_Hotspur_F.C.,Tottenham Hotspur,2025–,2025,,no
Xaver Schlager,Austria,UEFA,1,FC_Liefering,Liefering,2015–2017,2015,2017,no
Xaver Schlager,Austria,UEFA,2,FC_Red_Bull_Salzburg,Red Bull Salzburg,2016–2019,2016,2019,no
Xaver Schlager,Austria,UEFA,3,VfL_Wolfsburg,VfL Wolfsburg,2019–2022,2019,2022,no
Xaver Schlager,Austria,UEFA,4,RB_Leipzig,RB Leipzig,2022–,2022,,no
Stefan Posch,Austria,UEFA,1,FC_Admira_Wacker_M%C3%B6dling_Amateure,Admira Wacker Amateure,2014–2015,2014,2015,no
Stefan Posch,Austria,UEFA,2,TSG_1899_Hoffenheim_II,TSG Hoffenheim II,2016–2018,2016,2018,no
Stefan Posch,Austria,UEFA,3,TSG_1899_Hoffenheim,TSG Hoffenheim,2017–2023,2017,2023,no
Stefan Posch,Austria,UEFA,4,Bologna_FC_1909,Bologna,2022–2023,2022,2023,yes
Stefan Posch,Austria,UEFA,5,Bologna_FC_1909,Bologna,2023–2026,2023,2026,no
Stefan Posch,Austria,UEFA,6,Atalanta_BC,Atalanta,2025,2025,2025,yes
Stefan Posch,Austria,UEFA,7,Como_1907,Como,2025–2026,2025,2026,yes
Stefan Posch,Austria,UEFA,8,Como_1907,Como,2026–,2026,,no
Stefan Posch,Austria,UEFA,9,1._FSV_Mainz_05,Mainz 05,2026–,2026,,yes
Nicolas Seiwald,Austria,UEFA,1,FC_Liefering,FC Liefering,2019–2020,2019,2020,no
Nicolas Seiwald,Austria,UEFA,2,FC_Red_Bull_Salzburg,Red Bull Salzburg,2020–2023,2020,2023,no
Nicolas Seiwald,Austria,UEFA,3,RB_Leipzig,RB Leipzig,2023–,2023,,no
Marko Arnautović,Austria,UEFA,1,FC_Twente,Twente,2007–2010,2007,2010,no
Marko Arnautović,Austria,UEFA,2,Inter_Milan,Inter Milan,2009–2010,2009,2010,yes
Marko Arnautović,Austria,UEFA,3,SV_Werder_Bremen,Werder Bremen,2010–2013,2010,2013,no
Marko Arnautović,Austria,UEFA,4,Stoke_City_F.C.,Stoke City,2013–2017,2013,2017,no
Marko Arnautović,Austria,UEFA,5,West_Ham_United_F.C.,West Ham United,2017–2019,2017,2019,no
Marko Arnautović,Austria,UEFA,6,Shanghai_Port_F.C.,Shanghai SIPG,2019–2021,2019,2021,no
Marko Arnautović,Austria,UEFA,7,Bologna_FC_1909,Bologna,2021–2024,2021,2024,no
Marko Arnautović,Austria,UEFA,8,Inter_Milan,Inter Milan,2023–2024,2023,2024,yes
Marko Arnautović,Austria,UEFA,9,Inter_Milan,Inter Milan,2024–2025,2024,2025,no
Marko Arnautović,Austria,UEFA,10,Red_Star_Belgrade,Red Star Belgrade,2025–,2025,,no
David Alaba,Austria,UEFA,1,FK_Austria_Wien_II,Austria Wien II,2007–2008,2007,2008,no
David Alaba,Austria,UEFA,2,FC_Bayern_Munich_II,Bayern Munich II,2009–2010,2009,2010,no
David Alaba,Austria,UEFA,3,FC_Bayern_Munich,Bayern Munich,2010–2021,2010,2021,no
David Alaba,Austria,UEFA,4,TSG_1899_Hoffenheim,TSG Hoffenheim,2011,2011,2011,yes
David Alaba,Austria,UEFA,5,Real_Madrid_CF,Real Madrid,2021–,2021,,no
Marcel Sabitzer,Austria,UEFA,1,FC_Admira_Wacker_M%C3%B6dling,Admira Wacker II,2010–2011,2010,2011,no
Marcel Sabitzer,Austria,UEFA,2,FC_Admira_Wacker_M%C3%B6dling,Admira Wacker,2010–2013,2010,2013,no
Marcel Sabitzer,Austria,UEFA,3,SK_Rapid_Wien,Rapid Wien,2013–2014,2013,2014,no
Marcel Sabitzer,Austria,UEFA,4,RB_Leipzig,RB Leipzig,2014–2021,2014,2021,no
Marcel Sabitzer,Austria,UEFA,5,FC_Red_Bull_Salzburg,Red Bull Salzburg,2014–2015,2014,2015,yes
Marcel Sabitzer,Austria,UEFA,6,FC_Bayern_Munich,Bayern Munich,2021–2023,2021,2023,no
Marcel Sabitzer,Austria,UEFA,7,Manchester_United_F.C.,Manchester United,2023,2023,2023,yes
Marcel Sabitzer,Austria,UEFA,8,Borussia_Dortmund,Borussia Dortmund,2023–,2023,,no
Florian Grillitsch,Austria,UEFA,1,SV_Werder_Bremen_II,Werder Bremen II,2013–2015,2013,2015,no
Florian Grillitsch,Austria,UEFA,2,SV_Werder_Bremen,Werder Bremen,2015–2017,2015,2017,no
Florian Grillitsch,Austria,UEFA,3,TSG_1899_Hoffenheim,TSG Hoffenheim,2017–2022,2017,2022,no
Florian Grillitsch,Austria,UEFA,4,AFC_Ajax,Ajax,2022–2023,2022,2023,no
Florian Grillitsch,Austria,UEFA,5,TSG_1899_Hoffenheim,TSG Hoffenheim,2023–2025,2023,2025,no
Florian Grillitsch,Austria,UEFA,6,Real_Valladolid,Valladolid,2025,2025,2025,yes
Florian Grillitsch,Austria,UEFA,7,SC_Braga,Braga,2025–,2025,,no
Michael Gregoritsch,Austria,UEFA,1,Kapfenberger_SV,Kapfenberger SV II,2009–2011,2009,2011,no
Michael Gregoritsch,Austria,UEFA,2,Kapfenberger_SV,Kapfenberger SV,2010–2011,2010,2011,no
Michael Gregoritsch,Austria,UEFA,3,TSG_1899_Hoffenheim,TSG Hoffenheim,2011–2015,2011,2015,no
Michael Gregoritsch,Austria,UEFA,4,Kapfenberger_SV,Kapfenberger SV II,2011–2012,2011,2012,yes
Michael Gregoritsch,Austria,UEFA,5,TSG_1899_Hoffenheim_II,TSG Hoffenheim II,2012–2013,2012,2013,no
Michael Gregoritsch,Austria,UEFA,6,FC_St._Pauli_II,FC St. Pauli II,2013–2014,2013,2014,yes
Michael Gregoritsch,Austria,UEFA,7,FC_St._Pauli,FC St. Pauli,2013–2014,2013,2014,yes
Michael Gregoritsch,Austria,UEFA,8,VfL_Bochum,VfL Bochum,2014–2015,2014,2015,yes
Michael Gregoritsch,Austria,UEFA,9,VfL_Bochum,VfL Bochum,2015,2015,2015,no
Michael Gregoritsch,Austria,UEFA,10,Hamburger_SV,Hamburger SV,2015–2017,2015,2017,no
Michael Gregoritsch,Austria,UEFA,11,FC_Augsburg,FC Augsburg,2017–2022,2017,2022,no
Michael Gregoritsch,Austria,UEFA,12,FC_Schalke_04,Schalke 04,2019–2020,2019,2020,yes
Michael Gregoritsch,Austria,UEFA,13,FC_Augsburg_II,FC Augsburg II,2021,2021,2021,no
Michael Gregoritsch,Austria,UEFA,14,SC_Freiburg,SC Freiburg,2022–2025,2022,2025,no
Michael Gregoritsch,Austria,UEFA,15,Br%C3%B8ndby_IF,Brøndby,2025–2026,2025,2026,no
Michael Gregoritsch,Austria,UEFA,16,FC_Augsburg,FC Augsburg,2026,2026,2026,yes
Michael Gregoritsch,Austria,UEFA,17,FC_Augsburg,FC Augsburg,2026–,2026,,no
Florian Wiegele,Austria,UEFA,1,SK_Sturm_Graz,Sturm Graz II,2017–2019,2017,2019,no
Florian Wiegele,Austria,UEFA,2,DSV_Leoben,DSV Leoben,2023–2024,2023,2024,no
Florian Wiegele,Austria,UEFA,3,FC_Viktoria_Plze%C5%88,Viktoria Plzeň,2024–,2024,,no
Florian Wiegele,Austria,UEFA,4,Grazer_AK,Grazer AK,2025,2025,2025,yes
Patrick Pentz,Austria,UEFA,1,FK_Austria_Wien,Austria Wien II,2013–2017,2013,2017,no
Patrick Pentz,Austria,UEFA,2,FK_Austria_Wien,Austria Wien,2016–2022,2016,2022,no
Patrick Pentz,Austria,UEFA,3,Stade_de_Reims,Reims,2022–2023,2022,2023,no
Patrick Pentz,Austria,UEFA,4,Bayer_04_Leverkusen,Bayer Leverkusen,2023–2024,2023,2024,no
Patrick Pentz,Austria,UEFA,5,Br%C3%B8ndby_IF,Brøndby,2023–2024,2023,2024,yes
Patrick Pentz,Austria,UEFA,6,Br%C3%B8ndby_IF,Brøndby,2024–,2024,,no
Saša Kalajdžić,Austria,UEFA,1,FC_Admira_Wacker_M%C3%B6dling,Admira Wacker II,2016–2018,2016,2018,no
Saša Kalajdžić,Austria,UEFA,2,FC_Admira_Wacker_M%C3%B6dling,Admira Wacker,2017–2019,2017,2019,no
Saša Kalajdžić,Austria,UEFA,3,VfB_Stuttgart,VfB Stuttgart,2019–2022,2019,2022,no
Saša Kalajdžić,Austria,UEFA,4,Wolverhampton_Wanderers_F.C.,Wolverhampton Wanderers,2022–,2022,,no
Saša Kalajdžić,Austria,UEFA,5,Eintracht_Frankfurt,Eintracht Frankfurt,2024,2024,2024,yes
Saša Kalajdžić,Austria,UEFA,6,LASK,LASK,2025–,2025,,yes
Philipp Lienhart,Austria,UEFA,1,SK_Rapid_Wien_II,Rapid Wien II,2013–2014,2013,2014,no
Philipp Lienhart,Austria,UEFA,2,Real_Madrid_C,Real Madrid C,2014–2015,2014,2015,yes
Philipp Lienhart,Austria,UEFA,3,Real_Madrid_Castilla,Real Madrid B,2015–2017,2015,2017,no
Philipp Lienhart,Austria,UEFA,4,Real_Madrid_CF,Real Madrid,2015–2018,2015,2018,no
Philipp Lienhart,Austria,UEFA,5,SC_Freiburg,SC Freiburg,2017–2018,2017,2018,yes
Philipp Lienhart,Austria,UEFA,6,SC_Freiburg,SC Freiburg,2018–,2018,,no
Phillipp Mwene,Austria,UEFA,1,VfB_Stuttgart_II,VfB Stuttgart II,2013–2016,2013,2016,no
Phillipp Mwene,Austria,UEFA,2,1._FC_Kaiserslautern,1. FC Kaiserslautern,2016–2018,2016,2018,no
Phillipp Mwene,Austria,UEFA,3,1._FSV_Mainz_05,Mainz 05,2018–2021,2018,2021,no
Phillipp Mwene,Austria,UEFA,4,PSV_Eindhoven,PSV,2021–2023,2021,2023,no
Phillipp Mwene,Austria,UEFA,5,1._FSV_Mainz_05,Mainz 05,2023–,2023,,no
Carney Chukwuemeka,Austria,UEFA,1,Aston_Villa_F.C.,Aston Villa,2021–2022,2021,2022,no
Carney Chukwuemeka,Austria,UEFA,2,Chelsea_F.C.,Chelsea,2022–2025,2022,2025,no
Carney Chukwuemeka,Austria,UEFA,3,Borussia_Dortmund,Borussia Dortmund,2025,2025,2025,yes
Carney Chukwuemeka,Austria,UEFA,4,Borussia_Dortmund,Borussia Dortmund,2025–,2025,,no
Romano Schmid,Austria,UEFA,1,SK_Sturm_Graz,Sturm Graz,2017,2017,2017,no
Romano Schmid,Austria,UEFA,2,FC_Red_Bull_Salzburg,Red Bull Salzburg,2017–2019,2017,2019,no
Romano Schmid,Austria,UEFA,3,FC_Liefering,FC Liefering,2017–2018,2017,2018,yes
Romano Schmid,Austria,UEFA,4,SV_Werder_Bremen,Werder Bremen,2019–,2019,,no
Romano Schmid,Austria,UEFA,5,Wolfsberger_AC,Wolfsberger AC,2019–2020,2019,2020,yes
Dejan Ljubičić,Austria,UEFA,1,SK_Rapid_Wien,Rapid Wien II,2015–2017,2015,2017,no
Dejan Ljubičić,Austria,UEFA,2,SK_Rapid_Wien,Rapid Wien,2017–2021,2017,2021,no
Dejan Ljubičić,Austria,UEFA,3,SC_Wiener_Neustadt,Wiener Neustadt,2017,2017,2017,yes
Dejan Ljubičić,Austria,UEFA,4,1._FC_K%C3%B6ln,1. FC Köln,2021–2025,2021,2025,no
Dejan Ljubičić,Austria,UEFA,5,GNK_Dinamo_Zagreb,Dinamo Zagreb,2025–2026,2025,2026,no
Dejan Ljubičić,Austria,UEFA,6,FC_Schalke_04,Schalke 04,2026–,2026,,no
Konrad Laimer,Austria,UEFA,1,FC_Liefering,FC Liefering,2014–2016,2014,2016,no
Konrad Laimer,Austria,UEFA,2,FC_Red_Bull_Salzburg,Red Bull Salzburg,2014–2017,2014,2017,no
Konrad Laimer,Austria,UEFA,3,RB_Leipzig,RB Leipzig,2017–2023,2017,2023,no
Konrad Laimer,Austria,UEFA,4,FC_Bayern_Munich,Bayern Munich,2023–,2023,,no
Patrick Wimmer,Austria,UEFA,1,FK_Austria_Wien,Austria Wien II,2019,2019,2019,no
Patrick Wimmer,Austria,UEFA,2,FK_Austria_Wien,Austria Wien,2019–2021,2019,2021,no
Patrick Wimmer,Austria,UEFA,3,Arminia_Bielefeld,Arminia Bielefeld,2021–2022,2021,2022,no
Patrick Wimmer,Austria,UEFA,4,VfL_Wolfsburg,VfL Wolfsburg,2022–2026,2022,2026,no
Patrick Wimmer,Austria,UEFA,5,TSG_Hoffenheim,Hoffenheim,2026–,2026,,no
Alexander Prass,Austria,UEFA,1,FC_Liefering,Liefering,2018–2021,2018,2021,no
Alexander Prass,Austria,UEFA,2,SK_Sturm_Graz,Sturm Graz,2021–2024,2021,2024,no
Alexander Prass,Austria,UEFA,3,TSG_1899_Hoffenheim,TSG Hoffenheim,2024–,2024,,no
Marco Friedl,Austria,UEFA,1,FC_Bayern_Munich_II,Bayern Munich II,2015–2017,2015,2017,no
Marco Friedl,Austria,UEFA,2,FC_Bayern_Munich,Bayern Munich,2017–2019,2017,2019,no
Marco Friedl,Austria,UEFA,3,SV_Werder_Bremen,Werder Bremen,2018–2019,2018,2019,yes
Marco Friedl,Austria,UEFA,4,SV_Werder_Bremen_II,Werder Bremen II,2018–2019,2018,2019,yes
Marco Friedl,Austria,UEFA,5,SV_Werder_Bremen,Werder Bremen,2019–,2019,,no
Paul Wanner,Austria,UEFA,1,FC_Bayern_Munich,Bayern Munich,2022–2025,2022,2025,no
Paul Wanner,Austria,UEFA,2,FC_Bayern_Munich_II,Bayern Munich II,2022–2023,2022,2023,yes
Paul Wanner,Austria,UEFA,3,SV_Elversberg,SV Elversberg,2023–2024,2023,2024,yes
Paul Wanner,Austria,UEFA,4,1._FC_Heidenheim,1. FC Heidenheim,2024–2025,2024,2025,yes
Paul Wanner,Austria,UEFA,5,PSV_Eindhoven,PSV,2025–,2025,,no
Michael Svoboda,Austria,UEFA,1,SV_Schwechat,SV Schwechat,2016,2016,2016,no
Michael Svoboda,Austria,UEFA,2,WSG_Swarovski_Tirol,WSG Tirol,2018–2020,2018,2020,no
Michael Svoboda,Austria,UEFA,3,Venezia_F.C.,Venezia,2020–,2020,,no
Alessandro Schöpf,Austria,UEFA,1,FC_Bayern_Munich_II,Bayern Munich II,2012–2014,2012,2014,no
Alessandro Schöpf,Austria,UEFA,2,1._FC_N%C3%BCrnberg,1. FC Nürnberg,2014–2016,2014,2016,no
Alessandro Schöpf,Austria,UEFA,3,FC_Schalke_04,Schalke 04,2016–2021,2016,2021,no
Alessandro Schöpf,Austria,UEFA,4,FC_Schalke_04_II,Schalke 04 II,2017–2019,2017,2019,no
Alessandro Schöpf,Austria,UEFA,5,Arminia_Bielefeld,Arminia Bielefeld,2021–2022,2021,2022,no
Alessandro Schöpf,Austria,UEFA,6,Vancouver_Whitecaps_FC,Vancouver Whitecaps FC,2022–2024,2022,2024,no
Alessandro Schöpf,Austria,UEFA,7,Wolfsberger_AC,Wolfsberger AC,2025–,2025,,no
Yazeed Abulaila,Jordan,AFC,1,Shabab_Al-Ordon,Shabab Al-Ordon,2012–2017,2012,2017,no
Yazeed Abulaila,Jordan,AFC,2,Al-Faisaly_SC_(Amman),Al-Faisaly,2017–2024,2017,2024,no
Yazeed Abulaila,Jordan,AFC,3,Al-Jabalain_FC,Al-Jabalain,2023–2024,2023,2024,yes
Yazeed Abulaila,Jordan,AFC,4,Al-Hussein_SC_(Irbid),Al-Hussein,2024–,2024,,no
Mohammad Abu Hashish,Jordan,AFC,1,Al-Baqa%27a_SC,Al-Baqa'a,2019–2020,2019,2020,no
Mohammad Abu Hashish,Jordan,AFC,2,Al-Salt_SC,Al-Salt,2020–2022,2020,2022,no
Mohammad Abu Hashish,Jordan,AFC,3,Al-Wehdat_SC,Al-Wehdat,2022–2023,2022,2023,no
Mohammad Abu Hashish,Jordan,AFC,4,Al-Zawraa_SC,Al-Zawraa,2023,2023,2023,no
Mohammad Abu Hashish,Jordan,AFC,5,Al_Ahed_FC,Al Ahed,2023–2024,2023,2024,no
Mohammad Abu Hashish,Jordan,AFC,6,Zakho_SC,Zakho,2024–2025,2024,2025,no
Mohammad Abu Hashish,Jordan,AFC,7,Al-Karma_SC,Al-Karma,2025–,2025,,no
Abdallah Nasib,Jordan,AFC,1,That_Ras_SC,That Ras,2016–2017,2016,2017,no
Abdallah Nasib,Jordan,AFC,2,Al-Ramtha_SC,Al-Ramtha,2017–2019,2017,2019,no
Abdallah Nasib,Jordan,AFC,3,Al-Wehdat_SC,Al-Wehdat,2019–2022,2019,2022,no
Abdallah Nasib,Jordan,AFC,4,Al_Ittihad_Alexandria_Club,Al Ittihad,2022–2023,2022,2023,no
Abdallah Nasib,Jordan,AFC,5,Al-Hussein_SC_(Irbid),Al-Hussein,2023–,2023,,no
Abdallah Nasib,Jordan,AFC,6,Al-Zawraa_SC,Al-Zawraa,2025–,2025,,yes
Husam Abu Dahab,Jordan,AFC,1,Al-Faisaly_SC,Al-Faisaly,2019–,2019,,no
Yazan Al-Arab,Jordan,AFC,1,Al-Jazeera_(Amman),Al-Jazeera,2015–2019,2015,2019,no
Yazan Al-Arab,Jordan,AFC,2,Al-Wehdat,Al-Wehdat,2019–2021,2019,2021,no
Yazan Al-Arab,Jordan,AFC,3,Selangor_F.C.,Selangor,2022–2023,2022,2023,no
Yazan Al-Arab,Jordan,AFC,4,Al-Shorta_SC,Al-Shorta,2023–2024,2023,2024,no
Yazan Al-Arab,Jordan,AFC,5,Muaither_SC,Muaither,2024,2024,2024,no
Yazan Al-Arab,Jordan,AFC,6,FC_Seoul,FC Seoul,2024–,2024,,no
Amer Jamous,Jordan,AFC,1,Al-Jazeera_SC_(Amman),Al-Jazeera,2020–2024,2020,2024,no
Amer Jamous,Jordan,AFC,2,Al-Wehdat_SC,Al-Wehdat,2023–2024,2023,2024,yes
Amer Jamous,Jordan,AFC,3,Al-Wehdat_SC,Al-Wehdat,2024–,2024,,no
Amer Jamous,Jordan,AFC,4,Al-Zawraa_SC,Al-Zawraa,2026–,2026,,yes
Mohammad Abu Zrayq,Jordan,AFC,1,Al-Ramtha_SC,Al-Ramtha,2018–2022,2018,2022,no
Mohammad Abu Zrayq,Jordan,AFC,2,Al-Sailiya_SC,Al-Sailiya,2019–2020,2019,2020,yes
Mohammad Abu Zrayq,Jordan,AFC,3,Al_Ahli_SC_(Tripoli),Al Ahli Tripoli,2022,2022,2022,no
Mohammad Abu Zrayq,Jordan,AFC,4,Esp%C3%A9rance_Sportive_de_Tunis,Espérance de Tunis,2022–2023,2022,2023,no
Mohammad Abu Zrayq,Jordan,AFC,5,Al_Wehdat_SC,Al Wehdat,2024,2024,2024,no
Mohammad Abu Zrayq,Jordan,AFC,6,Al-Shorta_SC,Al-Shorta,2024–2025,2024,2025,no
Mohammad Abu Zrayq,Jordan,AFC,7,Al-Hussein_SC_(Irbid),Al-Hussein,2025,2025,2025,no
Mohammad Abu Zrayq,Jordan,AFC,8,Al-Ramtha_SC,Al-Ramtha,2025–2026,2025,2026,no
Mohammad Abu Zrayq,Jordan,AFC,9,Raja_CA,Raja CA,2026–,2026,,no
Noor Al-Rawabdeh,Jordan,AFC,1,Al-Jazeera_Club_(Jordan),Al-Jazeera,2017–2021,2017,2021,no
Noor Al-Rawabdeh,Jordan,AFC,2,Al-Muharraq_SC,Al-Muharraq,2021,2021,2021,no
Noor Al-Rawabdeh,Jordan,AFC,3,Al-Faisaly_SC,Al-Faisaly,2022,2022,2022,no
Noor Al-Rawabdeh,Jordan,AFC,4,Selangor_F.C.,Selangor,2023–,2023,,no
Ali Olwan,Jordan,AFC,1,Al-Jazeera_Club_(Jordan),Al-Jazeera,2018–2022,2018,2022,no
Ali Olwan,Jordan,AFC,2,Al-Shamal_SC,Al-Shamal,2022–2024,2022,2024,no
Ali Olwan,Jordan,AFC,3,Al-Khor_SC,Al-Khor,2024,2024,2024,yes
Ali Olwan,Jordan,AFC,4,Selangor_F.C.,Selangor,2024–2025,2024,2025,no
Ali Olwan,Jordan,AFC,5,Al-Karma_SC,Al-Karma,2025–2026,2025,2026,no
Ali Olwan,Jordan,AFC,6,Al-Sailiya_SC,Al-Sailiya,2026–,2026,,no
Musa Al-Taamari,Jordan,AFC,1,Shabab_Al-Ordon_Club,Shabab Al-Ordon,2016–2018,2016,2018,no
Musa Al-Taamari,Jordan,AFC,2,Al-Jazeera_Club_(Jordan),Al-Jazeera,2017–2018,2017,2018,yes
Musa Al-Taamari,Jordan,AFC,3,APOEL_FC,APOEL,2018–2020,2018,2020,no
Musa Al-Taamari,Jordan,AFC,4,OH_Leuven,OH Leuven,2020–2023,2020,2023,no
Musa Al-Taamari,Jordan,AFC,5,Montpellier_HSC,Montpellier,2023–2025,2023,2025,no
Musa Al-Taamari,Jordan,AFC,6,Stade_Rennais_FC,Rennes,2025–,2025,,no
Odeh Al-Fakhouri,Jordan,AFC,1,Amman_FC,Amman FC,2023–2024,2023,2024,no
Odeh Al-Fakhouri,Jordan,AFC,2,Al-Hussein_SC_(Irbid),Al-Hussein,2024–2026,2024,2026,no
Odeh Al-Fakhouri,Jordan,AFC,3,Pyramids_FC,Pyramids,2026–,2026,,no
Nour Bani Attiah,Jordan,AFC,1,Al-Faisaly_SC_(Amman),Al-Faisaly,2012–2018,2012,2018,no
Nour Bani Attiah,Jordan,AFC,2,Shabab_Al-Aqaba_Club,Shabab Al-Aqaba,2017–2018,2017,2018,yes
Nour Bani Attiah,Jordan,AFC,3,Al-Jazeera_Club_(Jordan),Al-Jazeera,2018–2021,2018,2021,no
Nour Bani Attiah,Jordan,AFC,4,Al-Faisaly_SC_(Amman),Al-Faisaly,2021–,2021,,no
Mahmoud Al-Mardi,Jordan,AFC,1,Ittihad_Al-Zarqa,Ittihad Al-Zarqa,2013–2014,2013,2014,no
Mahmoud Al-Mardi,Jordan,AFC,2,Al-Sheikh_Hussein_FC,Al-Sheikh Hussein,2014,2014,2014,yes
Mahmoud Al-Mardi,Jordan,AFC,3,Ittihad_Al-Ramtha,Ittihad Al-Ramtha,2014–2015,2014,2015,no
Mahmoud Al-Mardi,Jordan,AFC,4,Al-Ahli_SC_(Amman),Al-Ahli,2015–2017,2015,2017,no
Mahmoud Al-Mardi,Jordan,AFC,5,Al-Arabi_SC_(Kuwait),Al-Arabi,2017,2017,2017,no
Mahmoud Al-Mardi,Jordan,AFC,6,Al-Faisaly_SC_(Amman),Al-Faisaly,2017–2018,2017,2018,no
Mahmoud Al-Mardi,Jordan,AFC,7,Al-Jazeera_Club_(Jordan),Al-Jazeera,2018–2021,2018,2021,no
Mahmoud Al-Mardi,Jordan,AFC,8,Oman_Club,Oman Club,2021,2021,2021,no
Mahmoud Al-Mardi,Jordan,AFC,9,Al-Salt,Al-Salt,2021,2021,2021,no
Mahmoud Al-Mardi,Jordan,AFC,10,Al-Muharraq_SC,Al-Muharraq,2021–2022,2021,2022,no
Mahmoud Al-Mardi,Jordan,AFC,11,Kedah_Darul_Aman_F.C.,Kedah Darul Aman,2022,2022,2022,no
Mahmoud Al-Mardi,Jordan,AFC,12,Qadsia_SC,Qadsia,2023,2023,2023,no
Mahmoud Al-Mardi,Jordan,AFC,13,Al-Hussein_SC_(Irbid),Al-Hussein,2023–,2023,,no
Mahmoud Al-Mardi,Jordan,AFC,14,Dibba_FC,Dibba,2025,2025,2025,yes
Rajaei Ayed,Jordan,AFC,1,Al-Wehdat_SC,Al-Wehdat,2012–2021,2012,2021,no
Rajaei Ayed,Jordan,AFC,2,Ratchaburi_Mitr_Phol_F.C.,Ratchaburi Mitr Phol,2022,2022,2022,no
Rajaei Ayed,Jordan,AFC,3,Mesaimeer_SC,Mesaimeer,2022–2023,2022,2023,no
Rajaei Ayed,Jordan,AFC,4,Al-Hussein_SC_(Irbid),Al-Hussein,2023–,2023,,no
Ibrahim Sadeh,Jordan,AFC,1,Al-Jazeera_Club_(Jordan),Al-Jazeera,2018–2022,2018,2022,no
Ibrahim Sadeh,Jordan,AFC,2,Al-Hussein_SC_(Irbid),Al-Hussein,2022–2023,2022,2023,no
Ibrahim Sadeh,Jordan,AFC,3,Al-Zawraa_SC,Al-Zawraa,2023,2023,2023,no
Ibrahim Sadeh,Jordan,AFC,4,Al-Khor_SC,Al-Khor,2023–2024,2023,2024,no
Ibrahim Sadeh,Jordan,AFC,5,Al-Muharraq_SC,Al-Muharraq,2024–2025,2024,2025,no
Ibrahim Sadeh,Jordan,AFC,6,Al-Karma_SC,Al-Karma,2025–,2025,,no
Mo Abualnadi,Jordan,AFC,1,Swope_Park_Rangers,Swope Park Rangers,2019,2019,2019,no
Mo Abualnadi,Jordan,AFC,2,Sporting_Kansas_City_II,Sporting Kansas City II,2023,2023,2023,no
Mo Abualnadi,Jordan,AFC,3,Sporting_Kansas_City,Sporting Kansas City,2023,2023,2023,no
Mo Abualnadi,Jordan,AFC,4,Al-Hussein_SC_(Irbid),Al-Hussein,2023–2024,2023,2024,no
Mo Abualnadi,Jordan,AFC,5,Al-Qasim_SC,Al-Qasim,2024,2024,2024,no
Mo Abualnadi,Jordan,AFC,6,Selangor_F.C.,Selangor,2024–2026,2024,2026,no
Mo Abualnadi,Jordan,AFC,7,FC_Corvinul_Hunedoara,FC Corvinul Hunedoara,2026–,2026,,no
Salim Obaid,Jordan,AFC,1,Al-Ahli_SC_(Amman),Al-Ahli,2011–2018,2011,2018,no
Salim Obaid,Jordan,AFC,2,Al-Wehdat_SC,Al-Wehdat,2018–2021,2018,2021,no
Salim Obaid,Jordan,AFC,3,Sahab_SC,Sahab,2021–2022,2021,2022,no
Salim Obaid,Jordan,AFC,4,Shabab_Al-Ordon_SC,Shabab Al-Ordon,2022–2023,2022,2023,no
Salim Obaid,Jordan,AFC,5,Al-Hussein_SC_(Irbid),Al-Hussein,2023–,2023,,no
Mohammad Taha,Jordan,AFC,1,Shabab_Al-Ordon_SC,Shabab Al-Ordon,2024–,2024,,no
Mohammad Taha,Jordan,AFC,2,Al-Hussein_SC_(Irbid),Al-Hussein,2026–,2026,,yes
Saed Al-Rosan,Jordan,AFC,1,Al-Arabi_SC_(Irbid),Al-Arabi,2014–2016,2014,2016,no
Saed Al-Rosan,Jordan,AFC,2,Al-Ahli_SC_(Amman),Al-Ahli,2015,2015,2015,yes
Saed Al-Rosan,Jordan,AFC,3,Al-Sareeh_SC,Al-Sareeh,2016,2016,2016,yes
Saed Al-Rosan,Jordan,AFC,4,Mansheyat_Bani_Hasan,Mansheyat Bani Hasan,2016–2018,2016,2018,no
Saed Al-Rosan,Jordan,AFC,5,Al-Baqa%27a_SC,Al-Baqa'a,2018–2019,2018,2019,no
Saed Al-Rosan,Jordan,AFC,6,Ma%27an_SC,Ma'an,2019–2021,2019,2021,no
Saed Al-Rosan,Jordan,AFC,7,Al-Hussein_SC_(Irbid),Al-Hussein,2021–,2021,,no
Mohannad Abu Taha,Jordan,AFC,1,Al-Wehdat_SC,Al-Wehdat,2021–2024,2021,2024,no
Mohannad Abu Taha,Jordan,AFC,2,Al-Karkh_SC,Al-Karkh,2024–2025,2024,2025,no
Mohannad Abu Taha,Jordan,AFC,3,Al-Orobah_FC,Al-Orobah,2025,2025,2025,yes
Mohannad Abu Taha,Jordan,AFC,4,Al-Quwa_Al-Jawiya,Al-Quwa Al-Jawiya,2025–,2025,,no
Nizar Al-Rashdan,Jordan,AFC,1,Al-Hussein_SC_(Irbid),Al-Hussein,2019–2021,2019,2021,no
Nizar Al-Rashdan,Jordan,AFC,2,Al-Faisaly_SC,Al-Faisaly,2021–2024,2021,2024,no
Nizar Al-Rashdan,Jordan,AFC,3,Newroz_SC,Newroz,2023,2023,2023,yes
Nizar Al-Rashdan,Jordan,AFC,4,Emirates_Club,Emirates,2024,2024,2024,yes
Nizar Al-Rashdan,Jordan,AFC,5,Al-Khaldiya_SC,Al-Khaldiya,2024–2025,2024,2025,no
Nizar Al-Rashdan,Jordan,AFC,6,Al-Zawraa_SC,Al-Zawraa,2025–2026,2025,2026,no
Nizar Al-Rashdan,Jordan,AFC,7,Qatar_SC,Qatar SC,2026–,2026,,no
Abdallah Al-Fakhouri,Jordan,AFC,1,Al-Wehdat_SC,Al-Wehdat,2018–2022,2018,2022,no
Abdallah Al-Fakhouri,Jordan,AFC,2,Al-Ain_FC_(Saudi_Arabia),Al-Ain,2023,2023,2023,no
Abdallah Al-Fakhouri,Jordan,AFC,3,Al-Wehdat_SC,Al-Wehdat,2023–,2023,,no
Ihsan Haddad,Jordan,AFC,1,Al-Arabi_(Irbid),Al-Arabi,2011–2014,2011,2014,no
Ihsan Haddad,Jordan,AFC,2,Al-Ramtha_SC,Al-Ramtha,2014–2015,2014,2015,no
Ihsan Haddad,Jordan,AFC,3,Al-Hussein_SC_(Irbid),Al-Hussein,2015–2016,2015,2016,no
Ihsan Haddad,Jordan,AFC,4,Al-Ramtha_SC,Al-Ramtha,2016–2017,2016,2017,no
Ihsan Haddad,Jordan,AFC,5,Al-Wehdat_SC,Al-Wehdat,2017–2018,2017,2018,no
Ihsan Haddad,Jordan,AFC,6,Al-Faisaly_SC,Al-Faisaly,2018–2021,2018,2021,no
Ihsan Haddad,Jordan,AFC,7,Al-Quwa_Al-Jawiya,Al-Quwa Al-Jawiya,2021–2022,2021,2022,no
Ihsan Haddad,Jordan,AFC,8,Al-Faisaly_SC,Al-Faisaly,2022–2023,2022,2023,no
Ihsan Haddad,Jordan,AFC,9,Al-Shorta_SC,Al-Shorta,2023,2023,2023,no
Ihsan Haddad,Jordan,AFC,10,Al-Faisaly_SC,Al-Faisaly,2023–2024,2023,2024,no
Ihsan Haddad,Jordan,AFC,11,Al-Hussein_SC_(Irbid),Al-Hussein,2024–,2024,,no
Ali Azaizeh,Jordan,AFC,1,Al-Ramtha_SC,Al-Ramtha,2020–2025,2020,2025,no
Ali Azaizeh,Jordan,AFC,2,Al-Khaldiya_SC,Al-Khaldiya,2025,2025,2025,yes
Ali Azaizeh,Jordan,AFC,3,Kazma_SC,Kazma,2025–,2025,,no
Ali Azaizeh,Jordan,AFC,4,Al_Shabab_Club,Al-Shabab,2026–,2026,,yes
Mohammad Al-Dawoud,Jordan,AFC,1,Al-Ramtha_SC,Al-Ramtha,2011–2018,2011,2018,no
Mohammad Al-Dawoud,Jordan,AFC,2,Hidd_SCC,Hidd,2014–2017,2014,2017,yes
Mohammad Al-Dawoud,Jordan,AFC,3,Hidd_SCC,Hidd,2018–2020,2018,2020,no
Mohammad Al-Dawoud,Jordan,AFC,4,Al-Salt_SC,Al-Salt,2020–2023,2020,2023,no
Mohammad Al-Dawoud,Jordan,AFC,5,Al-Hussein_SC_(Irbid),Al-Hussein,2023–2025,2023,2025,no
Mohammad Al-Dawoud,Jordan,AFC,6,Al-Faisaly_SC,Al-Faisaly,2025,2025,2025,no
Mohammad Al-Dawoud,Jordan,AFC,7,Al-Wehdat_SC,Al-Wehdat,2026–,2026,,no
Anas Badawi,Jordan,AFC,1,Al_Ahli_SC_(Amman),Al-Ahli,2015–2020,2015,2020,no
Anas Badawi,Jordan,AFC,2,Sahab_SC,Sahab,2019,2019,2019,yes
Anas Badawi,Jordan,AFC,3,Shabab_Al-Aqaba_SC,Shabab Al-Aqaba,2021–2024,2021,2024,no
Anas Badawi,Jordan,AFC,4,Al-Jazeera_SC_(Amman),Al-Jazeera,2024–2025,2024,2025,no
Anas Badawi,Jordan,AFC,5,Al-Faisaly_SC,Al-Faisaly,2025–,2025,,no
David Ospina,Colombia,CONMEBOL,1,Atl%C3%A9tico_Nacional,Atlético Nacional,2005–2008,2005,2008,no
David Ospina,Colombia,CONMEBOL,2,OGC_Nice,Nice,2008–2014,2008,2014,no
David Ospina,Colombia,CONMEBOL,3,Arsenal_F.C.,Arsenal,2014–2019,2014,2019,no
David Ospina,Colombia,CONMEBOL,4,S.S.C._Napoli,Napoli,2018–2019,2018,2019,yes
David Ospina,Colombia,CONMEBOL,5,S.S.C._Napoli,Napoli,2019–2022,2019,2022,no
David Ospina,Colombia,CONMEBOL,6,Al_Nassr_FC,Al Nassr,2022–2024,2022,2024,no
David Ospina,Colombia,CONMEBOL,7,Atl%C3%A9tico_Nacional,Atlético Nacional,2024–2026,2024,2026,no
Daniel Muñoz,Colombia,CONMEBOL,1,%C3%81guilas_Doradas,Águilas Doradas,2017–2019,2017,2019,no
Daniel Muñoz,Colombia,CONMEBOL,2,Atl%C3%A9tico_Nacional,Atlético Nacional,2019–2020,2019,2020,no
Daniel Muñoz,Colombia,CONMEBOL,3,KRC_Genk,Genk,2020–2024,2020,2024,no
Daniel Muñoz,Colombia,CONMEBOL,4,Crystal_Palace_F.C.,Crystal Palace,2024–,2024,,no
Jhon Lucumí,Colombia,CONMEBOL,1,Deportivo_Cali,Deportivo Cali,2015–2018,2015,2018,no
Jhon Lucumí,Colombia,CONMEBOL,2,K.R.C._Genk,Genk,2018–2022,2018,2022,no
Jhon Lucumí,Colombia,CONMEBOL,3,Bologna_FC_1909,Bologna,2022–,2022,,no
Santiago Arias,Colombia,CONMEBOL,1,La_Equidad,La Equidad,2009–2011,2009,2011,no
Santiago Arias,Colombia,CONMEBOL,2,Sporting_CP,Sporting CP,2011–2013,2011,2013,no
Santiago Arias,Colombia,CONMEBOL,3,Sporting_CP_B,Sporting CP B,2012–2013,2012,2013,no
Santiago Arias,Colombia,CONMEBOL,4,Jong_PSV,Jong PSV,2013–2014,2013,2014,no
Santiago Arias,Colombia,CONMEBOL,5,PSV_Eindhoven,PSV,2013–2018,2013,2018,no
Santiago Arias,Colombia,CONMEBOL,6,Atl%C3%A9tico_Madrid,Atlético Madrid,2018–2022,2018,2022,no
Santiago Arias,Colombia,CONMEBOL,7,Bayer_04_Leverkusen,Bayer Leverkusen,2020–2021,2020,2021,yes
Santiago Arias,Colombia,CONMEBOL,8,Granada_CF,Granada,2021–2022,2021,2022,yes
Santiago Arias,Colombia,CONMEBOL,9,FC_Cincinnati,FC Cincinnati,2023,2023,2023,no
Santiago Arias,Colombia,CONMEBOL,10,Esporte_Clube_Bahia,Bahia,2024–2026,2024,2026,no
Santiago Arias,Colombia,CONMEBOL,11,Club_Atl%C3%A9tico_Independiente,Independiente,2026–,2026,,no
Kevin Castaño,Colombia,CONMEBOL,1,%C3%81guilas_Doradas,Águilas Doradas,2020–2023,2020,2023,no
Kevin Castaño,Colombia,CONMEBOL,2,Cruz_Azul,Cruz Azul,2023–2024,2023,2024,no
Kevin Castaño,Colombia,CONMEBOL,3,FC_Krasnodar,Krasnodar,2024–2025,2024,2025,no
Kevin Castaño,Colombia,CONMEBOL,4,Club_Atl%C3%A9tico_River_Plate,River Plate,2025–,2025,,no
Richard Ríos,Colombia,CONMEBOL,1,CR_Flamengo,Flamengo,2020–2022,2020,2022,no
Richard Ríos,Colombia,CONMEBOL,2,Mazatl%C3%A1n_F.C.,Mazatlán,2021–2022,2021,2022,yes
Richard Ríos,Colombia,CONMEBOL,3,Guarani_FC,Guarani,2022–2023,2022,2023,no
Richard Ríos,Colombia,CONMEBOL,4,SE_Palmeiras,Palmeiras,2023–2025,2023,2025,no
Richard Ríos,Colombia,CONMEBOL,5,S.L._Benfica,Benfica,2025–,2025,,no
Luis Díaz,Colombia,CONMEBOL,1,Barranquilla_F.C.,Barranquilla,2016–2017,2016,2017,no
Luis Díaz,Colombia,CONMEBOL,2,Atl%C3%A9tico_Junior,Atlético Junior,2017–2019,2017,2019,no
Luis Díaz,Colombia,CONMEBOL,3,FC_Porto,Porto,2019–2022,2019,2022,no
Luis Díaz,Colombia,CONMEBOL,4,Liverpool_F.C.,Liverpool,2022–2025,2022,2025,no
Luis Díaz,Colombia,CONMEBOL,5,FC_Bayern_Munich,Bayern Munich,2025–,2025,,no
Jorge Carrascal,Colombia,CONMEBOL,1,Millonarios_F.C.,Millonarios,2014–2016,2014,2016,no
Jorge Carrascal,Colombia,CONMEBOL,2,Sevilla_Atl%C3%A9tico,Sevilla B,2016–2018,2016,2018,no
Jorge Carrascal,Colombia,CONMEBOL,3,FC_Karpaty_Lviv,Karpaty Lviv,2017–2018,2017,2018,yes
Jorge Carrascal,Colombia,CONMEBOL,4,FC_Karpaty_Lviv,Karpaty Lviv,2018–2019,2018,2019,no
Jorge Carrascal,Colombia,CONMEBOL,5,Club_Atl%C3%A9tico_River_Plate,River Plate,2019,2019,2019,yes
Jorge Carrascal,Colombia,CONMEBOL,6,Club_Atl%C3%A9tico_River_Plate,River Plate,2020–2022,2020,2022,no
Jorge Carrascal,Colombia,CONMEBOL,7,PFC_CSKA_Moscow,CSKA Moscow,2022,2022,2022,yes
Jorge Carrascal,Colombia,CONMEBOL,8,PFC_CSKA_Moscow,CSKA Moscow,2022–2023,2022,2023,no
Jorge Carrascal,Colombia,CONMEBOL,9,FC_Dynamo_Moscow,Dynamo Moscow,2023–2025,2023,2025,no
Jorge Carrascal,Colombia,CONMEBOL,10,CR_Flamengo,Flamengo,2025–,2025,,no
Jhon Córdoba,Colombia,CONMEBOL,1,Envigado_F.C.,Envigado,2010–2012,2010,2012,no
Jhon Córdoba,Colombia,CONMEBOL,2,Chiapas_F.C.,Chiapas,2012–2013,2012,2013,no
Jhon Córdoba,Colombia,CONMEBOL,3,Quer%C3%A9taro_F.C.,Querétaro,2013–2014,2013,2014,no
Jhon Córdoba,Colombia,CONMEBOL,4,Dorados_de_Sinaloa,Dorados,2013,2013,2013,yes
Jhon Córdoba,Colombia,CONMEBOL,5,RCD_Espanyol,Espanyol,2013–2014,2013,2014,yes
Jhon Córdoba,Colombia,CONMEBOL,6,Granada_CF,Granada,2014–2015,2014,2015,no
Jhon Córdoba,Colombia,CONMEBOL,7,1._FSV_Mainz_05,Mainz 05,2015–2016,2015,2016,yes
Jhon Córdoba,Colombia,CONMEBOL,8,1._FSV_Mainz_05,Mainz 05,2016–2017,2016,2017,no
Jhon Córdoba,Colombia,CONMEBOL,9,1._FC_K%C3%B6ln,1. FC Köln,2017–2020,2017,2020,no
Jhon Córdoba,Colombia,CONMEBOL,10,Hertha_BSC,Hertha BSC,2020–2021,2020,2021,no
Jhon Córdoba,Colombia,CONMEBOL,11,FC_Krasnodar,Krasnodar,2021–,2021,,no
James Rodríguez,Colombia,CONMEBOL,1,Envigado_F.C.,Envigado,2006–2008,2006,2008,no
James Rodríguez,Colombia,CONMEBOL,2,Club_Atl%C3%A9tico_Banfield,Banfield,2008–2010,2008,2010,no
James Rodríguez,Colombia,CONMEBOL,3,FC_Porto,Porto,2010–2013,2010,2013,no
James Rodríguez,Colombia,CONMEBOL,4,AS_Monaco_FC,Monaco,2013–2014,2013,2014,no
James Rodríguez,Colombia,CONMEBOL,5,Real_Madrid_CF,Real Madrid,2014–2020,2014,2020,no
James Rodríguez,Colombia,CONMEBOL,6,FC_Bayern_Munich,Bayern Munich,2017–2019,2017,2019,yes
James Rodríguez,Colombia,CONMEBOL,7,Everton_F.C.,Everton,2020–2021,2020,2021,no
James Rodríguez,Colombia,CONMEBOL,8,Al-Rayyan_SC,Al-Rayyan,2021–2022,2021,2022,no
James Rodríguez,Colombia,CONMEBOL,9,Olympiacos_F.C.,Olympiacos,2022–2023,2022,2023,no
James Rodríguez,Colombia,CONMEBOL,10,S%C3%A3o_Paulo_FC,São Paulo,2023–2024,2023,2024,no
James Rodríguez,Colombia,CONMEBOL,11,Rayo_Vallecano,Rayo Vallecano,2024–2025,2024,2025,no
James Rodríguez,Colombia,CONMEBOL,12,Club_Le%C3%B3n,León,2025,2025,2025,no
James Rodríguez,Colombia,CONMEBOL,13,Minnesota_United_FC,Minnesota United,2026,2026,2026,no
Jhon Arias,Colombia,CONMEBOL,1,Patriotas_Boyac%C3%A1,Patriotas,2018–2019,2018,2019,no
Jhon Arias,Colombia,CONMEBOL,2,Llaneros_F.C.,Llaneros,2018,2018,2018,yes
Jhon Arias,Colombia,CONMEBOL,3,Am%C3%A9rica_de_Cali,América de Cali,2020,2020,2020,no
Jhon Arias,Colombia,CONMEBOL,4,Independiente_Santa_Fe,Santa Fe,2021,2021,2021,no
Jhon Arias,Colombia,CONMEBOL,5,Fluminense_FC,Fluminense,2021–2025,2021,2025,no
Jhon Arias,Colombia,CONMEBOL,6,Wolverhampton_Wanderers_F.C.,Wolverhampton Wanderers,2025–2026,2025,2026,no
Jhon Arias,Colombia,CONMEBOL,7,SE_Palmeiras,Palmeiras,2026–,2026,,no
Camilo Vargas,Colombia,CONMEBOL,1,Independiente_Santa_Fe,Santa Fe,2009–2014,2009,2014,no
Camilo Vargas,Colombia,CONMEBOL,2,Atl%C3%A9tico_Nacional,Atlético Nacional,2015–2018,2015,2018,no
Camilo Vargas,Colombia,CONMEBOL,3,Argentinos_Juniors,Argentinos Juniors,2016,2016,2016,yes
Camilo Vargas,Colombia,CONMEBOL,4,Deportivo_Cali,Deportivo Cali,2016–2017,2016,2017,yes
Camilo Vargas,Colombia,CONMEBOL,5,Deportivo_Cali,Deportivo Cali,2018,2018,2018,yes
Camilo Vargas,Colombia,CONMEBOL,6,Deportivo_Cali,Deportivo Cali,2019,2019,2019,no
Camilo Vargas,Colombia,CONMEBOL,7,Atlas_F.C.,Atlas,2019–,2019,,no
Yerry Mina,Colombia,CONMEBOL,1,Deportivo_Pasto,Deportivo Pasto,2013–2014,2013,2014,no
Yerry Mina,Colombia,CONMEBOL,2,Independiente_Santa_Fe,Santa Fe,2014–2016,2014,2016,no
Yerry Mina,Colombia,CONMEBOL,3,SE_Palmeiras,Palmeiras,2016–2017,2016,2017,no
Yerry Mina,Colombia,CONMEBOL,4,FC_Barcelona,Barcelona,2018,2018,2018,no
Yerry Mina,Colombia,CONMEBOL,5,Everton_F.C.,Everton,2018–2023,2018,2023,no
Yerry Mina,Colombia,CONMEBOL,6,ACF_Fiorentina,Fiorentina,2023–2024,2023,2024,no
Yerry Mina,Colombia,CONMEBOL,7,Cagliari_Calcio,Cagliari,2024–,2024,,no
Gustavo Puerta,Colombia,CONMEBOL,1,Bogot%C3%A1_F.C.,Bogotá,2021–2023,2021,2023,no
Gustavo Puerta,Colombia,CONMEBOL,2,Bayer_04_Leverkusen,Bayer Leverkusen,2023–2025,2023,2025,no
Gustavo Puerta,Colombia,CONMEBOL,3,1._FC_N%C3%BCrnberg,1. FC Nürnberg,2023,2023,2023,yes
Gustavo Puerta,Colombia,CONMEBOL,4,Hull_City_A.F.C.,Hull City,2024–2025,2024,2025,yes
Gustavo Puerta,Colombia,CONMEBOL,5,Racing_de_Santander,Racing Santander,2025–,2025,,no
Juan Portilla,Colombia,CONMEBOL,1,Universitario_Popay%C3%A1n,Universitario Popayán,2016–2018,2016,2018,no
Juan Portilla,Colombia,CONMEBOL,2,Jacksonville_Armada_FC,Jacksonville Armada,2018,2018,2018,no
Juan Portilla,Colombia,CONMEBOL,3,Deportes_Melipilla,Deportes Melipilla,2018,2018,2018,no
Juan Portilla,Colombia,CONMEBOL,4,Alianza_Petrolera_F.C.,Alianza Petrolera,2019–2023,2019,2023,no
Juan Portilla,Colombia,CONMEBOL,5,Am%C3%A9rica_de_Cali,América de Cali,2022,2022,2022,yes
Juan Portilla,Colombia,CONMEBOL,6,Am%C3%A9rica_de_Cali,América de Cali,2023–2024,2023,2024,no
Juan Portilla,Colombia,CONMEBOL,7,Talleres_de_C%C3%B3rdoba,Talleres,2024–2026,2024,2026,no
Juan Portilla,Colombia,CONMEBOL,8,Club_Athletico_Paranaense,Athletico Paranaense,2026–,2026,,no
Jefferson Lerma,Colombia,CONMEBOL,1,Atl%C3%A9tico_Huila,Atlético Huila,2013–2016,2013,2016,no
Jefferson Lerma,Colombia,CONMEBOL,2,Levante_UD,Levante,2015–2016,2015,2016,yes
Jefferson Lerma,Colombia,CONMEBOL,3,Levante_UD,Levante,2016–2018,2016,2018,no
Jefferson Lerma,Colombia,CONMEBOL,4,AFC_Bournemouth,AFC Bournemouth,2018–2023,2018,2023,no
Jefferson Lerma,Colombia,CONMEBOL,5,Crystal_Palace_F.C.,Crystal Palace,2023–,2023,,no
Johan Mojica,Colombia,CONMEBOL,1,Academia_F.C.,Academia,2011–2012,2011,2012,no
Johan Mojica,Colombia,CONMEBOL,2,Llaneros_F.C.,Llaneros,2012–2014,2012,2014,no
Johan Mojica,Colombia,CONMEBOL,3,Deportivo_Cali,Deportivo Cali,2013,2013,2013,yes
Johan Mojica,Colombia,CONMEBOL,4,Rayo_Vallecano,Rayo Vallecano,2013–2014,2013,2014,yes
Johan Mojica,Colombia,CONMEBOL,5,Rayo_Vallecano,Rayo Vallecano,2014–2018,2014,2018,no
Johan Mojica,Colombia,CONMEBOL,6,Real_Valladolid,Valladolid,2014–2016,2014,2016,yes
Johan Mojica,Colombia,CONMEBOL,7,Girona_FC,Girona,2017–2018,2017,2018,yes
Johan Mojica,Colombia,CONMEBOL,8,Girona_FC,Girona,2018–2021,2018,2021,no
Johan Mojica,Colombia,CONMEBOL,9,Atalanta_B.C.,Atalanta,2020–2021,2020,2021,yes
Johan Mojica,Colombia,CONMEBOL,10,Elche_CF,Elche,2021,2021,2021,yes
Johan Mojica,Colombia,CONMEBOL,11,Elche_CF,Elche,2021–2022,2021,2022,no
Johan Mojica,Colombia,CONMEBOL,12,Villarreal_CF,Villarreal,2022–2024,2022,2024,no
Johan Mojica,Colombia,CONMEBOL,13,CA_Osasuna,Osasuna,2023–2024,2023,2024,yes
Johan Mojica,Colombia,CONMEBOL,14,RCD_Mallorca,Mallorca,2024–,2024,,no
Willer Ditta,Colombia,CONMEBOL,1,Barranquilla_F.C.,Barranquilla,2017–2018,2017,2018,no
Willer Ditta,Colombia,CONMEBOL,2,Atl%C3%A9tico_Junior,Atlético Junior,2018–2023,2018,2023,no
Willer Ditta,Colombia,CONMEBOL,3,Newell%27s_Old_Boys,Newell's Old Boys,2022,2022,2022,yes
Willer Ditta,Colombia,CONMEBOL,4,Newell%27s_Old_Boys,Newell's Old Boys,2022–2023,2022,2023,no
Willer Ditta,Colombia,CONMEBOL,5,Cruz_Azul,Cruz Azul,2023–,2023,,no
Cucho Hernández,Colombia,CONMEBOL,1,Deportivo_Pereira,Deportivo Pereira,2015–2016,2015,2016,no
Cucho Hernández,Colombia,CONMEBOL,2,Granada_CF,Granada,2017,2017,2017,no
Cucho Hernández,Colombia,CONMEBOL,3,Am%C3%A9rica_de_Cali,América de Cali,2017,2017,2017,yes
Cucho Hernández,Colombia,CONMEBOL,4,Watford_F.C.,Watford,2017–2022,2017,2022,no
Cucho Hernández,Colombia,CONMEBOL,5,SD_Huesca,Huesca,2017–2019,2017,2019,yes
Cucho Hernández,Colombia,CONMEBOL,6,RCD_Mallorca,Mallorca,2019–2020,2019,2020,yes
Cucho Hernández,Colombia,CONMEBOL,7,Getafe_CF,Getafe,2020–2021,2020,2021,yes
Cucho Hernández,Colombia,CONMEBOL,8,Columbus_Crew,Columbus Crew,2022–2025,2022,2025,no
Cucho Hernández,Colombia,CONMEBOL,9,Real_Betis,Real Betis,2025–,2025,,no
Juan Fernando Quintero,Colombia,CONMEBOL,1,Envigado_F%C3%BAtbol_Club,Envigado,2009–2011,2009,2011,no
Juan Fernando Quintero,Colombia,CONMEBOL,2,Atl%C3%A9tico_Nacional,Atlético Nacional,2011–2012,2011,2012,no
Juan Fernando Quintero,Colombia,CONMEBOL,3,Delfino_Pescara_1936,Pescara,2012–2013,2012,2013,no
Juan Fernando Quintero,Colombia,CONMEBOL,4,FC_Porto,Porto,2013–2019,2013,2019,no
Juan Fernando Quintero,Colombia,CONMEBOL,5,Stade_Rennais_FC,Rennes,2015–2016,2015,2016,yes
Juan Fernando Quintero,Colombia,CONMEBOL,6,Independiente_Medell%C3%ADn,Independiente Medellín,2017–2018,2017,2018,yes
Juan Fernando Quintero,Colombia,CONMEBOL,7,Club_Atl%C3%A9tico_River_Plate,River Plate,2018–2019,2018,2019,yes
Juan Fernando Quintero,Colombia,CONMEBOL,8,Club_Atl%C3%A9tico_River_Plate,River Plate,2019–2020,2019,2020,no
Juan Fernando Quintero,Colombia,CONMEBOL,9,Shenzhen_F.C.,Shenzhen FC,2021–2022,2021,2022,no
Juan Fernando Quintero,Colombia,CONMEBOL,10,Club_Atl%C3%A9tico_River_Plate,River Plate,2022,2022,2022,no
Juan Fernando Quintero,Colombia,CONMEBOL,11,Atl%C3%A9tico_Junior,Atlético Junior,2023,2023,2023,no
Juan Fernando Quintero,Colombia,CONMEBOL,12,Racing_Club_de_Avellaneda,Racing,2023–2024,2023,2024,no
Juan Fernando Quintero,Colombia,CONMEBOL,13,Am%C3%A9rica_de_Cali,América de Cali,2025,2025,2025,no
Juan Fernando Quintero,Colombia,CONMEBOL,14,Club_Atl%C3%A9tico_River_Plate,River Plate,2025–,2025,,no
Jaminton Campaz,Colombia,CONMEBOL,1,Deportes_Tolima,Deportes Tolima,2017–2021,2017,2021,no
Jaminton Campaz,Colombia,CONMEBOL,2,Gr%C3%AAmio_FBPA,Grêmio,2021–2023,2021,2023,no
Jaminton Campaz,Colombia,CONMEBOL,3,Rosario_Central,Rosario Central,2023,2023,2023,yes
Jaminton Campaz,Colombia,CONMEBOL,4,Rosario_Central,Rosario Central,2024–,2024,,no
Deiver Machado,Colombia,CONMEBOL,1,Atl%C3%A9tico_Nacional,Atlético Nacional,2013–2014,2013,2014,no
Deiver Machado,Colombia,CONMEBOL,2,Alianza_Petrolera,Alianza Petrolera,2014,2014,2014,yes
Deiver Machado,Colombia,CONMEBOL,3,Millonarios_F.C.,Millonarios,2015–2017,2015,2017,no
Deiver Machado,Colombia,CONMEBOL,4,K.A.A._Gent,Gent,2017–2018,2017,2018,no
Deiver Machado,Colombia,CONMEBOL,5,Atl%C3%A9tico_Nacional,Atlético Nacional,2018–2020,2018,2020,no
Deiver Machado,Colombia,CONMEBOL,6,Toulouse_FC,Toulouse,2020–2021,2020,2021,no
Deiver Machado,Colombia,CONMEBOL,7,RC_Lens,Lens,2021–2025,2021,2025,no
Deiver Machado,Colombia,CONMEBOL,8,FC_Nantes,Nantes,2025–,2025,,no
Davinson Sánchez,Colombia,CONMEBOL,1,Atl%C3%A9tico_Nacional,Atlético Nacional,2013–2016,2013,2016,no
Davinson Sánchez,Colombia,CONMEBOL,2,Jong_Ajax,Ajax II,2016,2016,2016,no
Davinson Sánchez,Colombia,CONMEBOL,3,AFC_Ajax,Ajax,2016–2017,2016,2017,no
Davinson Sánchez,Colombia,CONMEBOL,4,Tottenham_Hotspur_F.C.,Tottenham Hotspur,2017–2023,2017,2023,no
Davinson Sánchez,Colombia,CONMEBOL,5,Galatasaray_S.K._(football),Galatasaray,2023–,2023,,no
Álvaro Montero,Colombia,CONMEBOL,1,Associa%C3%A7%C3%A3o_Desportiva_S%C3%A3o_Caetano,São Caetano,2013–2015,2013,2015,no
Álvaro Montero,Colombia,CONMEBOL,2,San_Lorenzo_de_Almagro,San Lorenzo,2015–2017,2015,2017,no
Álvaro Montero,Colombia,CONMEBOL,3,C%C3%BAcuta_Deportivo,Cúcuta Deportivo,2017,2017,2017,no
Álvaro Montero,Colombia,CONMEBOL,4,Deportes_Tolima,Deportes Tolima,2018–2022,2018,2022,no
Álvaro Montero,Colombia,CONMEBOL,5,Millonarios_F.C.,Millonarios,2022–,2022,,no
Álvaro Montero,Colombia,CONMEBOL,6,Club_Atl%C3%A9tico_V%C3%A9lez_Sarsfield,Vélez Sarsfield,2025–,2025,,yes
Luis Suárez,Colombia,CONMEBOL,1,Leones_F.C._(Colombia),Leones,2015–2017,2015,2017,no
Luis Suárez,Colombia,CONMEBOL,2,Club_Recreativo_Granada,Granada B,2016–2017,2016,2017,yes
Luis Suárez,Colombia,CONMEBOL,3,Watford_F.C.,Watford,2017–2020,2017,2020,no
Luis Suárez,Colombia,CONMEBOL,4,Real_Valladolid_Promesas,Valladolid B,2017–2018,2017,2018,yes
Luis Suárez,Colombia,CONMEBOL,5,Gimn%C3%A0stic_de_Tarragona,Gimnàstic,2018–2019,2018,2019,yes
Luis Suárez,Colombia,CONMEBOL,6,Real_Zaragoza,Zaragoza,2019–2020,2019,2020,yes
Luis Suárez,Colombia,CONMEBOL,7,Granada_CF,Granada,2020–2022,2020,2022,no
Luis Suárez,Colombia,CONMEBOL,8,Olympique_de_Marseille,Marseille,2022–2023,2022,2023,no
Luis Suárez,Colombia,CONMEBOL,9,UD_Almer%C3%ADa,Almería,2023,2023,2023,yes
Luis Suárez,Colombia,CONMEBOL,10,UD_Almer%C3%ADa,Almería,2023–2025,2023,2025,no
Luis Suárez,Colombia,CONMEBOL,11,Sporting_CP,Sporting CP,2025–,2025,,no
Andrés Gómez,Colombia,CONMEBOL,1,Millonarios_F.C.,Millonarios,2021–2023,2021,2023,no
Andrés Gómez,Colombia,CONMEBOL,2,Real_Salt_Lake,Real Salt Lake,2023–2024,2023,2024,no
Andrés Gómez,Colombia,CONMEBOL,3,Stade_Rennais_F.C.,Rennes,2024–2026,2024,2026,no
Andrés Gómez,Colombia,CONMEBOL,4,CR_Vasco_da_Gama,Vasco da Gama,2025–2026,2025,2026,yes
Andrés Gómez,Colombia,CONMEBOL,5,CR_Vasco_da_Gama,Vasco da Gama,2026–,2026,,no
Lionel Mpasi,DR Congo,CAF,1,Paris_Saint-Germain_F.C.,Paris Saint-Germain II,2011–2012,2011,2012,no
Lionel Mpasi,DR Congo,CAF,2,Toulouse_FC,Toulouse II,2012–2016,2012,2016,no
Lionel Mpasi,DR Congo,CAF,3,Rodez_AF,Rodez,2016–2025,2016,2025,no
Lionel Mpasi,DR Congo,CAF,4,Rodez_AF,Rodez II,2018–2020,2018,2020,yes
Lionel Mpasi,DR Congo,CAF,5,Le_Havre_AC,Le Havre,2025–,2025,,no
Aaron Wan-Bissaka,DR Congo,CAF,1,Crystal_Palace_F.C.,Crystal Palace,2017–2019,2017,2019,no
Aaron Wan-Bissaka,DR Congo,CAF,2,Manchester_United_F.C.,Manchester United,2019–2024,2019,2024,no
Aaron Wan-Bissaka,DR Congo,CAF,3,West_Ham_United_F.C.,West Ham United,2024–,2024,,no
Steve Kapuadi,DR Congo,CAF,1,K.A.A._Gent,Gent II,2016–2019,2016,2019,no
Steve Kapuadi,DR Congo,CAF,2,FK_Inter_Bratislava,Inter Bratislava,2019,2019,2019,no
Steve Kapuadi,DR Congo,CAF,3,AS_Tren%C4%8D%C3%ADn,Trenčín,2020−2022,2020,2020,no
Steve Kapuadi,DR Congo,CAF,4,Wis%C5%82a_P%C5%82ock,Wisła Płock,2022−2023,2022,2022,no
Steve Kapuadi,DR Congo,CAF,5,Legia_Warsaw,Legia Warsaw,2023–2026,2023,2026,no
Steve Kapuadi,DR Congo,CAF,6,Legia_Warsaw_II,Legia Warsaw II,2024,2024,2024,no
Steve Kapuadi,DR Congo,CAF,7,Widzew_%C5%81%C3%B3d%C5%BA,Widzew Łódź,2026–,2026,,no
Axel Tuanzebe,DR Congo,CAF,1,Manchester_United_F.C.,Manchester United,2015–2023,2015,2023,no
Axel Tuanzebe,DR Congo,CAF,2,Aston_Villa_F.C.,Aston Villa,2018,2018,2018,yes
Axel Tuanzebe,DR Congo,CAF,3,Aston_Villa_F.C.,Aston Villa,2018–2019,2018,2019,yes
Axel Tuanzebe,DR Congo,CAF,4,Aston_Villa_F.C.,Aston Villa,2021–2022,2021,2022,yes
Axel Tuanzebe,DR Congo,CAF,5,SSC_Napoli,Napoli,2022,2022,2022,yes
Axel Tuanzebe,DR Congo,CAF,6,Stoke_City_F.C.,Stoke City,2023,2023,2023,yes
Axel Tuanzebe,DR Congo,CAF,7,Ipswich_Town_F.C.,Ipswich Town,2023–2025,2023,2025,no
Axel Tuanzebe,DR Congo,CAF,8,Burnley_F.C.,Burnley,2025–,2025,,no
Dylan Batubinsika,DR Congo,CAF,1,Paris_Saint-Germain_Academy,Paris Saint-Germain B,2014–2017,2014,2017,no
Dylan Batubinsika,DR Congo,CAF,2,Royal_Antwerp_F.C.,Antwerp,2017–2021,2017,2021,no
Dylan Batubinsika,DR Congo,CAF,3,F.C._Famalic%C3%A3o,Famalicão,2021–2023,2021,2023,no
Dylan Batubinsika,DR Congo,CAF,4,Maccabi_Haifa_F.C.,Maccabi Haifa,2022–2023,2022,2023,yes
Dylan Batubinsika,DR Congo,CAF,5,AS_Saint-%C3%89tienne,Saint-Étienne,2023–2026,2023,2026,no
Dylan Batubinsika,DR Congo,CAF,6,Athlitiki_Enosi_Larissa_F.C.,AEL,2026–,2026,,no
Ngal'ayel Mukau,DR Congo,CAF,1,K.V._Mechelen,Mechelen,2023–2024,2023,2024,no
Ngal'ayel Mukau,DR Congo,CAF,2,Lille_OSC,Lille,2024–,2024,,no
Nathanaël Mbuku,DR Congo,CAF,1,Stade_de_Reims,Reims B,2018–2023,2018,2023,no
Nathanaël Mbuku,DR Congo,CAF,2,Stade_de_Reims,Reims,2019–2023,2019,2023,no
Nathanaël Mbuku,DR Congo,CAF,3,FC_Augsburg,Augsburg,2023–2024,2023,2024,no
Nathanaël Mbuku,DR Congo,CAF,4,FC_Augsburg_II,Augsburg,2023–2024,2023,2024,no
Nathanaël Mbuku,DR Congo,CAF,5,AS_Saint-%C3%89tienne,Saint-Étienne,2024,2024,2024,yes
Nathanaël Mbuku,DR Congo,CAF,6,GNK_Dinamo_Zagreb,Dinamo Zagreb,2024–2025,2024,2025,no
Nathanaël Mbuku,DR Congo,CAF,7,FC_Augsburg,Augsburg,2025–,2025,,no
Nathanaël Mbuku,DR Congo,CAF,8,Montpellier_HSC,Montpellier,2025–,2025,,yes
Samuel Moutoussamy,DR Congo,CAF,1,Olympique_Lyonnais_Reserves_and_Academy,Lyon B,2014–2016,2014,2016,no
Samuel Moutoussamy,DR Congo,CAF,2,FC_Nantes,Nantes B,2016–2018,2016,2018,no
Samuel Moutoussamy,DR Congo,CAF,3,FC_Nantes,Nantes,2017–2024,2017,2024,no
Samuel Moutoussamy,DR Congo,CAF,4,Fortuna_Sittard,Fortuna Sittard,2020–2021,2020,2021,yes
Samuel Moutoussamy,DR Congo,CAF,5,Sivasspor,Sivasspor,2024–2025,2024,2025,no
Samuel Moutoussamy,DR Congo,CAF,6,Atromitos_F.C.,Atromitos,2025–,2025,,no
Brian Cipenga,DR Congo,CAF,1,Boavista_F.C.,Boavista,2017–2018,2017,2018,no
Brian Cipenga,DR Congo,CAF,2,S.C._Freamunde,Freamunde,2018–2019,2018,2019,no
Brian Cipenga,DR Congo,CAF,3,F.C._Famalic%C3%A3o,Famalicão,2019–2020,2019,2020,no
Brian Cipenga,DR Congo,CAF,4,S.C._Ideal,Ideal,2020–2021,2020,2021,no
Brian Cipenga,DR Congo,CAF,5,Anadia_F.C.,Anadia,2021–2022,2021,2022,no
Brian Cipenga,DR Congo,CAF,6,L%C3%A4nk_FC_Vilaverdense,Länk Vilaverdense,2022–2023,2022,2023,no
Brian Cipenga,DR Congo,CAF,7,F.C._Pa%C3%A7os_de_Ferreira,Paços Ferreira,2023–2024,2023,2024,no
Brian Cipenga,DR Congo,CAF,8,CD_Castell%C3%B3n,Castellón,2024–,2024,,no
Théo Bongonda,DR Congo,CAF,1,S.V._Zulte_Waregem,Zulte-Waregem,2013–2014,2013,2014,no
Théo Bongonda,DR Congo,CAF,2,Celta_de_Vigo,Celta,2015–2018,2015,2018,no
Théo Bongonda,DR Congo,CAF,3,Trabzonspor,Trabzonspor,2017–2018,2017,2018,yes
Théo Bongonda,DR Congo,CAF,4,S.V._Zulte_Waregem,Zulte-Waregem,2018,2018,2018,yes
Théo Bongonda,DR Congo,CAF,5,S.V._Zulte_Waregem,Zulte-Waregem,2018–2019,2018,2019,no
Théo Bongonda,DR Congo,CAF,6,KRC_Genk,Genk,2019–2022,2019,2022,no
Théo Bongonda,DR Congo,CAF,7,C%C3%A1diz_CF,Cádiz,2022–2023,2022,2023,no
Théo Bongonda,DR Congo,CAF,8,FC_Spartak_Moscow,Spartak Moscow,2023–2026,2023,2026,no
Gaël Kakuta,DR Congo,CAF,1,Chelsea_F.C.,Chelsea,2009–2015,2009,2015,no
Gaël Kakuta,DR Congo,CAF,2,Fulham_F.C.,Fulham,2011,2011,2011,yes
Gaël Kakuta,DR Congo,CAF,3,Bolton_Wanderers_F.C.,Bolton Wanderers,2011–2012,2011,2012,yes
Gaël Kakuta,DR Congo,CAF,4,Dijon_FCO,Dijon,2012,2012,2012,yes
Gaël Kakuta,DR Congo,CAF,5,SBV_Vitesse,Vitesse,2012–2014,2012,2014,yes
Gaël Kakuta,DR Congo,CAF,6,SS_Lazio,Lazio,2014,2014,2014,yes
Gaël Kakuta,DR Congo,CAF,7,Rayo_Vallecano,Rayo Vallecano,2014–2015,2014,2015,yes
Gaël Kakuta,DR Congo,CAF,8,Sevilla_FC,Sevilla,2015–2016,2015,2016,no
Gaël Kakuta,DR Congo,CAF,9,Hebei_China_Fortune,Hebei China Fortune,2016–2018,2016,2018,no
Gaël Kakuta,DR Congo,CAF,10,Deportivo_de_La_Coru%C3%B1a,Deportivo La Coruña,2017,2017,2017,yes
Gaël Kakuta,DR Congo,CAF,11,Amiens_SC,Amiens,2017–2018,2017,2018,yes
Gaël Kakuta,DR Congo,CAF,12,Rayo_Vallecano,Rayo Vallecano,2018–2019,2018,2019,no
Gaël Kakuta,DR Congo,CAF,13,Amiens_SC,Amiens,2019–2021,2019,2021,no
Gaël Kakuta,DR Congo,CAF,14,RC_Lens,Lens,2020–2021,2020,2021,yes
Gaël Kakuta,DR Congo,CAF,15,RC_Lens,Lens,2021–2022,2021,2022,no
Gaël Kakuta,DR Congo,CAF,16,Amiens_SC,Amiens,2022–2024,2022,2024,no
Gaël Kakuta,DR Congo,CAF,17,Esteghlal_F.C.,Esteghlal,2024–2025,2024,2025,no
Gaël Kakuta,DR Congo,CAF,18,Sakaryaspor,Sakaryaspor,2025–2026,2025,2026,no
Gaël Kakuta,DR Congo,CAF,19,Athlitiki_Enosi_Larissa_F.C.,AEL,2026–,2026,,no
Joris Kayembe,DR Congo,CAF,1,FC_Porto_B,Porto B,2013–2017,2013,2017,no
Joris Kayembe,DR Congo,CAF,2,FC_Porto,Porto,2014–2017,2014,2017,no
Joris Kayembe,DR Congo,CAF,3,F.C._Arouca,Arouca,2015,2015,2015,yes
Joris Kayembe,DR Congo,CAF,4,Rio_Ave_F.C.,Rio Ave,2015–2016,2015,2016,yes
Joris Kayembe,DR Congo,CAF,5,FC_Nantes,Nantes,2017–2020,2017,2020,no
Joris Kayembe,DR Congo,CAF,6,R._Charleroi_S.C.,Charleroi,2020–2023,2020,2023,no
Joris Kayembe,DR Congo,CAF,7,KRC_Genk,Genk,2023–,2023,,no
Meschak Elia,DR Congo,CAF,1,CS_Don_Bosco,CS Don Bosco,2015–2016,2015,2016,no
Meschak Elia,DR Congo,CAF,2,TP_Mazembe,TP Mazembe,2016–2019,2016,2019,no
Meschak Elia,DR Congo,CAF,3,BSC_Young_Boys,Young Boys,2020–2025,2020,2025,no
Meschak Elia,DR Congo,CAF,4,FC_Nantes,Nantes,2025,2025,2025,yes
Meschak Elia,DR Congo,CAF,5,Alanyaspor,Alanyaspor,2025–,2025,,no
Noah Sadiki,DR Congo,CAF,1,R.S.C._Anderlecht,Anderlecht,2022–2023,2022,2023,no
Noah Sadiki,DR Congo,CAF,2,RSCA_Futures,RSCA Futures,2022–2023,2022,2023,no
Noah Sadiki,DR Congo,CAF,3,Royale_Union_Saint-Gilloise,Union SG,2023–2025,2023,2025,no
Noah Sadiki,DR Congo,CAF,4,Sunderland_A.F.C.,Sunderland,2025–,2025,,no
Aaron Tshibola,DR Congo,CAF,1,Reading_F.C.,Reading,2013–2016,2013,2016,no
Aaron Tshibola,DR Congo,CAF,2,Hartlepool_United_F.C.,Hartlepool United,2015,2015,2015,yes
Aaron Tshibola,DR Congo,CAF,3,Aston_Villa_F.C.,Aston Villa,2016–2019,2016,2019,no
Aaron Tshibola,DR Congo,CAF,4,Nottingham_Forest_F.C.,Nottingham Forest,2017,2017,2017,yes
Aaron Tshibola,DR Congo,CAF,5,Milton_Keynes_Dons_F.C.,Milton Keynes Dons,2017,2017,2017,yes
Aaron Tshibola,DR Congo,CAF,6,Kilmarnock_F.C.,Kilmarnock,2018–2019,2018,2019,yes
Aaron Tshibola,DR Congo,CAF,7,Waasland_Beveren,Waasland Beveren,2019–2020,2019,2020,no
Aaron Tshibola,DR Congo,CAF,8,C.D._Aves,Aves,2020,2020,2020,no
Aaron Tshibola,DR Congo,CAF,9,Kilmarnock_F.C.,Kilmarnock,2020–2021,2020,2021,no
Aaron Tshibola,DR Congo,CAF,10,Gen%C3%A7lerbirli%C4%9Fi_S.K.,Gençlerbirliği,2021–2022,2021,2022,no
Aaron Tshibola,DR Congo,CAF,11,AEL_Limassol,AEL Limassol,2022–2023,2022,2023,no
Aaron Tshibola,DR Congo,CAF,12,Hatta_Club,Hatta,2023–2024,2023,2024,no
Aaron Tshibola,DR Congo,CAF,13,PAS_Lamia_1964,Lamia,2025,2025,2025,no
Aaron Tshibola,DR Congo,CAF,14,Levadiakos_F.C.,Levadiakos,2025–2026,2025,2026,no
Aaron Tshibola,DR Congo,CAF,15,Kilmarnock_F.C.,Kilmarnock,2026–,2026,,no
Timothy Fayulu,DR Congo,CAF,1,FC_Sion,Sion,2018–,2018,,no
Timothy Fayulu,DR Congo,CAF,2,FC_Sion,Sion II,2018–2021,2018,2021,no
Timothy Fayulu,DR Congo,CAF,3,FC_Winterthur,Winterthur,2022–2023,2022,2023,yes
Timothy Fayulu,DR Congo,CAF,4,FC_Noah,Noah,2025–,2025,,yes
Cédric Bakambu,DR Congo,CAF,1,FC_Sochaux-Montb%C3%A9liard,Sochaux,2010–2014,2010,2014,no
Cédric Bakambu,DR Congo,CAF,2,Bursaspor,Bursaspor,2014–2015,2014,2015,no
Cédric Bakambu,DR Congo,CAF,3,Villarreal_CF,Villarreal,2015–2018,2015,2018,no
Cédric Bakambu,DR Congo,CAF,4,Beijing_Guoan,Beijing Guoan,2018–2022,2018,2022,no
Cédric Bakambu,DR Congo,CAF,5,Olympique_de_Marseille,Marseille,2022,2022,2022,no
Cédric Bakambu,DR Congo,CAF,6,Olympiacos_F.C.,Olympiacos,2022–2023,2022,2023,no
Cédric Bakambu,DR Congo,CAF,7,Al-Nasr_SC_(Dubai),Al-Nasr,2023,2023,2023,no
Cédric Bakambu,DR Congo,CAF,8,Galatasaray_S.K._(football),Galatasaray,2023–2024,2023,2024,no
Cédric Bakambu,DR Congo,CAF,9,Real_Betis,Betis,2024–,2024,,no
Charles Pickel,DR Congo,CAF,1,FC_Basel,Basel U-21,2015–2017,2015,2017,no
Charles Pickel,DR Congo,CAF,2,FC_Basel,Basel,2016–2017,2016,2017,no
Charles Pickel,DR Congo,CAF,3,Grasshopper_Club_Z%C3%BCrich,Grasshoppers,2017–2019,2017,2019,no
Charles Pickel,DR Congo,CAF,4,FC_Schaffhausen,FC Schaffhausen,2018,2018,2018,yes
Charles Pickel,DR Congo,CAF,5,Neuch%C3%A2tel_Xamax_FCS,Neuchâtel Xamax,2018–2019,2018,2019,yes
Charles Pickel,DR Congo,CAF,6,Grenoble_Foot_38,Grenoble,2019–2021,2019,2021,no
Charles Pickel,DR Congo,CAF,7,F.C._Famalic%C3%A3o,Famalicão,2021–2022,2021,2022,no
Charles Pickel,DR Congo,CAF,8,US_Cremonese,Cremonese,2022–2025,2022,2025,no
Charles Pickel,DR Congo,CAF,9,RCD_Espanyol,Espanyol,2025–,2025,,no
Fiston Mayele,DR Congo,CAF,1,AS_Simba,AS Simba,2017–2018,2017,2018,no
Fiston Mayele,DR Congo,CAF,2,AS_Vita_Club,AS Vita,2019–2021,2019,2021,no
Fiston Mayele,DR Congo,CAF,3,Young_Africans_S.C.,Young Africans,2021–2023,2021,2023,no
Fiston Mayele,DR Congo,CAF,4,Pyramids_FC,Pyramids,2023–,2023,,no
Yoane Wissa,DR Congo,CAF,1,LB_Ch%C3%A2teauroux,Châteauroux II,2014–2016,2014,2016,no
Yoane Wissa,DR Congo,CAF,2,LB_Ch%C3%A2teauroux,Châteauroux,2015–2016,2015,2016,no
Yoane Wissa,DR Congo,CAF,3,Angers_SCO,Angers,2016–2018,2016,2018,no
Yoane Wissa,DR Congo,CAF,4,Angers_SCO,Angers II,2016–2017,2016,2017,no
Yoane Wissa,DR Congo,CAF,5,Stade_Lavallois,Laval,2017,2017,2017,yes
Yoane Wissa,DR Congo,CAF,6,AC_Ajaccio,Ajaccio,2017–2018,2017,2018,yes
Yoane Wissa,DR Congo,CAF,7,FC_Lorient,Lorient,2018–2021,2018,2021,no
Yoane Wissa,DR Congo,CAF,8,Brentford_F.C.,Brentford,2021–2025,2021,2025,no
Yoane Wissa,DR Congo,CAF,9,Newcastle_United_F.C.,Newcastle United,2025–,2025,,no
Matthieu Epolo,DR Congo,CAF,1,Standard_Li%C3%A8ge,Standard Liège B,2022–2024,2022,2024,no
Matthieu Epolo,DR Congo,CAF,2,Standard_Li%C3%A8ge,Standard Liège,2024–,2024,,no
Chancel Mbemba,DR Congo,CAF,1,R.S.C._Anderlecht,Anderlecht,2013–2015,2013,2015,no
Chancel Mbemba,DR Congo,CAF,2,Newcastle_United_F.C.,Newcastle United,2015–2018,2015,2018,no
Chancel Mbemba,DR Congo,CAF,3,FC_Porto,Porto,2018–2022,2018,2022,no
Chancel Mbemba,DR Congo,CAF,4,Olympique_de_Marseille,Marseille,2022–2025,2022,2025,no
Chancel Mbemba,DR Congo,CAF,5,Lille_OSC,Lille,2025–,2025,,no
Simon Banza,DR Congo,CAF,1,RC_Lens,Lens B,2014–2019,2014,2019,no
Simon Banza,DR Congo,CAF,2,RC_Lens,Lens,2015–2022,2015,2022,no
Simon Banza,DR Congo,CAF,3,AS_B%C3%A9ziers_(2007),Béziers,2017,2017,2017,yes
Simon Banza,DR Congo,CAF,4,Union_Titus_P%C3%A9tange,UT Pétange,2017–2018,2017,2018,yes
Simon Banza,DR Congo,CAF,5,F.C._Famalic%C3%A3o,Famalicão,2021–2022,2021,2022,yes
Simon Banza,DR Congo,CAF,6,S.C._Braga,Braga,2022–2025,2022,2025,no
Simon Banza,DR Congo,CAF,7,Trabzonspor,Trabzonspor,2024–2025,2024,2025,yes
Simon Banza,DR Congo,CAF,8,Al_Jazira_Club,Al Jazira,2025–,2025,,no
Gédéon Kalulu,DR Congo,CAF,1,Olympique_Lyonnais_Reserves_and_Academy,Lyon B,2015–2019,2015,2019,no
Gédéon Kalulu,DR Congo,CAF,2,Football_Bourg-en-Bresse_P%C3%A9ronnas_01,Bourg-en-Bresse,2018–2019,2018,2019,yes
Gédéon Kalulu,DR Congo,CAF,3,AC_Ajaccio,Ajaccio,2019–2022,2019,2022,no
Gédéon Kalulu,DR Congo,CAF,4,FC_Lorient,Lorient,2022–2025,2022,2025,no
Gédéon Kalulu,DR Congo,CAF,5,Aris_Limassol_FC,Aris Limassol,2025–,2025,,no
Edo Kayembe,DR Congo,CAF,1,R.S.C._Anderlecht,Anderlecht,2017–2020,2017,2020,no
Edo Kayembe,DR Congo,CAF,2,K.A.S._Eupen,Eupen,2020–2022,2020,2022,no
Edo Kayembe,DR Congo,CAF,3,Watford_F.C.,Watford,2022–,2022,,no
Arthur Masuaku,DR Congo,CAF,1,Valenciennes_FC,Valenciennes,2013–2014,2013,2014,no
Arthur Masuaku,DR Congo,CAF,2,Olympiacos_F.C.,Olympiacos,2014–2016,2014,2016,no
Arthur Masuaku,DR Congo,CAF,3,West_Ham_United_F.C.,West Ham United,2016–2023,2016,2023,no
Arthur Masuaku,DR Congo,CAF,4,Be%C5%9Fikta%C5%9F_J.K.,Beşiktaş,2022–2023,2022,2023,yes
Arthur Masuaku,DR Congo,CAF,5,Be%C5%9Fikta%C5%9F_J.K.,Beşiktaş,2023–2025,2023,2025,no
Arthur Masuaku,DR Congo,CAF,6,Sunderland_A.F.C.,Sunderland,2025–,2025,,no
Arthur Masuaku,DR Congo,CAF,7,RC_Lens,Lens,2026–,2026,,yes
Diogo Costa,Portugal,UEFA,1,FC_Porto_B,Porto B,2017–2021,2017,2021,no
Diogo Costa,Portugal,UEFA,2,FC_Porto,Porto,2019–,2019,,no
Nélson Semedo,Portugal,UEFA,1,S.U._Sintrense,Sintrense,2011–2012,2011,2012,no
Nélson Semedo,Portugal,UEFA,2,S.L._Benfica_B,Benfica B,2012–2016,2012,2016,no
Nélson Semedo,Portugal,UEFA,3,C.D._F%C3%A1tima,Fátima,2012–2013,2012,2013,yes
Nélson Semedo,Portugal,UEFA,4,S.L._Benfica,Benfica,2015–2017,2015,2017,no
Nélson Semedo,Portugal,UEFA,5,FC_Barcelona,Barcelona,2017–2020,2017,2020,no
Nélson Semedo,Portugal,UEFA,6,Wolverhampton_Wanderers_F.C.,Wolverhampton Wanderers,2020–2025,2020,2025,no
Nélson Semedo,Portugal,UEFA,7,Fenerbah%C3%A7e_S.K._(football),Fenerbahçe,2025–,2025,,no
Rúben Dias,Portugal,UEFA,1,S.L._Benfica_B,Benfica B,2015–2017,2015,2017,no
Rúben Dias,Portugal,UEFA,2,S.L._Benfica,Benfica,2017–2020,2017,2020,no
Rúben Dias,Portugal,UEFA,3,Manchester_City_F.C.,Manchester City,2020–,2020,,no
Tomás Araújo,Portugal,UEFA,1,S.L._Benfica_B,Benfica B,2020–2022,2020,2022,no
Tomás Araújo,Portugal,UEFA,2,S.L._Benfica,Benfica,2021–,2021,,no
Tomás Araújo,Portugal,UEFA,3,Gil_Vicente_F.C.,Gil Vicente,2022–2023,2022,2023,yes
Diogo Dalot,Portugal,UEFA,1,FC_Porto_B,Porto B,2017–2018,2017,2018,no
Diogo Dalot,Portugal,UEFA,2,FC_Porto,Porto,2017–2018,2017,2018,no
Diogo Dalot,Portugal,UEFA,3,Manchester_United_F.C.,Manchester United,2018–,2018,,no
Diogo Dalot,Portugal,UEFA,4,AC_Milan,AC Milan,2020–2021,2020,2021,yes
Matheus Nunes,Portugal,UEFA,1,G.D.U._Ericeirense,Ericeirense,2016–2018,2016,2018,no
Matheus Nunes,Portugal,UEFA,2,G.D._Estoril_Praia,Estoril,2018–2019,2018,2019,no
Matheus Nunes,Portugal,UEFA,3,Sporting_CP,Sporting CP,2019–2022,2019,2022,no
Matheus Nunes,Portugal,UEFA,4,Wolverhampton_Wanderers_F.C.,Wolverhampton Wanderers,2022–2023,2022,2023,no
Matheus Nunes,Portugal,UEFA,5,Manchester_City_F.C.,Manchester City,2023–,2023,,no
Cristiano Ronaldo,Portugal,UEFA,1,Sporting_CP_B,Sporting CP B,2002–2003,2002,2003,no
Cristiano Ronaldo,Portugal,UEFA,2,Sporting_CP,Sporting CP,2002–2003,2002,2003,no
Cristiano Ronaldo,Portugal,UEFA,3,Manchester_United_F.C.,Manchester United,2003–2009,2003,2009,no
Cristiano Ronaldo,Portugal,UEFA,4,Real_Madrid_CF,Real Madrid,2009–2018,2009,2018,no
Cristiano Ronaldo,Portugal,UEFA,5,Juventus_FC,Juventus,2018–2021,2018,2021,no
Cristiano Ronaldo,Portugal,UEFA,6,Manchester_United_F.C.,Manchester United,2021–2022,2021,2022,no
Cristiano Ronaldo,Portugal,UEFA,7,Al-Nassr_FC,Al-Nassr,2023–,2023,,no
Bruno Fernandes,Portugal,UEFA,1,Novara_Calcio,Novara,2012–2013,2012,2013,no
Bruno Fernandes,Portugal,UEFA,2,Udinese_Calcio,Udinese,2013–2016,2013,2016,no
Bruno Fernandes,Portugal,UEFA,3,UC_Sampdoria,Sampdoria,2016–2017,2016,2017,yes
Bruno Fernandes,Portugal,UEFA,4,UC_Sampdoria,Sampdoria,2017,2017,2017,no
Bruno Fernandes,Portugal,UEFA,5,Sporting_CP,Sporting CP,2017–2020,2017,2020,no
Bruno Fernandes,Portugal,UEFA,6,Manchester_United_F.C.,Manchester United,2020–,2020,,no
Gonçalo Ramos,Portugal,UEFA,1,S.L._Benfica_B,Benfica B,2019–2021,2019,2021,no
Gonçalo Ramos,Portugal,UEFA,2,S.L._Benfica,Benfica,2020–2023,2020,2023,no
Gonçalo Ramos,Portugal,UEFA,3,Paris_Saint-Germain_FC,Paris Saint-Germain,2023,2023,2023,yes
Gonçalo Ramos,Portugal,UEFA,4,Paris_Saint-Germain_FC,Paris Saint-Germain,2023–,2023,,no
Bernardo Silva,Portugal,UEFA,1,S.L._Benfica_B,Benfica B,2013–2015,2013,2015,no
Bernardo Silva,Portugal,UEFA,2,S.L._Benfica,Benfica,2013–2015,2013,2015,no
Bernardo Silva,Portugal,UEFA,3,AS_Monaco_FC,Monaco,2014–2015,2014,2015,yes
Bernardo Silva,Portugal,UEFA,4,AS_Monaco_FC,Monaco,2015–2017,2015,2017,no
Bernardo Silva,Portugal,UEFA,5,Manchester_City_F.C.,Manchester City,2017–,2017,,no
João Félix,Portugal,UEFA,1,S.L._Benfica_B,Benfica B,2016–2018,2016,2018,no
João Félix,Portugal,UEFA,2,S.L._Benfica,Benfica,2018–2019,2018,2019,no
João Félix,Portugal,UEFA,3,Atl%C3%A9tico_Madrid,Atlético Madrid,2019–2024,2019,2024,no
João Félix,Portugal,UEFA,4,Chelsea_F.C.,Chelsea,2023,2023,2023,yes
João Félix,Portugal,UEFA,5,FC_Barcelona,Barcelona,2023–2024,2023,2024,yes
João Félix,Portugal,UEFA,6,Chelsea_F.C.,Chelsea,2024–2025,2024,2025,no
João Félix,Portugal,UEFA,7,AC_Milan,AC Milan,2025,2025,2025,yes
João Félix,Portugal,UEFA,8,Al-Nassr_FC,Al-Nassr,2025–,2025,,no
José Sá,Portugal,UEFA,1,C.S._Mar%C3%ADtimo_B,Marítimo B,2012–2015,2012,2015,no
José Sá,Portugal,UEFA,2,C.S._Mar%C3%ADtimo,Marítimo,2013–2016,2013,2016,no
José Sá,Portugal,UEFA,3,FC_Porto_B,Porto B,2016,2016,2016,no
José Sá,Portugal,UEFA,4,FC_Porto,Porto,2016–2019,2016,2019,no
José Sá,Portugal,UEFA,5,Olympiacos_F.C.,Olympiacos,2018–2019,2018,2019,yes
José Sá,Portugal,UEFA,6,Olympiacos_F.C.,Olympiacos,2019–2021,2019,2021,no
José Sá,Portugal,UEFA,7,Wolverhampton_Wanderers_F.C.,Wolverhampton Wanderers,2021–,2021,,no
Renato Veiga,Portugal,UEFA,1,Sporting_CP_B,Sporting CP B,2021–2023,2021,2023,no
Renato Veiga,Portugal,UEFA,2,FC_Augsburg,FC Augsburg,2023,2023,2023,yes
Renato Veiga,Portugal,UEFA,3,FC_Basel,Basel,2023–2024,2023,2024,no
Renato Veiga,Portugal,UEFA,4,Chelsea_F.C.,Chelsea,2024–2025,2024,2025,no
Renato Veiga,Portugal,UEFA,5,Juventus_FC,Juventus,2025,2025,2025,yes
Renato Veiga,Portugal,UEFA,6,Villarreal_CF,Villarreal,2025–,2025,,no
Gonçalo Inácio,Portugal,UEFA,1,Sporting_CP,Sporting CP,2020–,2020,,no
João Neves,Portugal,UEFA,1,S.L._Benfica_B,Benfica B,2022–2023,2022,2023,no
João Neves,Portugal,UEFA,2,S.L._Benfica,Benfica,2022–2024,2022,2024,no
João Neves,Portugal,UEFA,3,Paris_Saint-Germain_FC,Paris Saint-Germain,2024–,2024,,no
Francisco Trincão,Portugal,UEFA,1,S.C._Braga_B,Braga B,2016–2018,2016,2018,no
Francisco Trincão,Portugal,UEFA,2,S.C._Braga,Braga,2018–2020,2018,2020,no
Francisco Trincão,Portugal,UEFA,3,FC_Barcelona,Barcelona,2020–2023,2020,2023,no
Francisco Trincão,Portugal,UEFA,4,Wolverhampton_Wanderers_F.C.,Wolverhampton Wanderers,2021–2022,2021,2022,yes
Francisco Trincão,Portugal,UEFA,5,Sporting_CP,Sporting CP,2022–2023,2022,2023,yes
Francisco Trincão,Portugal,UEFA,6,Sporting_CP,Sporting CP,2023–,2023,,no
Rafael Leão,Portugal,UEFA,1,Sporting_CP_B,Sporting CP B,2017–2018,2017,2018,no
Rafael Leão,Portugal,UEFA,2,Sporting_CP,Sporting CP,2017–2018,2017,2018,no
Rafael Leão,Portugal,UEFA,3,Lille_OSC,Lille,2018–2019,2018,2019,no
Rafael Leão,Portugal,UEFA,4,AC_Milan,AC Milan,2019–,2019,,no
Pedro Neto,Portugal,UEFA,1,S.C._Braga_B,Braga B,2017,2017,2017,no
Pedro Neto,Portugal,UEFA,2,S.C._Braga,Braga,2017–2019,2017,2019,no
Pedro Neto,Portugal,UEFA,3,SS_Lazio,Lazio,2017–2019,2017,2019,yes
Pedro Neto,Portugal,UEFA,4,Wolverhampton_Wanderers_F.C.,Wolverhampton Wanderers,2019–2024,2019,2024,no
Pedro Neto,Portugal,UEFA,5,Chelsea_F.C.,Chelsea,2024–,2024,,no
Gonçalo Guedes,Portugal,UEFA,1,S.L._Benfica_B,Benfica B,2014–2016,2014,2016,no
Gonçalo Guedes,Portugal,UEFA,2,S.L._Benfica,Benfica,2014–2017,2014,2017,no
Gonçalo Guedes,Portugal,UEFA,3,Paris_Saint-Germain_FC,Paris Saint-Germain,2017–2018,2017,2018,no
Gonçalo Guedes,Portugal,UEFA,4,Valencia_CF,Valencia,2017–2018,2017,2018,yes
Gonçalo Guedes,Portugal,UEFA,5,Valencia_CF,Valencia,2018–2022,2018,2022,no
Gonçalo Guedes,Portugal,UEFA,6,Wolverhampton_Wanderers_F.C.,Wolverhampton Wanderers,2022–2025,2022,2025,no
Gonçalo Guedes,Portugal,UEFA,7,S.L._Benfica,Benfica,2023–2024,2023,2024,yes
Gonçalo Guedes,Portugal,UEFA,8,Villarreal_CF,Villarreal,2024,2024,2024,yes
Gonçalo Guedes,Portugal,UEFA,9,Real_Sociedad,Real Sociedad,2025–,2025,,no
João Cancelo,Portugal,UEFA,1,S.L._Benfica_B,Benfica B,2012–2014,2012,2014,no
João Cancelo,Portugal,UEFA,2,S.L._Benfica,Benfica,2014–2015,2014,2015,no
João Cancelo,Portugal,UEFA,3,Valencia_CF,Valencia,2014–2015,2014,2015,yes
João Cancelo,Portugal,UEFA,4,Valencia_CF,Valencia,2015–2018,2015,2018,no
João Cancelo,Portugal,UEFA,5,Inter_Milan,Inter Milan,2017–2018,2017,2018,yes
João Cancelo,Portugal,UEFA,6,Juventus_FC,Juventus,2018–2019,2018,2019,no
João Cancelo,Portugal,UEFA,7,Manchester_City_F.C.,Manchester City,2019–2024,2019,2024,no
João Cancelo,Portugal,UEFA,8,FC_Bayern_Munich,Bayern Munich,2023,2023,2023,yes
João Cancelo,Portugal,UEFA,9,FC_Barcelona,Barcelona,2023–2024,2023,2024,yes
João Cancelo,Portugal,UEFA,10,Al_Hilal_SFC,Al Hilal,2024–,2024,,no
João Cancelo,Portugal,UEFA,11,FC_Barcelona,Barcelona,2026–,2026,,yes
Rúben Neves,Portugal,UEFA,1,FC_Porto,Porto,2014–2017,2014,2017,no
Rúben Neves,Portugal,UEFA,2,Wolverhampton_Wanderers_F.C.,Wolverhampton Wanderers,2017–2023,2017,2023,no
Rúben Neves,Portugal,UEFA,3,Al_Hilal_SFC,Al-Hilal,2023–,2023,,no
Rui Silva,Portugal,UEFA,1,C.D._Nacional,Nacional,2013−2017,2013,2013,no
Rui Silva,Portugal,UEFA,2,Granada_CF,Granada,2017−2021,2017,2017,no
Rui Silva,Portugal,UEFA,3,Real_Betis,Betis,2021–2025,2021,2025,no
Rui Silva,Portugal,UEFA,4,Sporting_CP,Sporting CP,2025,2025,2025,yes
Rui Silva,Portugal,UEFA,5,Sporting_CP,Sporting CP,2025–,2025,,no
Vitinha,Portugal,UEFA,1,FC_Porto_B,Porto B,2019–2020,2019,2020,no
Vitinha,Portugal,UEFA,2,FC_Porto,Porto,2019–2022,2019,2022,no
Vitinha,Portugal,UEFA,3,Wolverhampton_Wanderers_F.C.,Wolverhampton Wanderers,2020–2021,2020,2021,yes
Vitinha,Portugal,UEFA,4,Paris_Saint-Germain_FC,Paris Saint-Germain,2022–,2022,,no
Samú Costa,Portugal,UEFA,1,S.C._Braga_B,Braga B,2019–2020,2019,2020,no
Samú Costa,Portugal,UEFA,2,S.C._Braga,Braga,2020–2021,2020,2021,no
Samú Costa,Portugal,UEFA,3,UD_Almer%C3%ADa,Almería,2020–2021,2020,2021,yes
Samú Costa,Portugal,UEFA,4,UD_Almer%C3%ADa,Almería,2021–2023,2021,2023,no
Samú Costa,Portugal,UEFA,5,RCD_Mallorca,Mallorca,2023–,2023,,no
Nuno Mendes,Portugal,UEFA,1,Sporting_CP,Sporting CP,2020–2022,2020,2022,no
Nuno Mendes,Portugal,UEFA,2,Paris_Saint-Germain_FC,Paris Saint-Germain,2021–2022,2021,2022,yes
Nuno Mendes,Portugal,UEFA,3,Paris_Saint-Germain_FC,Paris Saint-Germain,2022–,2022,,no
Francisco Conceição,Portugal,UEFA,1,FC_Porto_B,Porto B,2020–2021,2020,2021,no
Francisco Conceição,Portugal,UEFA,2,FC_Porto,Porto,2021–2022,2021,2022,no
Francisco Conceição,Portugal,UEFA,3,Jong_Ajax,Jong Ajax,2022–2023,2022,2023,no
Francisco Conceição,Portugal,UEFA,4,AFC_Ajax,Ajax,2022–2024,2022,2024,no
Francisco Conceição,Portugal,UEFA,5,FC_Porto,Porto,2023–2024,2023,2024,yes
Francisco Conceição,Portugal,UEFA,6,FC_Porto,Porto,2024–2025,2024,2025,no
Francisco Conceição,Portugal,UEFA,7,Juventus_FC,Juventus,2024–2025,2024,2025,yes
Francisco Conceição,Portugal,UEFA,8,Juventus_FC,Juventus,2025–,2025,,no
Utkir Yusupov,Uzbekistan,AFC,1,FC_Mash%27al,Mash'al Mubarek,2012–2013,2012,2013,no
Utkir Yusupov,Uzbekistan,AFC,2,FC_Nasaf,Nasaf,2014–2015,2014,2015,no
Utkir Yusupov,Uzbekistan,AFC,3,FC_Neftchi_Fergana,Neftchi Fergana,2016–2018,2016,2018,no
Utkir Yusupov,Uzbekistan,AFC,4,FC_Kokand_1912,Kokand 1912,2018–2019,2018,2019,no
Utkir Yusupov,Uzbekistan,AFC,5,FC_Navbahor,Navbahor,2019–2024,2019,2024,no
Utkir Yusupov,Uzbekistan,AFC,6,Foolad_F.C.,Foolad,2024–2026,2024,2026,no
Utkir Yusupov,Uzbekistan,AFC,7,FC_Navbahor,Navbahor,2026–,2026,,no
Abdukodir Khusanov,Uzbekistan,AFC,1,FC_Energetik-BGU_Minsk,Energetik-BGU,2022–2023,2022,2023,no
Abdukodir Khusanov,Uzbekistan,AFC,2,RC_Lens,Lens,2023–2025,2023,2025,no
Abdukodir Khusanov,Uzbekistan,AFC,3,RC_Lens,Lens B,2024,2024,2024,no
Abdukodir Khusanov,Uzbekistan,AFC,4,Manchester_City_F.C.,Manchester City,2025–,2025,,no
Khojiakbar Alijonov,Uzbekistan,AFC,1,Pakhtakor_Tashkent_FK,Pakhtakor,2016-,2016,,no
Farrukh Sayfiev,Uzbekistan,AFC,1,FC_Nasaf,Nasaf,2012–2018,2012,2018,no
Farrukh Sayfiev,Uzbekistan,AFC,2,Pakhtakor_Tashkent_FK,Pakhtakor,2018–2024,2018,2024,no
Farrukh Sayfiev,Uzbekistan,AFC,3,FC_Navbahor_Namangan,Navbahor Namangan,2024,2024,2024,no
Farrukh Sayfiev,Uzbekistan,AFC,4,FC_Neftchi_Fergana,Neftchi Fergana,2025–,2025,,no
Rustam Ashurmatov,Uzbekistan,AFC,1,FC_Bunyodkor,Bunyodkor,2015–2019,2015,2019,no
Rustam Ashurmatov,Uzbekistan,AFC,2,Gwangju_FC,Gwangju,2019–2020,2019,2020,no
Rustam Ashurmatov,Uzbekistan,AFC,3,Gangwon_FC,Gangwon,2021–2022,2021,2022,no
Rustam Ashurmatov,Uzbekistan,AFC,4,PFC_Navbahor_Namangan,Navbahor Namangan,2022,2022,2022,no
Rustam Ashurmatov,Uzbekistan,AFC,5,FC_Rubin_Kazan,Rubin Kazan,2023–2025,2023,2025,no
Rustam Ashurmatov,Uzbekistan,AFC,6,Esteghlal_F.C.,Esteghlal,2025–,2025,,no
Akmal Mozgovoy,Uzbekistan,AFC,1,FC_Nasaf,Nasaf,2018–2025,2018,2025,no
Akmal Mozgovoy,Uzbekistan,AFC,2,Baniyas_Club,Baniyas,2025–2026,2025,2026,no
Akmal Mozgovoy,Uzbekistan,AFC,3,Pakhtakor_FC,Pakhtakor,2026–,2026,,no
Otabek Shukurov,Uzbekistan,AFC,1,FK_Mash%27al_Mubarek,Mash'al Mubarek,2014,2014,2014,no
Otabek Shukurov,Uzbekistan,AFC,2,FC_Bunyodkor,Bunyodkor,2015,2015,2015,no
Otabek Shukurov,Uzbekistan,AFC,3,FK_Buxoro,Buxoro,2015,2015,2015,no
Otabek Shukurov,Uzbekistan,AFC,4,FC_Bunyodkor,Bunyodkor,2016–2018,2016,2018,no
Otabek Shukurov,Uzbekistan,AFC,5,Sharjah_FC,Sharjah,2018–2022,2018,2022,no
Otabek Shukurov,Uzbekistan,AFC,6,Fatih_Karag%C3%BCmr%C3%BCk_S.K.,Fatih Karagümrük,2022–2023,2022,2023,no
Otabek Shukurov,Uzbekistan,AFC,7,Kayserispor,Kayserispor,2024,2024,2024,no
Otabek Shukurov,Uzbekistan,AFC,8,Al-Fayha_FC,Al Fayha,2024–2025,2024,2025,no
Otabek Shukurov,Uzbekistan,AFC,9,Baniyas_Club,Baniyas,2025–,2025,,no
Jamshid Iskanderov,Uzbekistan,AFC,1,FK_Samarqand-Dinamo,Dinamo Samarqand,2011,2011,2011,no
Jamshid Iskanderov,Uzbekistan,AFC,2,Pakhtakor_Tashkent_FK,Pakhtakor Tashkent,2012–2018,2012,2018,no
Jamshid Iskanderov,Uzbekistan,AFC,3,PFC_Lokomotiv_Tashkent,Lokomotiv Tashkent,2019,2019,2019,no
Jamshid Iskanderov,Uzbekistan,AFC,4,Seongnam_FC,Seongnam,2020–2021,2020,2021,no
Jamshid Iskanderov,Uzbekistan,AFC,5,Navbahor_Namangan,Navbahor Namangan,2022–2024,2022,2024,no
Jamshid Iskanderov,Uzbekistan,AFC,6,FC_Neftchi_Fergana,Neftchi Fergana,2025–,2025,,no
Odiljon Hamrobekov,Uzbekistan,AFC,1,FC_Nasaf,Nasaf,2013–2018,2013,2018,no
Odiljon Hamrobekov,Uzbekistan,AFC,2,Pakhtakor_Tashkent_FK,Pakhtakor,2019–2020,2019,2020,no
Odiljon Hamrobekov,Uzbekistan,AFC,3,Shabab_Al-Ahli_Club,Shabab Al-Ahli,2021,2021,2021,no
Odiljon Hamrobekov,Uzbekistan,AFC,4,Pakhtakor_Tashkent_FK,Pakhtakor,2021–2023,2021,2023,no
Odiljon Hamrobekov,Uzbekistan,AFC,5,PFC_Navbahor_Namangan,Navbahor,2024,2024,2024,no
Odiljon Hamrobekov,Uzbekistan,AFC,6,Bunyodkor,Bunyodkor,2025,2025,2025,no
Odiljon Hamrobekov,Uzbekistan,AFC,7,Tractor_S.C.,Tractor,2025–,2025,,no
Ruslanbek Jiyanov,Uzbekistan,AFC,1,FK_Olympic_Tashkent,Olympic Tashkent,2021–2022,2021,2022,no
Ruslanbek Jiyanov,Uzbekistan,AFC,2,FC_Pari_Nizhny_Novgorod,Pari NN,2023–2026,2023,2026,no
Ruslanbek Jiyanov,Uzbekistan,AFC,3,FK_Olympic_Tashkent,Olympic Tashkent,2023,2023,2023,yes
Ruslanbek Jiyanov,Uzbekistan,AFC,4,PFC_Navbahor_Namangan,Navbahor,2024–2025,2024,2025,yes
Ruslanbek Jiyanov,Uzbekistan,AFC,5,PFC_Navbahor_Namangan,Navbahor,2026–,2026,,no
Oston Urunov,Uzbekistan,AFC,1,Pakhtakor_Tashkent_FK,Pakhtakor Tashkent,2017,2017,2017,no
Oston Urunov,Uzbekistan,AFC,2,PFC_Navbahor_Namangan,Navbahor Namangan,2017,2017,2017,yes
Oston Urunov,Uzbekistan,AFC,3,PFC_Navbahor_Namangan,Navbahor Namangan,2018–2019,2018,2019,no
Oston Urunov,Uzbekistan,AFC,4,PFC_Lokomotiv_Tashkent,Lokomotiv Tashkent,2019–2020,2019,2020,no
Oston Urunov,Uzbekistan,AFC,5,FC_Ufa,Ufa,2020,2020,2020,no
Oston Urunov,Uzbekistan,AFC,6,FC_Spartak_Moscow,Spartak Moscow,2020–2022,2020,2022,no
Oston Urunov,Uzbekistan,AFC,7,FC_Ufa,Ufa,2021–2022,2021,2022,yes
Oston Urunov,Uzbekistan,AFC,8,FC_Ural_Yekaterinburg,Ural Yekaterinburg,2022,2022,2022,no
Oston Urunov,Uzbekistan,AFC,9,PFC_Navbahor_Namangan,Navbahor,2023–2024,2023,2024,no
Oston Urunov,Uzbekistan,AFC,10,Persepolis_F.C.,Persepolis,2024–,2024,,no
Abduvohid Nematov,Uzbekistan,AFC,1,FC_Nasaf,Nasaf,2017–,2017,,no
Sherzod Nasrullaev,Uzbekistan,AFC,1,FC_Nasaf,Nasaf,2018–,2018,,no
Eldor Shomurodov,Uzbekistan,AFC,1,FK_Mash%27al_Mubarek,Mash'al Mubarek,2014–2015,2014,2015,no
Eldor Shomurodov,Uzbekistan,AFC,2,FC_Bunyodkor,Bunyodkor,2015–2017,2015,2017,no
Eldor Shomurodov,Uzbekistan,AFC,3,FC_Rostov,Rostov,2017–2020,2017,2020,no
Eldor Shomurodov,Uzbekistan,AFC,4,Genoa_CFC,Genoa,2020–2021,2020,2021,no
Eldor Shomurodov,Uzbekistan,AFC,5,AS_Roma,Roma,2021–,2021,,no
Eldor Shomurodov,Uzbekistan,AFC,6,Spezia_Calcio,Spezia,2023,2023,2023,yes
Eldor Shomurodov,Uzbekistan,AFC,7,Cagliari_Calcio,Cagliari,2023–2024,2023,2024,yes
Eldor Shomurodov,Uzbekistan,AFC,8,%C4%B0stanbul_Ba%C5%9Fak%C5%9Fehir_F.K.,İstanbul Başakşehir,2025–2026,2025,2026,yes
Umar Eshmurodov,Uzbekistan,AFC,1,FC_Shurtan_Guzar,Shurtan Guzar,2013–2017,2013,2017,no
Umar Eshmurodov,Uzbekistan,AFC,2,FC_Nasaf,Nasaf,2017–2019,2017,2019,no
Umar Eshmurodov,Uzbekistan,AFC,3,Pakhtakor_Tashkent_FK,Pakhtakor Tashkent,2020–2021,2020,2021,no
Umar Eshmurodov,Uzbekistan,AFC,4,FC_Nasaf,Nasaf,2020,2020,2020,yes
Umar Eshmurodov,Uzbekistan,AFC,5,FC_Nasaf,Nasaf,2021–2023,2021,2023,no
Umar Eshmurodov,Uzbekistan,AFC,6,Selangor_F.C.,Selangor,2024,2024,2024,no
Umar Eshmurodov,Uzbekistan,AFC,7,FC_Nasaf,Nasaf,2025–,2025,,no
Botirali Ergashev,Uzbekistan,AFC,1,FC_Pakhtakor_Tashkent,Pakhtakor Tashkent,2016–2018,2016,2018,no
Botirali Ergashev,Uzbekistan,AFC,2,PFC_Navbahor_Namangan,Navbahor Namangan,2018–2019,2018,2019,no
Botirali Ergashev,Uzbekistan,AFC,3,FC_Dinamo_Samarqand,Dinamo Samarqand,2019-2020,2019,2020,no
Botirali Ergashev,Uzbekistan,AFC,4,FK_Kokand_1912,Kokand 1912,2020–2021,2020,2021,no
Botirali Ergashev,Uzbekistan,AFC,5,FC_AGMK,AGMK,2021–2024,2021,2024,no
Botirali Ergashev,Uzbekistan,AFC,6,FC_Neftchi_Fergana,Neftchi Fergana,2024–,2024,,no
Dostonbek Khamdamov,Uzbekistan,AFC,1,FC_Bunyodkor,Bunyodkor,2014–2018,2014,2018,no
Dostonbek Khamdamov,Uzbekistan,AFC,2,FC_Anzhi_Makhachkala,Anzhi Makhachkala,2018–2019,2018,2019,no
Dostonbek Khamdamov,Uzbekistan,AFC,3,Pakhtakor_Tashkent_FK,Pakhtakor,2019–2020,2019,2020,no
Dostonbek Khamdamov,Uzbekistan,AFC,4,Al-Nasr_SC_(Dubai),Al-Nasr,2021,2021,2021,no
Dostonbek Khamdamov,Uzbekistan,AFC,5,Hatta_Club,Hatta,2021,2021,2021,yes
Dostonbek Khamdamov,Uzbekistan,AFC,6,Pakhtakor_Tashkent_FK,Pakhtakor,2021–,2021,,no
Dostonbek Khamdamov,Uzbekistan,AFC,7,Al-Sailiya_SC,Al-Sailiya,2022,2022,2022,yes
Abdulla Abdullaev,Uzbekistan,AFC,1,Sementchi,Sementchi,2016,2016,2016,no
Abdulla Abdullaev,Uzbekistan,AFC,2,Bunyodkor,Bunyodkor,2017–2021,2017,2021,no
Abdulla Abdullaev,Uzbekistan,AFC,3,FC_AGMK,AGMK,2022–2023,2022,2023,no
Abdulla Abdullaev,Uzbekistan,AFC,4,Khor_Fakkan_Club,Khor Fakkan,2023–2024,2023,2024,no
Abdulla Abdullaev,Uzbekistan,AFC,5,Pakhtakor_FC,Pakhtakor,2024–2025,2024,2025,no
Abdulla Abdullaev,Uzbekistan,AFC,6,Dibba_FC,Dibba,2025–,2025,,no
Azizjon Ganiev,Uzbekistan,AFC,1,FC_Nasaf,FC Nasaf,2014–2019,2014,2019,no
Azizjon Ganiev,Uzbekistan,AFC,2,Shabab_Al-Ahli_Club,Shabab Al-Ahli,2020–2024,2020,2024,no
Azizjon Ganiev,Uzbekistan,AFC,3,Al_Bataeh_Club,Al Bataeh,2024–,2024,,no
Azizbek Amonov,Uzbekistan,AFC,1,PFC_Lokomotiv_Tashkent,Lokomotiv,2017–2022,2017,2022,no
Azizbek Amonov,Uzbekistan,AFC,2,FC_Buxoro,Buxoro,2020,2020,2020,yes
Azizbek Amonov,Uzbekistan,AFC,3,Esteghlal_F.C.,Esteghlal,2022–2023,2022,2023,no
Azizbek Amonov,Uzbekistan,AFC,4,FC_Nasaf,Nasaf,2023,2023,2023,no
Azizbek Amonov,Uzbekistan,AFC,5,Khor_Fakkan_Club,Khor Fakkan,2024,2024,2024,no
Azizbek Amonov,Uzbekistan,AFC,6,FC_Neftchi_Fergana,Neftchi Fergana,2024,2024,2024,no
Azizbek Amonov,Uzbekistan,AFC,7,FC_Bunyodkor,Bunyodkor,2025,2025,2025,no
Azizbek Amonov,Uzbekistan,AFC,8,FC_Bukhara,Buxoro,2025–,2025,,no
Igor Sergeev,Uzbekistan,AFC,1,Pakhtakor_FC,Pakhtakor,2011–2018,2011,2018,no
Igor Sergeev,Uzbekistan,AFC,2,Beijing_Guoan_F.C.,Beijing Guoan,2016,2016,2016,yes
Igor Sergeev,Uzbekistan,AFC,3,Al_Dhafra_Club,Al Dhafra,2018,2018,2018,no
Igor Sergeev,Uzbekistan,AFC,4,Pakhtakor_FC,Pakhtakor,2018–2021,2018,2021,no
Igor Sergeev,Uzbekistan,AFC,5,FC_Aktobe,Aktobe,2021,2021,2021,no
Igor Sergeev,Uzbekistan,AFC,6,FC_Tobol,Tobol,2021–2023,2021,2023,no
Igor Sergeev,Uzbekistan,AFC,7,BG_Pathum_United_F.C.,BG Pathum United,2023–2024,2023,2024,no
Igor Sergeev,Uzbekistan,AFC,8,Pakhtakor_FC,Pakhtakor,2025–2026,2025,2026,no
Igor Sergeev,Uzbekistan,AFC,9,Persepolis_F.C.,Persepolis,2026–,2026,,no
Abbosbek Fayzullaev,Uzbekistan,AFC,1,Pakhtakor_FC,Pakhtakor,2021–2023,2021,2023,no
Abbosbek Fayzullaev,Uzbekistan,AFC,2,PFC_CSKA_Moscow,CSKA Moscow,2023–2025,2023,2025,no
Abbosbek Fayzullaev,Uzbekistan,AFC,3,%C4%B0stanbul_Ba%C5%9Fak%C5%9Fehir_F.K.,İstanbul Başakşehir,2025–,2025,,no
Sherzod Esanov,Uzbekistan,AFC,1,FK_Andijon,Andijon,2022–2024,2022,2024,no
Sherzod Esanov,Uzbekistan,AFC,2,FK_Olympic_Tashkent,Olympic Tashkent,2023,2023,2023,yes
Sherzod Esanov,Uzbekistan,AFC,3,FC_Akron_Tolyatti,Akron Tolyatti,2024–2025,2024,2025,no
Sherzod Esanov,Uzbekistan,AFC,4,FC_Dynamo_Brest,Dynamo Brest,2025,2025,2025,no
Sherzod Esanov,Uzbekistan,AFC,5,FC_Bukhara,Bukhara,2026–,2026,,no
Bekhruz Karimov,Uzbekistan,AFC,1,FC_Olympic_Tashkent,Olympic Tashkent,2023–2025,2023,2025,no
Bekhruz Karimov,Uzbekistan,AFC,2,FC_Surkhon,Surkhon,2025–,2025,,no
Avazbek Ulmasaliev,Uzbekistan,AFC,1,FC_Neftchi_Fergana,Neftchi Fergana,2016–2018,2016,2018,no
Avazbek Ulmasaliev,Uzbekistan,AFC,2,PFC_Lokomotiv_Tashkent,Lokomotiv Tashkent,2019–2021,2019,2021,no
Avazbek Ulmasaliev,Uzbekistan,AFC,3,FC_Bunyodkor,Bunyodkor,2021,2021,2021,yes
Avazbek Ulmasaliev,Uzbekistan,AFC,4,FC_Bunyodkor,Bunyodkor,2022–2023,2022,2023,no
Avazbek Ulmasaliev,Uzbekistan,AFC,5,FC_AGMK,AGMK,2024–,2024,,no
Jakhongir Urozov,Uzbekistan,AFC,1,Bunyodkor,Bunyodkor,2022–2023,2022,2023,no
Jakhongir Urozov,Uzbekistan,AFC,2,Ey%C3%BCpspor,Eyüpspor,2023–2024,2023,2024,no
Jakhongir Urozov,Uzbekistan,AFC,3,Dinamo_Samarqand,Dinamo Samarqand,2024,2024,2024,yes
Jakhongir Urozov,Uzbekistan,AFC,4,Dinamo_Samarqand,Dinamo Samarqand,2025–,2025,,no
Dominik Livaković,Croatia,UEFA,1,NK_Zagreb,NK Zagreb,2012–2016,2012,2016,no
Dominik Livaković,Croatia,UEFA,2,GNK_Dinamo_Zagreb,Dinamo Zagreb,2016–2023,2016,2023,no
Dominik Livaković,Croatia,UEFA,3,Fenerbah%C3%A7e_S.K._(football),Fenerbahçe,2023–,2023,,no
Dominik Livaković,Croatia,UEFA,4,Girona_FC,Girona,2025–2026,2025,2026,yes
Dominik Livaković,Croatia,UEFA,5,GNK_Dinamo_Zagreb,Dinamo Zagreb,2026–,2026,,yes
Josip Stanišić,Croatia,UEFA,1,FC_Bayern_Munich_II,Bayern Munich II,2019–2021,2019,2021,no
Josip Stanišić,Croatia,UEFA,2,FC_Bayern_Munich,Bayern Munich,2021–,2021,,no
Josip Stanišić,Croatia,UEFA,3,Bayer_04_Leverkusen,Bayer Leverkusen,2023–2024,2023,2024,yes
Marin Pongračić,Croatia,UEFA,1,TSV_1860_Munich_II,1860 Munich II,2016–2017,2016,2017,no
Marin Pongračić,Croatia,UEFA,2,TSV_1860_Munich,1860 Munich,2017,2017,2017,no
Marin Pongračić,Croatia,UEFA,3,FC_Red_Bull_Salzburg,Red Bull Salzburg,2017–2020,2017,2020,no
Marin Pongračić,Croatia,UEFA,4,VfL_Wolfsburg,VfL Wolfsburg,2020–2023,2020,2023,no
Marin Pongračić,Croatia,UEFA,5,Borussia_Dortmund,Borussia Dortmund,2021–2022,2021,2022,yes
Marin Pongračić,Croatia,UEFA,6,US_Lecce,Lecce,2022–2023,2022,2023,yes
Marin Pongračić,Croatia,UEFA,7,US_Lecce,Lecce,2023–2024,2023,2024,no
Marin Pongračić,Croatia,UEFA,8,ACF_Fiorentina,Fiorentina,2024–,2024,,no
Joško Gvardiol,Croatia,UEFA,1,GNK_Dinamo_Zagreb_Academy,Dinamo Zagreb II,2019–2020,2019,2020,no
Joško Gvardiol,Croatia,UEFA,2,GNK_Dinamo_Zagreb,Dinamo Zagreb,2019–2020,2019,2020,no
Joško Gvardiol,Croatia,UEFA,3,RB_Leipzig,RB Leipzig,2020–2023,2020,2023,no
Joško Gvardiol,Croatia,UEFA,4,GNK_Dinamo_Zagreb,Dinamo Zagreb,2020–2021,2020,2021,yes
Joško Gvardiol,Croatia,UEFA,5,Manchester_City_F.C.,Manchester City,2023–,2023,,no
Duje Ćaleta-Car,Croatia,UEFA,1,HNK_%C5%A0ibenik,Šibenik,2012–2013,2012,2013,no
Duje Ćaleta-Car,Croatia,UEFA,2,FC_Pasching,Pasching,2013–2014,2013,2014,no
Duje Ćaleta-Car,Croatia,UEFA,3,FC_Red_Bull_Salzburg,Red Bull Salzburg,2014–2018,2014,2018,no
Duje Ćaleta-Car,Croatia,UEFA,4,FC_Liefering,Liefering,2014–2015,2014,2015,yes
Duje Ćaleta-Car,Croatia,UEFA,5,Olympique_de_Marseille,Marseille,2018–2022,2018,2022,no
Duje Ćaleta-Car,Croatia,UEFA,6,Southampton_F.C.,Southampton,2022–2024,2022,2024,no
Duje Ćaleta-Car,Croatia,UEFA,7,Olympique_Lyonnais,Lyon,2023–2024,2023,2024,yes
Duje Ćaleta-Car,Croatia,UEFA,8,Olympique_Lyonnais,Lyon,2024–,2024,,no
Duje Ćaleta-Car,Croatia,UEFA,9,Real_Sociedad,Real Sociedad,2025–,2025,,yes
Josip Šutalo,Croatia,UEFA,1,GNK_Dinamo_Zagreb_II,Dinamo Zagreb II,2018–2020,2018,2020,no
Josip Šutalo,Croatia,UEFA,2,GNK_Dinamo_Zagreb,Dinamo Zagreb,2020–2023,2020,2023,no
Josip Šutalo,Croatia,UEFA,3,NK_Istra_1961,Istra 1961,2021,2021,2021,yes
Josip Šutalo,Croatia,UEFA,4,AFC_Ajax,Ajax,2023–,2023,,no
Nikola Moro,Croatia,UEFA,1,GNK_Dinamo_Zagreb_Academy,Dinamo Zagreb II,2014–2019,2014,2019,no
Nikola Moro,Croatia,UEFA,2,GNK_Dinamo_Zagreb,Dinamo Zagreb,2016–2020,2016,2020,no
Nikola Moro,Croatia,UEFA,3,FC_Dynamo_Moscow,Dynamo Moscow,2020–2023,2020,2023,no
Nikola Moro,Croatia,UEFA,4,Bologna_FC_1909,Bologna,2022–2023,2022,2023,yes
Nikola Moro,Croatia,UEFA,5,Bologna_FC_1909,Bologna,2023–,2023,,no
Mateo Kovačić,Croatia,UEFA,1,GNK_Dinamo_Zagreb,Dinamo Zagreb,2010–2013,2010,2013,no
Mateo Kovačić,Croatia,UEFA,2,Inter_Milan,Inter Milan,2013–2015,2013,2015,no
Mateo Kovačić,Croatia,UEFA,3,Real_Madrid_CF,Real Madrid,2015–2019,2015,2019,no
Mateo Kovačić,Croatia,UEFA,4,Chelsea_F.C.,Chelsea,2018–2019,2018,2019,yes
Mateo Kovačić,Croatia,UEFA,5,Chelsea_F.C.,Chelsea,2019–2023,2019,2023,no
Mateo Kovačić,Croatia,UEFA,6,Manchester_City_F.C.,Manchester City,2023–,2023,,no
Andrej Kramarić,Croatia,UEFA,1,GNK_Dinamo_Zagreb,Dinamo Zagreb,2009–2013,2009,2013,no
Andrej Kramarić,Croatia,UEFA,2,NK_Lokomotiva_Zagreb,Lokomotiva Zagreb,2012–2013,2012,2013,yes
Andrej Kramarić,Croatia,UEFA,3,HNK_Rijeka,Rijeka,2013–2015,2013,2015,no
Andrej Kramarić,Croatia,UEFA,4,Leicester_City_F.C.,Leicester City,2015–2016,2015,2016,no
Andrej Kramarić,Croatia,UEFA,5,TSG_1899_Hoffenheim,TSG Hoffenheim,2016,2016,2016,yes
Andrej Kramarić,Croatia,UEFA,6,TSG_1899_Hoffenheim,TSG Hoffenheim,2016–,2016,,no
Luka Modrić,Croatia,UEFA,1,GNK_Dinamo_Zagreb,Dinamo Zagreb,2003–2008,2003,2008,no
Luka Modrić,Croatia,UEFA,2,H%C5%A0K_Zrinjski_Mostar,Zrinjski Mostar,2003–2004,2003,2004,yes
Luka Modrić,Croatia,UEFA,3,NK_Inter_Zapre%C5%A1i%C4%87,Inter Zaprešić,2004–2005,2004,2005,yes
Luka Modrić,Croatia,UEFA,4,Tottenham_Hotspur_F.C.,Tottenham Hotspur,2008–2012,2008,2012,no
Luka Modrić,Croatia,UEFA,5,Real_Madrid_CF,Real Madrid,2012–2025,2012,2025,no
Luka Modrić,Croatia,UEFA,6,AC_Milan,AC Milan,2025–,2025,,no
Ante Budimir,Croatia,UEFA,1,HNK_Gorica,HNK Gorica,2009–2010,2009,2010,no
Ante Budimir,Croatia,UEFA,2,NK_Inter_Zapre%C5%A1i%C4%87,Inter Zaprešić,2011–2013,2011,2013,no
Ante Budimir,Croatia,UEFA,3,NK_Lokomotiva_Zagreb,Lokomotiva Zagreb,2013–2014,2013,2014,no
Ante Budimir,Croatia,UEFA,4,FC_St._Pauli,FC St. Pauli,2014–2016,2014,2016,no
Ante Budimir,Croatia,UEFA,5,FC_Crotone,Crotone,2015–2016,2015,2016,yes
Ante Budimir,Croatia,UEFA,6,UC_Sampdoria,Sampdoria,2016–2018,2016,2018,no
Ante Budimir,Croatia,UEFA,7,FC_Crotone,Crotone,2017–2018,2017,2018,yes
Ante Budimir,Croatia,UEFA,8,FC_Crotone,Crotone,2018–2019,2018,2019,no
Ante Budimir,Croatia,UEFA,9,RCD_Mallorca,Mallorca,2019,2019,2019,yes
Ante Budimir,Croatia,UEFA,10,RCD_Mallorca,Mallorca,2019–2021,2019,2021,no
Ante Budimir,Croatia,UEFA,11,CA_Osasuna,Osasuna,2020–2021,2020,2021,yes
Ante Budimir,Croatia,UEFA,12,CA_Osasuna,Osasuna,2021–,2021,,no
Ivor Pandur,Croatia,UEFA,1,HNK_Rijeka,Rijeka,2019–2020,2019,2020,no
Ivor Pandur,Croatia,UEFA,2,Hellas_Verona_F.C.,Hellas Verona,2020–2023,2020,2023,no
Ivor Pandur,Croatia,UEFA,3,Fortuna_Sittard,Fortuna Sittard,2022–2023,2022,2023,yes
Ivor Pandur,Croatia,UEFA,4,Fortuna_Sittard,Fortuna Sittard,2023–2024,2023,2024,no
Ivor Pandur,Croatia,UEFA,5,Hull_City_A.F.C.,Hull City,2024–,2024,,no
Nikola Vlašić,Croatia,UEFA,1,HNK_Hajduk_Split,Hajduk Split,2014–2017,2014,2017,no
Nikola Vlašić,Croatia,UEFA,2,Everton_F.C.,Everton,2017–2019,2017,2019,no
Nikola Vlašić,Croatia,UEFA,3,PFC_CSKA_Moscow,CSKA Moscow,2018–2019,2018,2019,yes
Nikola Vlašić,Croatia,UEFA,4,PFC_CSKA_Moscow,CSKA Moscow,2019–2021,2019,2021,no
Nikola Vlašić,Croatia,UEFA,5,West_Ham_United_F.C.,West Ham United,2021–2023,2021,2023,no
Nikola Vlašić,Croatia,UEFA,6,Torino_FC,Torino,2022–2023,2022,2023,yes
Nikola Vlašić,Croatia,UEFA,7,Torino_FC,Torino,2023–,2023,,no
Ivan Perišić,Croatia,UEFA,1,FC_Sochaux-Montb%C3%A9liard,Sochaux II,2006–2009,2006,2009,no
Ivan Perišić,Croatia,UEFA,2,K.S.V._Roeselare,Roeselare,2009,2009,2009,yes
Ivan Perišić,Croatia,UEFA,3,Club_Brugge_KV,Club Brugge,2009–2011,2009,2011,no
Ivan Perišić,Croatia,UEFA,4,Borussia_Dortmund,Borussia Dortmund,2011–2013,2011,2013,no
Ivan Perišić,Croatia,UEFA,5,VfL_Wolfsburg,VfL Wolfsburg,2013–2015,2013,2015,no
Ivan Perišić,Croatia,UEFA,6,Inter_Milan,Inter Milan,2015–2022,2015,2022,no
Ivan Perišić,Croatia,UEFA,7,FC_Bayern_Munich,Bayern Munich,2019–2020,2019,2020,yes
Ivan Perišić,Croatia,UEFA,8,Tottenham_Hotspur_F.C.,Tottenham Hotspur,2022–2024,2022,2024,no
Ivan Perišić,Croatia,UEFA,9,HNK_Hajduk_Split,Hajduk Split,2024,2024,2024,yes
Ivan Perišić,Croatia,UEFA,10,PSV_Eindhoven,PSV,2024–,2024,,no
Mario Pašalić,Croatia,UEFA,1,HNK_Hajduk_Split,Hajduk Split,2013–2014,2013,2014,no
Mario Pašalić,Croatia,UEFA,2,Chelsea_F.C.,Chelsea,2014–2020,2014,2020,no
Mario Pašalić,Croatia,UEFA,3,Elche_CF,Elche,2014–2015,2014,2015,yes
Mario Pašalić,Croatia,UEFA,4,AS_Monaco_FC,Monaco,2015–2016,2015,2016,yes
Mario Pašalić,Croatia,UEFA,5,AC_Milan,AC Milan,2016–2017,2016,2017,yes
Mario Pašalić,Croatia,UEFA,6,FC_Spartak_Moscow,Spartak Moscow,2017–2018,2017,2018,yes
Mario Pašalić,Croatia,UEFA,7,Atalanta_BC,Atalanta,2018–2020,2018,2020,yes
Mario Pašalić,Croatia,UEFA,8,Atalanta_BC,Atalanta,2020–,2020,,no
Martin Baturina,Croatia,UEFA,1,GNK_Dinamo_Zagreb,Dinamo Zagreb,2021–2025,2021,2025,no
Martin Baturina,Croatia,UEFA,2,Como_1907,Como,2025–,2025,,no
Petar Sučić,Croatia,UEFA,1,GNK_Dinamo_Zagreb,Dinamo Zagreb,2022–2025,2022,2025,no
Petar Sučić,Croatia,UEFA,2,H%C5%A0K_Zrinjski_Mostar,Zrinjski Mostar,2022–2023,2022,2023,yes
Petar Sučić,Croatia,UEFA,3,Inter_Milan,Inter Milan,2025–,2025,,no
Kristijan Jakić,Croatia,UEFA,1,RNK_Split,RNK Split,2015–2017,2015,2017,no
Kristijan Jakić,Croatia,UEFA,2,NK_Lokomotiva,Lokomotiva,2017–2020,2017,2020,no
Kristijan Jakić,Croatia,UEFA,3,NK_Istra_1961,Istra 1961,2018,2018,2018,yes
Kristijan Jakić,Croatia,UEFA,4,GNK_Dinamo_Zagreb,Dinamo Zagreb,2020–2022,2020,2022,no
Kristijan Jakić,Croatia,UEFA,5,Eintracht_Frankfurt,Eintracht Frankfurt,2021–2022,2021,2022,yes
Kristijan Jakić,Croatia,UEFA,6,Eintracht_Frankfurt,Eintracht Frankfurt,2022–2024,2022,2024,no
Kristijan Jakić,Croatia,UEFA,7,FC_Augsburg,FC Augsburg,2024,2024,2024,yes
Kristijan Jakić,Croatia,UEFA,8,FC_Augsburg,FC Augsburg,2024–,2024,,no
Toni Fruk,Croatia,UEFA,1,ACF_Fiorentina,Fiorentina,2020–2023,2020,2023,no
Toni Fruk,Croatia,UEFA,2,NK_Dubrava,Dubrava,2020–2021,2020,2021,yes
Toni Fruk,Croatia,UEFA,3,HNK_Gorica,Gorica,2021–2023,2021,2023,yes
Toni Fruk,Croatia,UEFA,4,HNK_Rijeka,Rijeka,2023–,2023,,no
Igor Matanović,Croatia,UEFA,1,FC_St._Pauli,FC St. Pauli,2020–2021,2020,2021,no
Igor Matanović,Croatia,UEFA,2,Eintracht_Frankfurt,Eintracht Frankfurt,2021–2025,2021,2025,no
Igor Matanović,Croatia,UEFA,3,FC_St._Pauli,FC St. Pauli,2021–2023,2021,2023,yes
Igor Matanović,Croatia,UEFA,4,Karlsruher_SC,Karlsruher SC,2023–2024,2023,2024,yes
Igor Matanović,Croatia,UEFA,5,SC_Freiburg,SC Freiburg,2025–,2025,,no
Luka Sučić,Croatia,UEFA,1,FC_Liefering,FC Liefering,2019–2020,2019,2020,no
Luka Sučić,Croatia,UEFA,2,FC_Red_Bull_Salzburg,Red Bull Salzburg,2020–2024,2020,2024,no
Luka Sučić,Croatia,UEFA,3,Real_Sociedad,Real Sociedad,2024–,2024,,no
Luka Vušković,Croatia,UEFA,1,HNK_Hajduk_Split,Hajduk Split,2023–2025,2023,2025,no
Luka Vušković,Croatia,UEFA,2,Radomiak_Radom,Radomiak Radom,2024,2024,2024,yes
Luka Vušković,Croatia,UEFA,3,K.V.C._Westerlo,Westerlo,2024–2025,2024,2025,yes
Luka Vušković,Croatia,UEFA,4,Tottenham_Hotspur_F.C.,Tottenham Hotspur,2025–,2025,,no
Luka Vušković,Croatia,UEFA,5,Hamburger_SV,Hamburger SV,2025–2026,2025,2026,yes
Dominik Kotarski,Croatia,UEFA,1,Jong_Ajax,Jong Ajax,2018–2021,2018,2021,no
Dominik Kotarski,Croatia,UEFA,2,AFC_Ajax,Ajax,2019–2022,2019,2022,no
Dominik Kotarski,Croatia,UEFA,3,HNK_Gorica,Gorica,2021–2022,2021,2022,yes
Dominik Kotarski,Croatia,UEFA,4,PAOK_FC,PAOK,2022–2025,2022,2025,no
Dominik Kotarski,Croatia,UEFA,5,F.C._Copenhagen,Copenhagen,2025–,2025,,no
Marco Pašalić,Croatia,UEFA,1,VfB_Stuttgart_II,VfB Stuttgart II,2020–2021,2020,2021,no
Marco Pašalić,Croatia,UEFA,2,Borussia_Dortmund_II,Borussia Dortmund II,2021–2023,2021,2023,no
Marco Pašalić,Croatia,UEFA,3,Borussia_Dortmund,Borussia Dortmund,2021–2023,2021,2023,no
Marco Pašalić,Croatia,UEFA,4,HNK_Rijeka,HNK Rijeka,2023–2025,2023,2025,no
Marco Pašalić,Croatia,UEFA,5,Orlando_City_SC,Orlando City,2025–,2025,,no
Martin Erlić,Croatia,UEFA,1,US_Sassuolo_Calcio,Sassuolo,2017–2019,2017,2019,no
Martin Erlić,Croatia,UEFA,2,FC_S%C3%BCdtirol,Südtirol,2017–2018,2017,2018,yes
Martin Erlić,Croatia,UEFA,3,Spezia_Calcio,Spezia,2018–2019,2018,2019,yes
Martin Erlić,Croatia,UEFA,4,Spezia_Calcio,Spezia,2019–2021,2019,2021,no
Martin Erlić,Croatia,UEFA,5,US_Sassuolo_Calcio,Sassuolo,2021–2024,2021,2024,no
Martin Erlić,Croatia,UEFA,6,Spezia_Calcio,Spezia,2021–2022,2021,2022,yes
Martin Erlić,Croatia,UEFA,7,Bologna_FC_1909,Bologna,2024–2025,2024,2025,no
Martin Erlić,Croatia,UEFA,8,FC_Midtjylland,Midtjylland,2025–,2025,,no
Petar Musa,Croatia,UEFA,1,NK_Zagreb,NK Zagreb II,2015–2017,2015,2017,no
Petar Musa,Croatia,UEFA,2,NK_Inter_Zapre%C5%A1i%C4%87,Inter Zaprešić,2017,2017,2017,no
Petar Musa,Croatia,UEFA,3,SK_Slavia_Prague,Slavia Prague,2017–2022,2017,2022,no
Petar Musa,Croatia,UEFA,4,FK_Viktoria_%C5%BDi%C5%BEkov,Viktoria Žižkov,2017–2018,2017,2018,yes
Petar Musa,Croatia,UEFA,5,FC_Slovan_Liberec,Slovan Liberec,2019,2019,2019,yes
Petar Musa,Croatia,UEFA,6,1._FC_Union_Berlin,Union Berlin,2021,2021,2021,yes
Petar Musa,Croatia,UEFA,7,Boavista_F.C.,Boavista,2021–2022,2021,2022,yes
Petar Musa,Croatia,UEFA,8,S.L._Benfica,Benfica,2022–2024,2022,2024,no
Petar Musa,Croatia,UEFA,9,FC_Dallas,FC Dallas,2024–,2024,,no
Jordan Pickford,England,UEFA,1,Sunderland_A.F.C.,Sunderland,2011–2017,2011,2017,no
Jordan Pickford,England,UEFA,2,Darlington_F.C.,Darlington,2012,2012,2012,yes
Jordan Pickford,England,UEFA,3,Alfreton_Town_F.C.,Alfreton Town,2013,2013,2013,yes
Jordan Pickford,England,UEFA,4,Burton_Albion_F.C.,Burton Albion,2013,2013,2013,yes
Jordan Pickford,England,UEFA,5,Carlisle_United_F.C.,Carlisle United,2014,2014,2014,yes
Jordan Pickford,England,UEFA,6,Bradford_City_A.F.C.,Bradford City,2014–2015,2014,2015,yes
Jordan Pickford,England,UEFA,7,Preston_North_End_F.C.,Preston North End,2015–2016,2015,2016,yes
Jordan Pickford,England,UEFA,8,Everton_F.C.,Everton,2017–,2017,,no
Ezri Konsa,England,UEFA,1,Charlton_Athletic_F.C.,Charlton Athletic,2016–2018,2016,2018,no
Ezri Konsa,England,UEFA,2,Brentford_F.C.,Brentford,2018–2019,2018,2019,no
Ezri Konsa,England,UEFA,3,Aston_Villa_F.C.,Aston Villa,2019–,2019,,no
Nico O'Reilly,England,UEFA,1,Manchester_City_F.C.,Manchester City,2024–,2024,,no
Declan Rice,England,UEFA,1,West_Ham_United_F.C.,West Ham United,2015–2023,2015,2023,no
Declan Rice,England,UEFA,2,Arsenal_F.C.,Arsenal,2023–,2023,,no
John Stones,England,UEFA,1,Barnsley_F.C.,Barnsley,2011–2013,2011,2013,no
John Stones,England,UEFA,2,Everton_F.C.,Everton,2013–2016,2013,2016,no
John Stones,England,UEFA,3,Manchester_City_F.C.,Manchester City,2016–,2016,,no
Marc Guéhi,England,UEFA,1,Chelsea_F.C.,Chelsea,2019–2021,2019,2021,no
Marc Guéhi,England,UEFA,2,Swansea_City_A.F.C.,Swansea City,2020–2021,2020,2021,yes
Marc Guéhi,England,UEFA,3,Crystal_Palace_F.C.,Crystal Palace,2021–2026,2021,2026,no
Marc Guéhi,England,UEFA,4,Manchester_City_F.C.,Manchester City,2026–,2026,,no
Bukayo Saka,England,UEFA,1,Arsenal_F.C.,Arsenal,2018–,2018,,no
Elliot Anderson,England,UEFA,1,Newcastle_United_F.C.,Newcastle United,2021–2024,2021,2024,no
Elliot Anderson,England,UEFA,2,Bristol_Rovers_F.C.,Bristol Rovers,2022,2022,2022,yes
Elliot Anderson,England,UEFA,3,Nottingham_Forest_F.C.,Nottingham Forest,2024–,2024,,no
Harry Kane,England,UEFA,1,Tottenham_Hotspur_F.C.,Tottenham Hotspur,2009–2023,2009,2023,no
Harry Kane,England,UEFA,2,Leyton_Orient_F.C.,Leyton Orient,2011,2011,2011,yes
Harry Kane,England,UEFA,3,Millwall_F.C.,Millwall,2012,2012,2012,yes
Harry Kane,England,UEFA,4,Norwich_City_F.C.,Norwich City,2012–2013,2012,2013,yes
Harry Kane,England,UEFA,5,Leicester_City_F.C.,Leicester City,2013,2013,2013,yes
Harry Kane,England,UEFA,6,FC_Bayern_Munich,Bayern Munich,2023–,2023,,no
Jude Bellingham,England,UEFA,1,Birmingham_City_F.C.,Birmingham City,2019–2020,2019,2020,no
Jude Bellingham,England,UEFA,2,Borussia_Dortmund,Borussia Dortmund,2020–2023,2020,2023,no
Jude Bellingham,England,UEFA,3,Real_Madrid_CF,Real Madrid,2023–,2023,,no
Marcus Rashford,England,UEFA,1,Manchester_United_F.C.,Manchester United,2015–,2015,,no
Marcus Rashford,England,UEFA,2,Aston_Villa_F.C.,Aston Villa,2025,2025,2025,yes
Marcus Rashford,England,UEFA,3,FC_Barcelona,Barcelona,2025–2026,2025,2026,yes
Trevoh Chalobah,England,UEFA,1,Chelsea_F.C.,Chelsea,2018–,2018,,no
Trevoh Chalobah,England,UEFA,2,Ipswich_Town_F.C.,Ipswich Town,2018–2019,2018,2019,yes
Trevoh Chalobah,England,UEFA,3,Huddersfield_Town_A.F.C.,Huddersfield Town,2019–2020,2019,2020,yes
Trevoh Chalobah,England,UEFA,4,FC_Lorient,Lorient,2020–2021,2020,2021,yes
Trevoh Chalobah,England,UEFA,5,Crystal_Palace_F.C.,Crystal Palace,2024–2025,2024,2025,yes
Dean Henderson,England,UEFA,1,Manchester_United_F.C.,Manchester United,2015–2023,2015,2023,no
Dean Henderson,England,UEFA,2,Stockport_County_F.C.,Stockport County,2016,2016,2016,yes
Dean Henderson,England,UEFA,3,Grimsby_Town_F.C.,Grimsby Town,2016–2017,2016,2017,yes
Dean Henderson,England,UEFA,4,Shrewsbury_Town_F.C.,Shrewsbury Town,2017–2018,2017,2018,yes
Dean Henderson,England,UEFA,5,Sheffield_United_F.C.,Sheffield United,2018–2020,2018,2020,yes
Dean Henderson,England,UEFA,6,Nottingham_Forest_F.C.,Nottingham Forest,2022–2023,2022,2023,yes
Dean Henderson,England,UEFA,7,Crystal_Palace_F.C.,Crystal Palace,2023–,2023,,no
Jordan Henderson,England,UEFA,1,Sunderland_A.F.C.,Sunderland,2008–2011,2008,2011,no
Jordan Henderson,England,UEFA,2,Coventry_City_F.C.,Coventry City,2009,2009,2009,yes
Jordan Henderson,England,UEFA,3,Liverpool_F.C.,Liverpool,2011–2023,2011,2023,no
Jordan Henderson,England,UEFA,4,Al-Ettifaq_FC,Al-Ettifaq,2023–2024,2023,2024,no
Jordan Henderson,England,UEFA,5,AFC_Ajax,Ajax,2024–2025,2024,2025,no
Jordan Henderson,England,UEFA,6,Brentford_F.C.,Brentford,2025–,2025,,no
Dan Burn,England,UEFA,1,Darlington_F.C.,Darlington,2009–2011,2009,2011,no
Dan Burn,England,UEFA,2,Fulham_F.C.,Fulham,2011–2016,2011,2016,no
Dan Burn,England,UEFA,3,Yeovil_Town_F.C.,Yeovil Town,2012–2013,2012,2013,yes
Dan Burn,England,UEFA,4,Birmingham_City_F.C.,Birmingham City,2013–2014,2013,2014,yes
Dan Burn,England,UEFA,5,Wigan_Athletic_F.C.,Wigan Athletic,2016–2018,2016,2018,no
Dan Burn,England,UEFA,6,Brighton_%26_Hove_Albion_F.C.,Brighton & Hove Albion,2018–2022,2018,2022,no
Dan Burn,England,UEFA,7,Wigan_Athletic_F.C.,Wigan Athletic,2018–2019,2018,2019,yes
Dan Burn,England,UEFA,8,Newcastle_United_F.C.,Newcastle United,2022–,2022,,no
Kobbie Mainoo,England,UEFA,1,Manchester_United_F.C.,Manchester United,2022–,2022,,no
Morgan Rogers,England,UEFA,1,West_Bromwich_Albion_F.C.,West Bromwich Albion,2019,2019,2019,no
Morgan Rogers,England,UEFA,2,Manchester_City_F.C.,Manchester City,2019–2023,2019,2023,no
Morgan Rogers,England,UEFA,3,Lincoln_City_F.C.,Lincoln City,2021,2021,2021,yes
Morgan Rogers,England,UEFA,4,AFC_Bournemouth,Bournemouth,2021–2022,2021,2022,yes
Morgan Rogers,England,UEFA,5,Blackpool_F.C.,Blackpool,2023,2023,2023,yes
Morgan Rogers,England,UEFA,6,Middlesbrough_F.C.,Middlesbrough,2023–2024,2023,2024,no
Morgan Rogers,England,UEFA,7,Aston_Villa_F.C.,Aston Villa,2024–,2024,,no
Anthony Gordon,England,UEFA,1,Everton_F.C.,Everton,2017–2023,2017,2023,no
Anthony Gordon,England,UEFA,2,Preston_North_End_F.C.,Preston North End,2021,2021,2021,yes
Anthony Gordon,England,UEFA,3,Newcastle_United_F.C.,Newcastle United,2023–,2023,,no
Ollie Watkins,England,UEFA,1,Exeter_City_F.C.,Exeter City,2014–2017,2014,2017,no
Ollie Watkins,England,UEFA,2,Weston-super-Mare_A.F.C.,Weston-super-Mare,2014–2015,2014,2015,yes
Ollie Watkins,England,UEFA,3,Brentford_F.C.,Brentford,2017–2020,2017,2020,no
Ollie Watkins,England,UEFA,4,Aston_Villa_F.C.,Aston Villa,2020–,2020,,no
Noni Madueke,England,UEFA,1,Jong_PSV,Jong PSV,2019–2020,2019,2020,no
Noni Madueke,England,UEFA,2,PSV_Eindhoven,PSV Eindhoven,2019–2023,2019,2023,no
Noni Madueke,England,UEFA,3,Chelsea_F.C.,Chelsea,2023–2025,2023,2025,no
Noni Madueke,England,UEFA,4,Arsenal_F.C.,Arsenal,2025–,2025,,no
Eberechi Eze,England,UEFA,1,Queens_Park_Rangers_F.C.,Queens Park Rangers,2016–2020,2016,2020,no
Eberechi Eze,England,UEFA,2,Wycombe_Wanderers_F.C.,Wycombe Wanderers,2017–2018,2017,2018,yes
Eberechi Eze,England,UEFA,3,Crystal_Palace_F.C.,Crystal Palace,2020–2025,2020,2025,no
Eberechi Eze,England,UEFA,4,Arsenal_F.C.,Arsenal,2025–,2025,,no
Ivan Toney,England,UEFA,1,Northampton_Town_F.C.,Northampton Town,2012–2015,2012,2015,no
Ivan Toney,England,UEFA,2,Newcastle_United_F.C.,Newcastle United,2015–2018,2015,2018,no
Ivan Toney,England,UEFA,3,Barnsley_F.C.,Barnsley,2015,2015,2015,yes
Ivan Toney,England,UEFA,4,Barnsley_F.C.,Barnsley,2016,2016,2016,yes
Ivan Toney,England,UEFA,5,Shrewsbury_Town_F.C.,Shrewsbury Town,2016–2017,2016,2017,yes
Ivan Toney,England,UEFA,6,Scunthorpe_United_F.C.,Scunthorpe United,2017,2017,2017,yes
Ivan Toney,England,UEFA,7,Wigan_Athletic_F.C.,Wigan Athletic,2017–2018,2017,2018,yes
Ivan Toney,England,UEFA,8,Scunthorpe_United_F.C.,Scunthorpe United,2018,2018,2018,yes
Ivan Toney,England,UEFA,9,Peterborough_United_F.C.,Peterborough United,2018–2020,2018,2020,no
Ivan Toney,England,UEFA,10,Brentford_F.C.,Brentford,2020–2024,2020,2024,no
Ivan Toney,England,UEFA,11,Al-Ahli_Saudi_FC,Al-Ahli,2024–,2024,,no
James Trafford,England,UEFA,1,Manchester_City_F.C.,Manchester City,2021–2023,2021,2023,no
James Trafford,England,UEFA,2,Accrington_Stanley_F.C.,Accrington Stanley,2021–2022,2021,2022,yes
James Trafford,England,UEFA,3,Bolton_Wanderers_F.C.,Bolton Wanderers,2022,2022,2022,yes
James Trafford,England,UEFA,4,Bolton_Wanderers_F.C.,Bolton Wanderers,2022–2023,2022,2023,yes
James Trafford,England,UEFA,5,Burnley_F.C.,Burnley,2023–2025,2023,2025,no
James Trafford,England,UEFA,6,Manchester_City_F.C.,Manchester City,2025–,2025,,no
Reece James,England,UEFA,1,Chelsea_F.C.,Chelsea,2018–,2018,,no
Reece James,England,UEFA,2,Wigan_Athletic_F.C.,Wigan Athletic,2018–2019,2018,2019,yes
Djed Spence,England,UEFA,1,Middlesbrough_F.C.,Middlesbrough,2018–2022,2018,2022,no
Djed Spence,England,UEFA,2,Nottingham_Forest_F.C.,Nottingham Forest,2021–2022,2021,2022,yes
Djed Spence,England,UEFA,3,Tottenham_Hotspur_F.C.,Tottenham Hotspur,2022–,2022,,no
Djed Spence,England,UEFA,4,Stade_Rennais_FC,Rennes,2023,2023,2023,yes
Djed Spence,England,UEFA,5,Leeds_United_F.C.,Leeds United,2023–2024,2023,2024,yes
Djed Spence,England,UEFA,6,Genoa_CFC,Genoa,2024,2024,2024,yes
Jarell Quansah,England,UEFA,1,Liverpool_F.C.,Liverpool,2023–2025,2023,2025,no
Jarell Quansah,England,UEFA,2,Bristol_Rovers_F.C.,Bristol Rovers,2023,2023,2023,yes
Jarell Quansah,England,UEFA,3,Bayer_04_Leverkusen,Bayer Leverkusen,2025–,2025,,no
Lawrence Ati-Zigi,Ghana,CAF,1,FC_Red_Bull_Salzburg,Red Bull Salzburg,2015–2017,2015,2017,no
Lawrence Ati-Zigi,Ghana,CAF,2,FC_Liefering,FC Liefering,2015–2017,2015,2017,yes
Lawrence Ati-Zigi,Ghana,CAF,3,FC_Sochaux-Montb%C3%A9liard,Sochaux,2017–2020,2017,2020,no
Lawrence Ati-Zigi,Ghana,CAF,4,FC_St._Gallen,St. Gallen,2020–,2020,,no
Alidu Seidu,Ghana,CAF,1,Clermont_Foot,Clermont II,2019–2021,2019,2021,no
Alidu Seidu,Ghana,CAF,2,Clermont_Foot,Clermont,2020–2024,2020,2024,no
Alidu Seidu,Ghana,CAF,3,Stade_Rennais_F.C.,Rennes,2024–,2024,,no
Caleb Yirenkyi,Ghana,CAF,1,FC_Nordsj%C3%A6lland,Nordsjælland,2024–,2024,,no
Jonas Adjetey,Ghana,CAF,1,FC_Basel,Basel U21,2022–2023,2022,2023,no
Jonas Adjetey,Ghana,CAF,2,FC_Basel,Basel,2023–2026,2023,2026,no
Jonas Adjetey,Ghana,CAF,3,VfL_Wolfsburg,VfL Wolfsburg,2026–,2026,,no
Thomas Partey,Ghana,CAF,1,Atl%C3%A9tico_Madrid,Atlético Madrid,2013–2020,2013,2020,no
Thomas Partey,Ghana,CAF,2,RCD_Mallorca,Mallorca,2013–2014,2013,2014,yes
Thomas Partey,Ghana,CAF,3,UD_Almer%C3%ADa,Almería,2014–2015,2014,2015,yes
Thomas Partey,Ghana,CAF,4,Arsenal_F.C.,Arsenal,2020–2025,2020,2025,no
Thomas Partey,Ghana,CAF,5,Villarreal_CF,Villarreal,2025–,2025,,no
Abdul Mumin,Ghana,CAF,1,FC_Nordsj%C3%A6lland,Nordsjælland,2016–2020,2016,2020,no
Abdul Mumin,Ghana,CAF,2,HB_K%C3%B8ge,HB Køge,2018,2018,2018,yes
Abdul Mumin,Ghana,CAF,3,Vit%C3%B3ria_S.C.,Vitória Guimarães,2020–2022,2020,2022,no
Abdul Mumin,Ghana,CAF,4,Rayo_Vallecano,Rayo Vallecano,2022–,2022,,no
Abdul Fatawu,Ghana,CAF,1,Steadfast_F.C.,Steadfast,2019–2022,2019,2022,no
Abdul Fatawu,Ghana,CAF,2,Dreams_F.C._(Ghana),Dreams,2021–2022,2021,2022,yes
Abdul Fatawu,Ghana,CAF,3,Sporting_CP,Sporting CP,2022–2024,2022,2024,no
Abdul Fatawu,Ghana,CAF,4,Sporting_CP_B,Sporting CP B,2022–2023,2022,2023,no
Abdul Fatawu,Ghana,CAF,5,Leicester_City_F.C.,Leicester City,2023–2024,2023,2024,yes
Abdul Fatawu,Ghana,CAF,6,Leicester_City_F.C.,Leicester City,2024–,2024,,no
Kwasi Sibo,Ghana,CAF,1,FC_Urartu,Banants,2017–2018,2017,2018,no
Kwasi Sibo,Ghana,CAF,2,Watford_F.C.,Watford,2018–2021,2018,2021,no
Kwasi Sibo,Ghana,CAF,3,KF_Sk%C3%ABnderbeu_Kor%C3%A7%C3%AB,Skënderbeu Korçë,2019,2019,2019,yes
Kwasi Sibo,Ghana,CAF,4,UD_Ibiza,Ibiza,2019–2021,2019,2021,yes
Kwasi Sibo,Ghana,CAF,5,Betis_Deportivo_Balompi%C3%A9,Betis B,2021–2022,2021,2022,no
Kwasi Sibo,Ghana,CAF,6,SD_Amorebieta,Amorebieta,2022–2024,2022,2024,no
Kwasi Sibo,Ghana,CAF,7,Real_Oviedo,Oviedo,2024–,2024,,no
Jordan Ayew,Ghana,CAF,1,Olympique_de_Marseille,Marseille,2009–2014,2009,2014,no
Jordan Ayew,Ghana,CAF,2,FC_Sochaux-Montb%C3%A9liard,Sochaux,2014,2014,2014,yes
Jordan Ayew,Ghana,CAF,3,FC_Lorient,Lorient,2014–2015,2014,2015,no
Jordan Ayew,Ghana,CAF,4,Aston_Villa_F.C.,Aston Villa,2015–2017,2015,2017,no
Jordan Ayew,Ghana,CAF,5,Swansea_City_A.F.C.,Swansea City,2017–2019,2017,2019,no
Jordan Ayew,Ghana,CAF,6,Crystal_Palace_F.C.,Crystal Palace,2018–2019,2018,2019,yes
Jordan Ayew,Ghana,CAF,7,Crystal_Palace_F.C.,Crystal Palace,2019–2024,2019,2024,no
Jordan Ayew,Ghana,CAF,8,Leicester_City_F.C.,Leicester City,2024–,2024,,no
Brandon Thomas-Asante,Ghana,CAF,1,Milton_Keynes_Dons_F.C.,Milton Keynes Dons,2016–2019,2016,2019,no
Brandon Thomas-Asante,Ghana,CAF,2,Sutton_United_F.C.,Sutton United,2018–2019,2018,2019,yes
Brandon Thomas-Asante,Ghana,CAF,3,Oxford_City_F.C.,Oxford City,2019,2019,2019,yes
Brandon Thomas-Asante,Ghana,CAF,4,Ebbsfleet_United_F.C.,Ebbsfleet United,2019,2019,2019,no
Brandon Thomas-Asante,Ghana,CAF,5,Salford_City_F.C.,Salford City,2019–2022,2019,2022,no
Brandon Thomas-Asante,Ghana,CAF,6,West_Bromwich_Albion_F.C.,West Bromwich Albion,2022–2024,2022,2024,no
Brandon Thomas-Asante,Ghana,CAF,7,Coventry_City_F.C.,Coventry City,2024–,2024,,no
Antoine Semenyo,Ghana,CAF,1,Highworth_Town_F.C.,Highworth Town,2017,2017,2017,no
Antoine Semenyo,Ghana,CAF,2,Bristol_City_F.C.,Bristol City,2018–2023,2018,2023,no
Antoine Semenyo,Ghana,CAF,3,Bath_City_F.C.,Bath City,2018,2018,2018,yes
Antoine Semenyo,Ghana,CAF,4,Newport_County_A.F.C.,Newport County,2018–2019,2018,2019,yes
Antoine Semenyo,Ghana,CAF,5,Sunderland_A.F.C.,Sunderland,2020,2020,2020,yes
Antoine Semenyo,Ghana,CAF,6,AFC_Bournemouth,Bournemouth,2023–2026,2023,2026,no
Antoine Semenyo,Ghana,CAF,7,Manchester_City_F.C.,Manchester City,2026–,2026,,no
Joseph Anang,Ghana,CAF,1,West_Ham_United_F.C.,West Ham United,2021–2024,2021,2024,no
Joseph Anang,Ghana,CAF,2,Stevenage_F.C.,Stevenage,2021–2022,2021,2022,yes
Joseph Anang,Ghana,CAF,3,St_Patrick%27s_Athletic_F.C.,St Patrick's Athletic,2022,2022,2022,yes
Joseph Anang,Ghana,CAF,4,Derby_County_F.C.,Derby County,2022–2023,2022,2023,yes
Joseph Anang,Ghana,CAF,5,St_Patrick%27s_Athletic_F.C.,St Patrick's Athletic,2024–,2024,,no
Christopher Bonsu Baah,Ghana,CAF,1,Sarpsborg_08_FF,Sarpsborg 08,2023,2023,2023,no
Christopher Bonsu Baah,Ghana,CAF,2,K.R.C._Genk,Genk,2023–2025,2023,2025,no
Christopher Bonsu Baah,Ghana,CAF,3,Al_Qadsiah_FC,Al-Qadsiah,2025–,2025,,no
Gideon Mensah,Ghana,CAF,1,West_African_Football_Academy,WAFA,2015–2016,2015,2016,no
Gideon Mensah,Ghana,CAF,2,FC_Liefering,FC Liefering,2016–2017,2016,2017,no
Gideon Mensah,Ghana,CAF,3,FC_Red_Bull_Salzburg,Red Bull Salzburg,2017–2022,2017,2022,no
Gideon Mensah,Ghana,CAF,4,SK_Sturm_Graz,Sturm Graz,2019,2019,2019,yes
Gideon Mensah,Ghana,CAF,5,S.V._Zulte_Waregem,Zulte Waregem,2019–2020,2019,2020,yes
Gideon Mensah,Ghana,CAF,6,Vit%C3%B3ria_S.C.,Vitória de Guimarães,2020–2021,2020,2021,yes
Gideon Mensah,Ghana,CAF,7,FC_Girondins_de_Bordeaux,Bordeaux,2021–2022,2021,2022,yes
Gideon Mensah,Ghana,CAF,8,AJ_Auxerre,Auxerre,2022–,2022,,no
Elisha Owusu,Ghana,CAF,1,Olympique_Lyonnais_Reserves_and_Academy,Lyon B,2015–2018,2015,2018,no
Elisha Owusu,Ghana,CAF,2,Olympique_Lyonnais,Lyon,2017–2019,2017,2019,no
Elisha Owusu,Ghana,CAF,3,FC_Sochaux-Montb%C3%A9liard,Sochaux,2018–2019,2018,2019,yes
Elisha Owusu,Ghana,CAF,4,K.A.A._Gent,Gent,2019–2023,2019,2023,no
Elisha Owusu,Ghana,CAF,5,AJ_Auxerre,Auxerre,2023–,2023,,no
Benjamin Asare,Ghana,CAF,1,Accra_City_Stars_F.C.,Accra City Stars,2018–2020,2018,2020,no
Benjamin Asare,Ghana,CAF,2,Accra_Great_Olympics_F.C.,Great Olympics,2020–2024,2020,2024,no
Benjamin Asare,Ghana,CAF,3,Accra_Hearts_of_Oak_S.C.,Hearts of Oak,2024–,2024,,no
Abdul Rahman Baba,Ghana,CAF,1,Asante_Kotoko_F.C.,Asante Kotoko,2011–2012,2011,2012,yes
Abdul Rahman Baba,Ghana,CAF,2,SpVgg_Greuther_F%C3%BCrth,Greuther Fürth,2012–2014,2012,2014,no
Abdul Rahman Baba,Ghana,CAF,3,FC_Augsburg,FC Augsburg,2014–2015,2014,2015,no
Abdul Rahman Baba,Ghana,CAF,4,Chelsea_F.C.,Chelsea,2015–2023,2015,2023,no
Abdul Rahman Baba,Ghana,CAF,5,FC_Schalke_04,Schalke 04,2016–2017,2016,2017,yes
Abdul Rahman Baba,Ghana,CAF,6,FC_Schalke_04,Schalke 04,2018–2019,2018,2019,yes
Abdul Rahman Baba,Ghana,CAF,7,Stade_de_Reims,Reims,2019,2019,2019,yes
Abdul Rahman Baba,Ghana,CAF,8,RCD_Mallorca,Mallorca,2019–2020,2019,2020,yes
Abdul Rahman Baba,Ghana,CAF,9,PAOK_FC,PAOK,2021,2021,2021,yes
Abdul Rahman Baba,Ghana,CAF,10,Reading_F.C.,Reading,2021–2022,2021,2022,yes
Abdul Rahman Baba,Ghana,CAF,11,Reading_F.C.,Reading,2022–2023,2022,2023,yes
Abdul Rahman Baba,Ghana,CAF,12,PAOK_FC,PAOK,2023–,2023,,no
Jerome Opoku,Ghana,CAF,1,Fulham_F.C.,Fulham,2019–2022,2019,2022,no
Jerome Opoku,Ghana,CAF,2,Accrington_Stanley_F.C.,Accrington Stanley,2019–2020,2019,2020,yes
Jerome Opoku,Ghana,CAF,3,Plymouth_Argyle_F.C.,Plymouth Argyle,2020–2021,2020,2021,yes
Jerome Opoku,Ghana,CAF,4,Vejle_Boldklub,Vejle,2021–2022,2021,2022,yes
Jerome Opoku,Ghana,CAF,5,F.C._Arouca,Arouca,2022–2024,2022,2024,no
Jerome Opoku,Ghana,CAF,6,%C4%B0stanbul_Ba%C5%9Fak%C5%9Fehir_F.K.,İstanbul Başakşehir,2023–2024,2023,2024,yes
Jerome Opoku,Ghana,CAF,7,%C4%B0stanbul_Ba%C5%9Fak%C5%9Fehir_F.K.,İstanbul Başakşehir,2024–,2024,,no
Iñaki Williams,Ghana,CAF,1,CD_Basconia,Basconia,2013–2014,2013,2014,no
Iñaki Williams,Ghana,CAF,2,Athletic_Bilbao_B,Bilbao Athletic,2014–2015,2014,2015,no
Iñaki Williams,Ghana,CAF,3,Athletic_Bilbao,Athletic Bilbao,2014–,2014,,no
Augustine Boakye,Ghana,CAF,1,West_African_Football_Academy,WAFA,2018–2021,2018,2021,no
Augustine Boakye,Ghana,CAF,2,Wolfsberger_AC,Wolfsberger AC,2021–2024,2021,2024,no
Augustine Boakye,Ghana,CAF,3,Wolfsberger_AC,Wolfsberger AC II,2021–2022,2021,2022,no
Augustine Boakye,Ghana,CAF,4,AS_Saint-%C3%89tienne,Saint-Étienne,2024–,2024,,no
Kojo Peprah Oppong,Ghana,CAF,1,Attram_De_Visser_Soccer_Academy,Attram De Visser,0000 –2022,0000,2022,no
Kojo Peprah Oppong,Ghana,CAF,2,IFK_Norrk%C3%B6ping,IFK Norrköping,2023–2025,2023,2025,no
Kojo Peprah Oppong,Ghana,CAF,3,GIF_Sundsvall,GIF Sundsvall,2023–2024,2023,2024,yes
Kojo Peprah Oppong,Ghana,CAF,4,OGC_Nice,Nice,2025–,2025,,no
Kamaldeen Sulemana,Ghana,CAF,1,FC_Nordsj%C3%A6lland,Nordsjælland,2020–2021,2020,2021,no
Kamaldeen Sulemana,Ghana,CAF,2,Stade_Rennais_FC,Rennes,2021–2023,2021,2023,no
Kamaldeen Sulemana,Ghana,CAF,3,Southampton_F.C.,Southampton,2023–2025,2023,2025,no
Kamaldeen Sulemana,Ghana,CAF,4,Atalanta_BC,Atalanta,2025–,2025,,no
Derrick Luckassen,Ghana,CAF,1,AZ_Alkmaar,AZ,2014–2017,2014,2017,no
Derrick Luckassen,Ghana,CAF,2,PSV_Eindhoven,PSV,2017–2022,2017,2022,no
Derrick Luckassen,Ghana,CAF,3,Hertha_BSC,Hertha,2018–2019,2018,2019,yes
Derrick Luckassen,Ghana,CAF,4,R.S.C._Anderlecht,Anderlecht,2019–2021,2019,2021,yes
Derrick Luckassen,Ghana,CAF,5,Kas%C4%B1mpa%C5%9Fa_S.K.,Kasımpaşa,2021,2021,2021,yes
Derrick Luckassen,Ghana,CAF,6,Fatih_Karag%C3%BCmr%C3%BCk_S.K.,Fatih Karagümrük,2021–2022,2021,2022,yes
Derrick Luckassen,Ghana,CAF,7,Maccabi_Tel_Aviv_F.C.,Maccabi Tel Aviv,2022–2024,2022,2024,no
Derrick Luckassen,Ghana,CAF,8,Pafos_FC,Pafos,2024–,2024,,no
Ernest Nuamah,Ghana,CAF,1,FC_Nordsj%C3%A6lland,Nordsjælland,2022–2023,2022,2023,no
Ernest Nuamah,Ghana,CAF,2,R.W.D._Molenbeek_(2015),RWD Molenbeek,2023–2024,2023,2024,no
Ernest Nuamah,Ghana,CAF,3,Olympique_Lyonnais,Lyon,2023–2024,2023,2024,yes
Ernest Nuamah,Ghana,CAF,4,Olympique_Lyonnais,Lyon,2024–,2024,,no
Prince Kwabena Adu,Ghana,CAF,1,Bechem_United_F.C.,Bechem United,2019–2022,2019,2022,no
Prince Kwabena Adu,Ghana,CAF,2,FC_Isloch_Minsk_Raion,Isloch Minsk Raion,2023,2023,2023,no
Prince Kwabena Adu,Ghana,CAF,3,FC_Kryvbas_Kryvyi_Rih_(2020),Kryvbas Kryvyi Rih,2023–2024,2023,2024,no
Prince Kwabena Adu,Ghana,CAF,4,FC_Viktoria_Plze%C5%88,Viktoria Plzeň,2024–,2024,,no
Marvin Senaya,Ghana,CAF,1,RC_Strasbourg_Alsace,Strasbourg II,2019–2024,2019,2024,no
Marvin Senaya,Ghana,CAF,2,RC_Strasbourg_Alsace,Strasbourg,2021–2025,2021,2025,no
Marvin Senaya,Ghana,CAF,3,FC_Sochaux-Montb%C3%A9liard,Sochaux,2021–2022,2021,2022,yes
Marvin Senaya,Ghana,CAF,4,Rodez_AF,Rodez,2022–2023,2022,2023,yes
Marvin Senaya,Ghana,CAF,5,FC_Lausanne-Sport,Lausanne-Sport,2025,2025,2025,yes
Marvin Senaya,Ghana,CAF,6,AJ_Auxerre,Auxerre,2025–,2025,,no
Luis Mejía,Panama,CONCACAF,1,Centro_Atl%C3%A9tico_F%C3%A9nix,Fénix,2010–2015,2010,2015,no
Luis Mejía,Panama,CONCACAF,2,Toulouse_FC,Toulouse FC,2011,2011,2011,yes
Luis Mejía,Panama,CONCACAF,3,Club_Nacional_de_Football,Nacional,2015–2021,2015,2021,no
Luis Mejía,Panama,CONCACAF,4,Centro_Atl%C3%A9tico_F%C3%A9nix,Fénix,2021,2021,2021,no
Luis Mejía,Panama,CONCACAF,5,Uni%C3%B3n_Espa%C3%B1ola,Unión Española,2022–2024,2022,2024,no
Luis Mejía,Panama,CONCACAF,6,Racing_Club_de_Montevideo,Racing de Montevideo,2023,2023,2023,yes
Luis Mejía,Panama,CONCACAF,7,Club_Nacional_de_Football,Nacional,2024–,2024,,no
César Blackman,Panama,CONCACAF,1,Chorrillo_F.C.,Chorrillo,2015–2017,2015,2017,no
César Blackman,Panama,CONCACAF,2,FC_DAC_1904_Dunajsk%C3%A1_Streda,DAC Dunajská Streda,2017–2023,2017,2023,no
César Blackman,Panama,CONCACAF,3,%C5%A0K_Slovan_Bratislava,Slovan Bratislava,2023–,2023,,no
José Córdoba,Panama,CONCACAF,1,C.A._Independiente_de_La_Chorrera,Independiente,2018–2020,2018,2020,no
José Córdoba,Panama,CONCACAF,2,Celta_de_Vigo_B,Celta B,2020,2020,2020,no
José Córdoba,Panama,CONCACAF,3,SFC_Etar_Veliko_Tarnovo,Etar Veliko Tarnovo,2021–2022,2021,2022,no
José Córdoba,Panama,CONCACAF,4,PFC_Levski_Sofia,Levski Sofia,2021–2022,2021,2022,yes
José Córdoba,Panama,CONCACAF,5,PFC_Levski_Sofia,Levski Sofia,2022–2024,2022,2024,no
José Córdoba,Panama,CONCACAF,6,Norwich_City_F.C.,Norwich City,2024–,2024,,no
Fidel Escobar,Panama,CONCACAF,1,San_Francisco_F.C.,San Francisco,2012–2013,2012,2013,no
Fidel Escobar,Panama,CONCACAF,2,Sporting_San_Miguelito,San Miguelito,2014–2020,2014,2020,no
Fidel Escobar,Panama,CONCACAF,3,Sporting_CP_B,Sporting B,2016–2017,2016,2017,yes
Fidel Escobar,Panama,CONCACAF,4,New_York_Red_Bulls,New York Red Bulls,2017–2018,2017,2018,yes
Fidel Escobar,Panama,CONCACAF,5,New_York_Red_Bulls_II,New York Red Bulls II,2017–2018,2017,2018,yes
Fidel Escobar,Panama,CONCACAF,6,Correcaminos_UAT,Correcaminos UAT,2019,2019,2019,yes
Fidel Escobar,Panama,CONCACAF,7,C%C3%B3rdoba_CF,Córdoba,2019–2020,2019,2020,yes
Fidel Escobar,Panama,CONCACAF,8,AD_Alcorc%C3%B3n,Alcorcón,2020–2022,2020,2022,no
Fidel Escobar,Panama,CONCACAF,9,Cultural_Leonesa,Cultural Leonesa,2022,2022,2022,yes
Fidel Escobar,Panama,CONCACAF,10,Deportivo_Saprissa,Deportivo Saprissa,2022–,2022,,no
Edgardo Fariña,Panama,CONCACAF,1,S.D._Atl%C3%A9tico_Nacional,Atlético Nacional,2020–2021,2020,2021,no
Edgardo Fariña,Panama,CONCACAF,2,C.A._Independiente_de_La_Chorrera,CAI,2021–2024,2021,2024,no
Edgardo Fariña,Panama,CONCACAF,3,Club_Deportivo_Universitario,Universitario,2022–2023,2022,2023,yes
Edgardo Fariña,Panama,CONCACAF,4,C.S.D._Municipal,Municipal,2023–2024,2023,2024,yes
Edgardo Fariña,Panama,CONCACAF,5,FC_Khimki,Khimki,2024–2025,2024,2025,no
Edgardo Fariña,Panama,CONCACAF,6,FC_Pari_Nizhny_Novgorod,Pari Nizhny Novgorod,2025–,2025,,no
Cristian Martínez,Panama,CONCACAF,1,Chorrillo_F.C.,Chorrillo,2013–2017,2013,2017,no
Cristian Martínez,Panama,CONCACAF,2,Columbus_Crew,Columbus Crew,2016,2016,2016,yes
Cristian Martínez,Panama,CONCACAF,3,Pittsburgh_Riverhounds_SC,Pittsburgh Riverhounds,2016,2016,2016,yes
Cristian Martínez,Panama,CONCACAF,4,Columbus_Crew,Columbus Crew,2017–2018,2017,2018,no
Cristian Martínez,Panama,CONCACAF,5,FC_Cincinnati_(2016%E2%80%932018),FC Cincinnati,2017,2017,2017,yes
Cristian Martínez,Panama,CONCACAF,6,Chicago_Fire_FC,Chicago Fire,2019,2019,2019,no
Cristian Martínez,Panama,CONCACAF,7,Las_Vegas_Lights_FC,Las Vegas Lights,2019,2019,2019,yes
Cristian Martínez,Panama,CONCACAF,8,C%C3%A1diz_CF_B,Cádiz B,2020–2023,2020,2023,no
Cristian Martínez,Panama,CONCACAF,9,Recreativo_de_Huelva,Recreativo de Huelva,2020,2020,2020,yes
Cristian Martínez,Panama,CONCACAF,10,C.D._Plaza_Amador,Plaza Amador,2021,2021,2021,yes
Cristian Martínez,Panama,CONCACAF,11,Monagas_S.C.,Monagas,2022–2023,2022,2023,yes
Cristian Martínez,Panama,CONCACAF,12,Najran_SC,Najran,2023,2023,2023,no
Cristian Martínez,Panama,CONCACAF,13,C.D._Plaza_Amador,Plaza Amador,2023–2025,2023,2025,no
Cristian Martínez,Panama,CONCACAF,14,Al_Jandal_SC,Al-Jandal,2023–2024,2023,2024,yes
Cristian Martínez,Panama,CONCACAF,15,Hapoel_Ironi_Kiryat_Shmona_F.C.,Ironi Kiryat Shmona,2024–2025,2024,2025,yes
Cristian Martínez,Panama,CONCACAF,16,Hapoel_Ironi_Kiryat_Shmona_F.C.,Ironi Kiryat Shmona,2025–,2025,,no
José Luis Rodríguez,Panama,CONCACAF,1,Uni%C3%B3n_Deportivo_Universitario,Chorrillo,2015–2016,2015,2016,no
José Luis Rodríguez,Panama,CONCACAF,2,K.A.A._Gent,Gent II,2016,2016,2016,yes
José Luis Rodríguez,Panama,CONCACAF,3,K.A.A._Gent,Gent II,2016–2018,2016,2018,no
José Luis Rodríguez,Panama,CONCACAF,4,NK_Istra_1961,Istra 1961,2018,2018,2018,no
José Luis Rodríguez,Panama,CONCACAF,5,Deportivo_Alav%C3%A9s_B,Alavés B,2019–2020,2019,2020,no
José Luis Rodríguez,Panama,CONCACAF,6,Deportivo_Alav%C3%A9s,Alavés,2020–2022,2020,2022,no
José Luis Rodríguez,Panama,CONCACAF,7,CD_Lugo,Lugo,2020–2021,2020,2021,yes
José Luis Rodríguez,Panama,CONCACAF,8,Sporting_de_Gij%C3%B3n,Sporting Gijón,2021–2022,2021,2022,yes
José Luis Rodríguez,Panama,CONCACAF,9,F.C._Famalic%C3%A3o,Famalicão,2022–2024,2022,2024,no
José Luis Rodríguez,Panama,CONCACAF,10,Red_Star_Belgrade,Red Star Belgrade,2024–2025,2024,2025,no
José Luis Rodríguez,Panama,CONCACAF,11,FC_Ju%C3%A1rez,Juárez,2024–2025,2024,2025,yes
José Luis Rodríguez,Panama,CONCACAF,12,FC_Ju%C3%A1rez,Juárez,2025–,2025,,no
Adalberto Carrasquilla,Panama,CONCACAF,1,Tauro_F.C.,Tauro,2014–2019,2014,2019,no
Adalberto Carrasquilla,Panama,CONCACAF,2,FC_Cartagena,Cartagena,2019,2019,2019,yes
Adalberto Carrasquilla,Panama,CONCACAF,3,FC_Cartagena,Cartagena,2020–2022,2020,2022,no
Adalberto Carrasquilla,Panama,CONCACAF,4,Houston_Dynamo_FC,Houston Dynamo,2021–2022,2021,2022,yes
Adalberto Carrasquilla,Panama,CONCACAF,5,Houston_Dynamo_FC,Houston Dynamo,2022–2024,2022,2024,no
Adalberto Carrasquilla,Panama,CONCACAF,6,Pumas_UNAM,Pumas UNAM,2025–,2025,,no
Tomás Rodríguez,Panama,CONCACAF,1,Alianza_F.C._(Panama),Alianza,2016–2020,2016,2020,no
Tomás Rodríguez,Panama,CONCACAF,2,Sporting_San_Miguelito,Sporting San Miguelito,2020–2023,2020,2023,no
Tomás Rodríguez,Panama,CONCACAF,3,Monagas_S.C.,Monagas,2024–,2024,,no
Tomás Rodríguez,Panama,CONCACAF,4,Deportivo_Saprissa,Deportivo Saprissa,2025–,2025,,yes
Ismael Díaz,Panama,CONCACAF,1,Tauro_F.C.,Tauro,2012–2017,2012,2017,no
Ismael Díaz,Panama,CONCACAF,2,FC_Porto_B,Porto B,2015–2017,2015,2017,yes
Ismael Díaz,Panama,CONCACAF,3,Deportivo_Fabril,Deportivo B,2017–2018,2017,2018,no
Ismael Díaz,Panama,CONCACAF,4,El_Tanque_Sisley,El Tanque Sisley,2018–2019,2018,2019,no
Ismael Díaz,Panama,CONCACAF,5,Acad%C3%A9mico_de_Viseu_F.C.,Académico Viseu,2019,2019,2019,no
Ismael Díaz,Panama,CONCACAF,6,Tauro_F.C.,Tauro,2020–2022,2020,2022,no
Ismael Díaz,Panama,CONCACAF,7,C.D._Universidad_Cat%C3%B3lica_del_Ecuador,Universidad Católica (ECU),2022–2025,2022,2025,no
Ismael Díaz,Panama,CONCACAF,8,Club_Le%C3%B3n,León,2025–,2025,,no
Yoel Bárcenas,Panama,CONCACAF,1,C.D._%C3%81rabe_Unido,Árabe Unido,2012–2017,2012,2017,no
Yoel Bárcenas,Panama,CONCACAF,2,RNK_Split,RNK Split,2016,2016,2016,yes
Yoel Bárcenas,Panama,CONCACAF,3,Cafetaleros_de_Tapachula,Cafetaleros,2017–2018,2017,2018,yes
Yoel Bárcenas,Panama,CONCACAF,4,Club_Tijuana,Tijuana,2018–2022,2018,2022,no
Yoel Bárcenas,Panama,CONCACAF,5,Real_Oviedo,Oviedo,2018–2020,2018,2020,yes
Yoel Bárcenas,Panama,CONCACAF,6,Girona_FC,Girona,2020–2021,2020,2021,yes
Yoel Bárcenas,Panama,CONCACAF,7,CD_Legan%C3%A9s,Leganés,2021–2022,2021,2022,yes
Yoel Bárcenas,Panama,CONCACAF,8,Mazatl%C3%A1n_F.C.,Mazatlán,2022–2026,2022,2026,no
César Samudio,Panama,CONCACAF,1,Chepo_F.C.,Chepo,2013–2016,2013,2016,no
César Samudio,Panama,CONCACAF,2,Atl%C3%A9tico_Verag%C3%BCense,Atlético Veragüense,2016–2017,2016,2017,no
César Samudio,Panama,CONCACAF,3,Club_Deportivo_del_Este,Costa del Este,2018–2019,2018,2019,no
César Samudio,Panama,CONCACAF,4,C.D._Plaza_Amador,Plaza Amador,2019,2019,2019,no
César Samudio,Panama,CONCACAF,5,Club_Deportivo_del_Este,Costa del Este,2020,2020,2020,no
César Samudio,Panama,CONCACAF,6,C.A._Independiente_de_La_Chorrera,CAI,2021–2023,2021,2023,no
César Samudio,Panama,CONCACAF,7,C.D._Marath%C3%B3n,Marathón,2023,2023,2023,yes
César Samudio,Panama,CONCACAF,8,C.D._Marath%C3%B3n,Marathón,2023–,2023,,no
Jiovany Ramos,Panama,CONCACAF,1,San_Francisco_F.C.,San Francisco,2016–2020,2016,2020,no
Jiovany Ramos,Panama,CONCACAF,2,C.A._Independiente_de_La_Chorrera,CAI,2020–,2020,,no
Jiovany Ramos,Panama,CONCACAF,3,Atl%C3%A9tico_Venezuela_C.F.,Atlético Venezuela,2021,2021,2021,yes
Jiovany Ramos,Panama,CONCACAF,4,Deportivo_La_Guaira_F.C.,Deportivo La Guaira,2022,2022,2022,yes
Jiovany Ramos,Panama,CONCACAF,5,Deportivo_T%C3%A1chira_F.C.,Deportivo Táchira,2023,2023,2023,yes
Jiovany Ramos,Panama,CONCACAF,6,Club_Alianza_Lima,Alianza Lima,2024,2024,2024,yes
Jiovany Ramos,Panama,CONCACAF,7,Academia_Puerto_Cabello,Puerto Cabello,2025–,2025,,yes
Carlos Harvey,Panama,CONCACAF,1,Tauro_F.C.,Tauro,2018–2021,2018,2021,no
Carlos Harvey,Panama,CONCACAF,2,LA_Galaxy_II,LA Galaxy II,2019–2020,2019,2020,yes
Carlos Harvey,Panama,CONCACAF,3,LA_Galaxy,LA Galaxy,2020,2020,2020,yes
Carlos Harvey,Panama,CONCACAF,4,LA_Galaxy,LA Galaxy,2021–2022,2021,2022,no
Carlos Harvey,Panama,CONCACAF,5,LA_Galaxy_II,LA Galaxy II,2021–2022,2021,2022,yes
Carlos Harvey,Panama,CONCACAF,6,Phoenix_Rising_FC,Phoenix Rising,2023,2023,2023,no
Carlos Harvey,Panama,CONCACAF,7,Minnesota_United_FC,Minnesota United,2024–,2024,,no
Carlos Harvey,Panama,CONCACAF,8,Minnesota_United_FC_2,Minnesota United 2,2024–,2024,,no
Eric Davis,Panama,CONCACAF,1,Club_Deportivo_%C3%81rabe_Unido,Árabe Unido,2009–2011,2009,2011,no
Eric Davis,Panama,CONCACAF,2,Centro_Atl%C3%A9tico_F%C3%A9nix,Fénix,2011–2013,2011,2013,no
Eric Davis,Panama,CONCACAF,3,Club_Deportivo_%C3%81rabe_Unido,Árabe Unido,2013,2013,2013,yes
Eric Davis,Panama,CONCACAF,4,Sporting_San_Miguelito,Sporting San Miguelito,2013–2015,2013,2015,no
Eric Davis,Panama,CONCACAF,5,FC_DAC_1904_Dunajsk%C3%A1_Streda,DAC Dunajská Streda,2015–2023,2015,2023,no
Eric Davis,Panama,CONCACAF,6,D.C._United,D.C. United,2023,2023,2023,no
Eric Davis,Panama,CONCACAF,7,FC_Ko%C5%A1ice_(2018),FC Košice,2024,2024,2024,no
Eric Davis,Panama,CONCACAF,8,Vila_Nova_Futebol_Clube,Vila Nova,2024–2025,2024,2025,no
Eric Davis,Panama,CONCACAF,9,C.D._Plaza_Amador,Plaza Amador,2025–,2025,,no
Andrés Andrade,Panama,CONCACAF,1,San_Francisco_F.C.,San Francisco,2016–2017,2016,2017,no
Andrés Andrade,Panama,CONCACAF,2,LASK,LASK,2018–2022,2018,2022,no
Andrés Andrade,Panama,CONCACAF,3,FC_Juniors_O%C3%96,Juniors OÖ,2019–2020,2019,2020,yes
Andrés Andrade,Panama,CONCACAF,4,Arminia_Bielefeld,Arminia Bielefeld,2021–2022,2021,2022,yes
Andrés Andrade,Panama,CONCACAF,5,Arminia_Bielefeld,Arminia Bielefeld,2022–2023,2022,2023,no
Andrés Andrade,Panama,CONCACAF,6,LASK,LASK,2023–,2023,,no
José Fajardo,Panama,CONCACAF,1,C.A._Independiente_de_La_Chorrera,CAI,2017–2021,2017,2021,no
José Fajardo,Panama,CONCACAF,2,Al-Kawkab_FC,Al-Kawkab,2018–2019,2018,2019,yes
José Fajardo,Panama,CONCACAF,3,La_Equidad,La Equidad,2020,2020,2020,yes
José Fajardo,Panama,CONCACAF,4,Club_9_de_Octubre,9 de Octubre,2021,2021,2021,no
José Fajardo,Panama,CONCACAF,5,Cusco_FC,Cusco FC,2022–2023,2022,2023,no
José Fajardo,Panama,CONCACAF,6,D.C._United,D.C. United,2023,2023,2023,no
José Fajardo,Panama,CONCACAF,7,C.A._Independiente_de_La_Chorrera,CAI,2024–2025,2024,2025,no
José Fajardo,Panama,CONCACAF,8,C.D._Universidad_Cat%C3%B3lica_del_Ecuador,Universidad Católica,2024–2025,2024,2025,yes
José Fajardo,Panama,CONCACAF,9,C.D._Universidad_Cat%C3%B3lica_del_Ecuador,Universidad Católica,2025–,2025,,no
Cecilio Waterman,Panama,CONCACAF,1,Sporting_San_Miguelito,Sporting San Miguelito,2010,2010,2010,no
Cecilio Waterman,Panama,CONCACAF,2,Centro_Atl%C3%A9tico_F%C3%A9nix,Fénix,2011–2020,2011,2020,no
Cecilio Waterman,Panama,CONCACAF,3,Venados_F.C.,Venados,2016,2016,2016,yes
Cecilio Waterman,Panama,CONCACAF,4,Defensor_Sporting,Defensor Sporting,2017–2018,2017,2018,yes
Cecilio Waterman,Panama,CONCACAF,5,Club_Plaza_Colonia_de_Deportes,Plaza Colonia,2019,2019,2019,yes
Cecilio Waterman,Panama,CONCACAF,6,CDUdeC,Universidad de Concepción,2020–2022,2020,2022,no
Cecilio Waterman,Panama,CONCACAF,7,Everton_de_Vi%C3%B1a_del_Mar,Everton,2021,2021,2021,yes
Cecilio Waterman,Panama,CONCACAF,8,C.D._Cobresal,Cobresal,2022,2022,2022,yes
Cecilio Waterman,Panama,CONCACAF,9,C.D._Cobresal,Cobresal,2023,2023,2023,no
Cecilio Waterman,Panama,CONCACAF,10,Club_Alianza_Lima,Alianza Lima,2024,2024,2024,no
Cecilio Waterman,Panama,CONCACAF,11,Coquimbo_Unido,Coquimbo Unido,2025,2025,2025,no
Cecilio Waterman,Panama,CONCACAF,12,CDUdeC,Universidad de Concepción,2026–,2026,,no
Alberto Quintero,Panama,CONCACAF,1,Club_Deportivo_Universitario,Chorrillo,2006–2008,2006,2008,no
Alberto Quintero,Panama,CONCACAF,2,Torrellano_Illice_CF,Torrellano,2008–2009,2008,2009,no
Alberto Quintero,Panama,CONCACAF,3,FC_Cartagena,Cartagena,2009–2010,2009,2010,no
Alberto Quintero,Panama,CONCACAF,4,Ontinyent_CF,Ontinyent,2010–2011,2010,2011,no
Alberto Quintero,Panama,CONCACAF,5,Club_Deportivo_Universitario,Chorrillo,2011–2013,2011,2013,no
Alberto Quintero,Panama,CONCACAF,6,Independiente_Medell%C3%ADn,Independiente Medellín,2012,2012,2012,yes
Alberto Quintero,Panama,CONCACAF,7,Lobos_BUAP,Lobos BUAP,2013–2014,2013,2014,no
Alberto Quintero,Panama,CONCACAF,8,Venados_F.C.,Mérida,2014,2014,2014,no
Alberto Quintero,Panama,CONCACAF,9,Mineros_de_Zacatecas,Mineros,2014,2014,2014,no
Alberto Quintero,Panama,CONCACAF,10,Lobos_BUAP,Lobos BUAP,2015–2016,2015,2016,no
Alberto Quintero,Panama,CONCACAF,11,San_Jose_Earthquakes,San Jose Earthquakes,2016,2016,2016,yes
Alberto Quintero,Panama,CONCACAF,12,Club_Universitario_de_Deportes,Universitario,2017–2022,2017,2022,no
Alberto Quintero,Panama,CONCACAF,13,Cienciano,Cienciano,2023,2023,2023,no
Alberto Quintero,Panama,CONCACAF,14,C.D._Plaza_Amador,Plaza Amador,2024–,2024,,no
Aníbal Godoy,Panama,CONCACAF,1,Chepo_F.C.,Chepo,2007–2013,2007,2013,no
Aníbal Godoy,Panama,CONCACAF,2,Godoy_Cruz_Antonio_Tomba,Godoy Cruz,2012,2012,2012,yes
Aníbal Godoy,Panama,CONCACAF,3,Budapest_Honv%C3%A9d_FC,Honvéd,2013–2015,2013,2015,no
Aníbal Godoy,Panama,CONCACAF,4,San_Jose_Earthquakes,San Jose Earthquakes,2015–2019,2015,2019,no
Aníbal Godoy,Panama,CONCACAF,5,Nashville_SC,Nashville SC,2020–2024,2020,2024,no
Aníbal Godoy,Panama,CONCACAF,6,San_Diego_FC,San Diego FC,2025–,2025,,no
César Yanis,Panama,CONCACAF,1,San_Francisco_F.C.,San Francisco,2014–2016,2014,2016,no
César Yanis,Panama,CONCACAF,2,Uni%C3%B3n_Deportivo_Universitario,Chorrillo,2016–2017,2016,2017,no
César Yanis,Panama,CONCACAF,3,Potros_del_Este,Costa del Este,2017–2020,2017,2020,no
César Yanis,Panama,CONCACAF,4,Potros_del_Este,Deportivo del Este,2021,2021,2021,no
César Yanis,Panama,CONCACAF,5,Real_Zaragoza,Zaragoza,2021,2021,2021,yes
César Yanis,Panama,CONCACAF,6,Potros_del_Este,Potros del Este,2022–2023,2022,2023,no
César Yanis,Panama,CONCACAF,7,Zamora_CF,Zamora,2022,2022,2022,yes
César Yanis,Panama,CONCACAF,8,A.D._San_Carlos,San Carlos,2023–,2023,,no
César Yanis,Panama,CONCACAF,9,C.D._Cobresal,Cobresal,2025,2025,2025,yes
César Yanis,Panama,CONCACAF,10,C.D._Cobresal,Cobresal,2026–,2026,,no
Orlando Mosquera,Panama,CONCACAF,1,Sporting_San_Miguelito,Sporting San Miguelito,2012–2017,2012,2017,no
Orlando Mosquera,Panama,CONCACAF,2,Tauro_F.C.,Tauro,2017–2020,2017,2020,no
Orlando Mosquera,Panama,CONCACAF,3,Boluspor,Boluspor,2020–2021,2020,2021,no
Orlando Mosquera,Panama,CONCACAF,4,Club_Always_Ready,Always Ready,2021,2021,2021,no
Orlando Mosquera,Panama,CONCACAF,5,Carabobo_F.C.,Carabobo,2022,2022,2022,no
Orlando Mosquera,Panama,CONCACAF,6,Monagas_S.C.,Monagas,2023,2023,2023,no
Orlando Mosquera,Panama,CONCACAF,7,Maccabi_Tel_Aviv_F.C.,Maccabi Tel Aviv,2023–2024,2023,2024,no
Orlando Mosquera,Panama,CONCACAF,8,Al-Fayha_FC,Al-Fayha,2024–,2024,,no
Michael Amir Murillo,Panama,CONCACAF,1,San_Francisco_F.C.,San Francisco,2014–2017,2014,2017,no
Michael Amir Murillo,Panama,CONCACAF,2,New_York_Red_Bulls,New York Red Bulls,2017,2017,2017,yes
Michael Amir Murillo,Panama,CONCACAF,3,New_York_Red_Bulls_II,New York Red Bulls II,2017,2017,2017,yes
Michael Amir Murillo,Panama,CONCACAF,4,New_York_Red_Bulls,New York Red Bulls,2018–2019,2018,2019,no
Michael Amir Murillo,Panama,CONCACAF,5,R.S.C._Anderlecht,Anderlecht,2020–2023,2020,2023,no
Michael Amir Murillo,Panama,CONCACAF,6,Olympique_de_Marseille,Marseille,2023–2026,2023,2026,no
Michael Amir Murillo,Panama,CONCACAF,7,Be%C5%9Fikta%C5%9F_J.K.,Beşiktaş,2026–,2026,,no
Azarias Londoño,Panama,CONCACAF,1,Alianza_F.C._(Panama),Alianza,2020–,2020,,no
Azarias Londoño,Panama,CONCACAF,2,O%26M_FC,O&M,2021,2021,2021,yes
Azarias Londoño,Panama,CONCACAF,3,Comunicaciones_F.C.,Comunicaciones,2022–2023,2022,2023,yes
Azarias Londoño,Panama,CONCACAF,4,S.C.U._Torreense,Torreense,2023,2023,2023,yes
Azarias Londoño,Panama,CONCACAF,5,Comunicaciones_F.C.,Comunicaciones,2024,2024,2024,yes
Azarias Londoño,Panama,CONCACAF,6,C.D._Universidad_Cat%C3%B3lica_del_Ecuador,Universidad Católica,2025–,2025,,yes
Roderick Miller,Panama,CONCACAF,1,San_Francisco_F.C.,San Francisco,2010–2014,2010,2014,no
Roderick Miller,Panama,CONCACAF,2,Venados_F.C.,Venados,2014,2014,2014,yes
Roderick Miller,Panama,CONCACAF,3,San_Francisco_F.C.,San Francisco,2015,2015,2015,no
Roderick Miller,Panama,CONCACAF,4,Atl%C3%A9tico_Nacional,Atlético Nacional,2016–2018,2016,2018,no
Roderick Miller,Panama,CONCACAF,5,C.D._Feirense,C.D. Feirense,2018,2018,2018,no
Roderick Miller,Panama,CONCACAF,6,FC_Okzhetpes,Okzhetpes,2019,2019,2019,no
Roderick Miller,Panama,CONCACAF,7,FC_Carlos_Stein,Carlos Stein,2020,2020,2020,no
Roderick Miller,Panama,CONCACAF,8,San_Francisco_F.C.,San Francisco,2021,2021,2021,no
Roderick Miller,Panama,CONCACAF,9,Al-Quwa_Al-Jawiya,Al-Quwa Al-Jawiya,2021–2022,2021,2022,no
Roderick Miller,Panama,CONCACAF,10,Al-Minaa_SC,Al-Minaa,2022,2022,2022,no
Roderick Miller,Panama,CONCACAF,11,Turan_Tovuz,Turan Tovuz,2023–,2023,,no
Jorge Gutiérrez,Panama,CONCACAF,1,Tauro_F.C.,Tauro,2015–2022,2015,2022,no
Jorge Gutiérrez,Panama,CONCACAF,2,UD_Melilla,Melilla,2020–2021,2020,2021,yes
Jorge Gutiérrez,Panama,CONCACAF,3,Deportivo_La_Guaira_F.C.,Deportivo La Guaira,2022–,2022,,no
